id,title,year,image_url,source,license,country,type
/401/item_7RIIRSATNG73WI7DHOPBKXMHZ7555EKS,World War II matches,1958,https://www.muis.ee/digitaalhoidla/api/meedia/originaal?id=fdd499eb-f035-4627-b243-e057c2d8b19c,Europeana,http://creativecommons.org/publicdomain/zero/1.0/,Estonia,IMAGE
/401/item_UQOAOE3XMFTA6ZVHUD6HJO6LWIMNUQQW,"Gunball brake, World War II",1943,https://www.muis.ee/digitaalhoidla/api/meedia/originaal?id=3262f959-02f4-49b6-a18c-e964f422cfc0,Europeana,http://creativecommons.org/publicdomain/zero/1.0/,Estonia,IMAGE
/9200579/hkpvqdxf,WORLD WAR II: Casualty Evaucation by jeep,2044,"https://iiif.wellcomecollection.org/image/L0031963.jpg/full/512,/0/default.jpg",Europeana,http://creativecommons.org/licenses/by/4.0/,United Kingdom,IMAGE
/9200579/s8ynvkz2,WORLD WAR II: Casualty evacuation by jeep,2045,"https://iiif.wellcomecollection.org/image/L0031962.jpg/full/512,/0/default.jpg",Europeana,http://creativecommons.org/licenses/by/4.0/,United Kingdom,IMAGE
/9200579/js3f2ysk,Mosquitoes: American soldiers in World War II...,2044,"https://iiif.wellcomecollection.org/image/L0074413.jpg/full/512,/0/default.jpg",Europeana,http://creativecommons.org/licenses/by/4.0/,United Kingdom,IMAGE
/401/item_E6ROPNMQ4C4HH4IG75SKRSGFGUO5DQ5T,Group image before World War II,1959,https://www.muis.ee/digitaalhoidla/api/meedia/originaal?id=cafbfe7f-3b25-4912-b92b-84ff3b650742,Europeana,http://creativecommons.org/publicdomain/zero/1.0/,Estonia,IMAGE
/401/item_YXIOS7XZC4IWMXSEQRHKQK4RUO3BAEI2,Grupipilt enne II maailmasõda,1960,https://www.muis.ee/digitaalhoidla/api/meedia/originaal?id=dfaa5e65-6225-403f-967d-ab373299ea05,Europeana,http://creativecommons.org/publicdomain/zero/1.0/,Estonia,IMAGE
/401/item_FUHXXRDTDRDGNN24SKQHHYEOCCOR33PN,Group image before World War II,1959,https://www.muis.ee/digitaalhoidla/api/meedia/originaal?id=1e98366d-a8a2-4dba-8992-f8a226f40218,Europeana,http://creativecommons.org/publicdomain/zero/1.0/,Estonia,IMAGE
/9200231/BibliographicResource_2000092035630,Weltkriegs-Sonette,1916,http://content.staatsbibliothek-berlin.de/dms/PPN71926376X/1200/0/00000001.jpg,Europeana,http://creativecommons.org/publicdomain/mark/1.0/,Germany,IMAGE
/2020711/DR_4099,World War II cemetery,2068,http://register.muinas.ee/content/monument/regular/38347.jpg,Europeana,http://creativecommons.org/publicdomain/zero/1.0/,Estonia,IMAGE
/125/contributions_9ca035c0_e6b2_0137_690a_6eee0af40a3a,Talking with the last witnesses of World War II,2072,http://contribute.europeana.eu/media/9c9e4f90-e6b2-0137-690a-6eee0af40a3a,Europeana,http://creativecommons.org/licenses/by-sa/4.0/,Europe,IMAGE
/2020711/DR_47,World War II common grave,2067,http://register.muinas.ee/content/monument/regular/52661.jpg,Europeana,http://creativecommons.org/publicdomain/zero/1.0/,Estonia,IMAGE
/2020711/DR_38,World War II common grave,2067,http://register.muinas.ee/content/monument/regular/28391.jpg,Europeana,http://creativecommons.org/publicdomain/zero/1.0/,Estonia,IMAGE
/2020711/DR_55,World War II common grave,2067,http://register.muinas.ee/content/monument/regular/180464.jpg,Europeana,http://creativecommons.org/publicdomain/zero/1.0/,Estonia,IMAGE
/2020711/DR_48,World War II common grave,2067,http://register.muinas.ee/content/monument/regular/182961.jpg,Europeana,http://creativecommons.org/publicdomain/zero/1.0/,Estonia,IMAGE
/2020711/DR_54,II Maailmasõjas hukkunute ühishaud,2067,http://register.muinas.ee/content/monument/regular/52510.jpg,Europeana,http://creativecommons.org/publicdomain/zero/1.0/,Estonia,IMAGE
/916105/bhm_photo_UMFA53671_0026,Gränsbevakning under andra världskriget,2033,https://mm.dimu.org/image/032wXWAkQLsH?dimension=1200x1200,Europeana,http://creativecommons.org/publicdomain/mark/1.0/,Sweden,IMAGE
/916105/bhm_photo_UMFA53671_0022,Border Guard during World War II,2033,https://mm.dimu.org/image/022wXWAkQLsA?dimension=1200x1200,Europeana,http://creativecommons.org/publicdomain/mark/1.0/,Sweden,IMAGE
/2020711/DR_4164,common grave of World War II deaths,2068,http://register.muinas.ee/content/monument/regular/107827.jpg,Europeana,http://creativecommons.org/publicdomain/zero/1.0/,Estonia,IMAGE
/2020711/DR_4160,II maailmasõjas hukkunute ühishaud,2068,http://register.muinas.ee/content/monument/regular/134278.jpg,Europeana,http://creativecommons.org/publicdomain/zero/1.0/,Estonia,IMAGE
/2020711/DR_4158,common grave of World War II deaths,2068,http://register.muinas.ee/content/monument/regular/143327.jpg,Europeana,http://creativecommons.org/publicdomain/zero/1.0/,Estonia,IMAGE
/2020711/DR_4145,common grave of World War II deaths,2068,http://register.muinas.ee/content/monument/regular/143449.jpg,Europeana,http://creativecommons.org/publicdomain/zero/1.0/,Estonia,IMAGE
/2020711/DR_4004,common grave of World War II deaths,2067,http://register.muinas.ee/content/monument/regular/109902.jpg,Europeana,http://creativecommons.org/publicdomain/zero/1.0/,Estonia,IMAGE
/2020711/DR_4172,common grave of World War II deaths,2068,http://register.muinas.ee/content/monument/regular/134344.jpg,Europeana,http://creativecommons.org/publicdomain/zero/1.0/,Estonia,IMAGE
/2020711/DR_4131,common grave of World War II deaths,2068,http://register.muinas.ee/content/monument/regular/23109.jpg,Europeana,http://creativecommons.org/publicdomain/zero/1.0/,Estonia,IMAGE
/2020711/DR_4067,common grave of World War II deaths,2068,http://register.muinas.ee/content/monument/regular/2508.jpg,Europeana,http://creativecommons.org/publicdomain/zero/1.0/,Estonia,IMAGE
/2020711/DR_4112,common grave of World War II deaths,2068,http://register.muinas.ee/content/monument/regular/1749.jpg,Europeana,http://creativecommons.org/publicdomain/zero/1.0/,Estonia,IMAGE
/2020711/DR_4169,common grave of World War II deaths,2068,http://register.muinas.ee/content/monument/regular/23130.jpg,Europeana,http://creativecommons.org/publicdomain/zero/1.0/,Estonia,IMAGE
/2020711/DR_4143,common grave of World War II deaths,2068,http://register.muinas.ee/content/monument/regular/116340.jpg,Europeana,http://creativecommons.org/publicdomain/zero/1.0/,Estonia,IMAGE
/2020711/DR_4052,common grave of World War II deaths,2067,http://register.muinas.ee/content/monument/regular/113232.jpg,Europeana,http://creativecommons.org/publicdomain/zero/1.0/,Estonia,IMAGE
/2020711/DR_3993,common grave of World War II deaths,2067,http://register.muinas.ee/content/monument/regular/110521.jpg,Europeana,http://creativecommons.org/publicdomain/zero/1.0/,Estonia,IMAGE
/2020711/DR_4094,II maailmasõjas hukkunute ühishaud,2068,http://register.muinas.ee/content/monument/regular/7090.jpg,Europeana,http://creativecommons.org/publicdomain/zero/1.0/,Estonia,IMAGE
/2020711/DR_3998,II maailmasõjas hukkunute ühishaud,2067,http://register.muinas.ee/content/monument/regular/109305.jpg,Europeana,http://creativecommons.org/publicdomain/zero/1.0/,Estonia,IMAGE
/2020711/DR_8329,II maailmasõjas hukkunute ühishaud,2068,http://register.muinas.ee/content/monument/regular/93818.jpg,Europeana,http://creativecommons.org/publicdomain/zero/1.0/,Estonia,IMAGE
/2020711/DR_8315,common grave of World War II deaths,2068,http://register.muinas.ee/content/monument/regular/5517.jpg,Europeana,http://creativecommons.org/publicdomain/zero/1.0/,Estonia,IMAGE
/2020711/DR_5851,common grave of World War II deaths,2068,http://register.muinas.ee/content/monument/regular/24203.jpg,Europeana,http://creativecommons.org/publicdomain/zero/1.0/,Estonia,IMAGE
/2020711/DR_5831,II maailmasõjas hukkunute ühishaud,2068,http://register.muinas.ee/content/monument/regular/25010.jpg,Europeana,http://creativecommons.org/publicdomain/zero/1.0/,Estonia,IMAGE
/2020711/DR_5790,common grave of World War II deaths,2067,http://register.muinas.ee/content/monument/regular/185328.jpg,Europeana,http://creativecommons.org/publicdomain/zero/1.0/,Estonia,IMAGE
/2020711/DR_5763,common grave of World War II deaths,2067,http://register.muinas.ee/content/monument/regular/48923.jpg,Europeana,http://creativecommons.org/publicdomain/zero/1.0/,Estonia,IMAGE
/2020711/DR_5762,common grave of World War II deaths,2067,http://register.muinas.ee/content/monument/regular/54557.jpg,Europeana,http://creativecommons.org/publicdomain/zero/1.0/,Estonia,IMAGE
/2020711/DR_5759,II maailmasõjas hukkunute ühishaud,2067,http://register.muinas.ee/content/monument/regular/180298.jpg,Europeana,http://creativecommons.org/publicdomain/zero/1.0/,Estonia,IMAGE
/2020711/DR_5719,common grave of World War II deaths,2067,http://register.muinas.ee/content/monument/regular/97504.jpg,Europeana,http://creativecommons.org/publicdomain/zero/1.0/,Estonia,IMAGE
/2020711/DR_5718,common grave of World War II deaths,2067,http://register.muinas.ee/content/monument/regular/22612.jpg,Europeana,http://creativecommons.org/publicdomain/zero/1.0/,Estonia,IMAGE
/2020711/DR_4506,II maailmasõjas hukkunute ühishaud,2067,http://register.muinas.ee/content/monument/regular/137906.jpg,Europeana,http://creativecommons.org/publicdomain/zero/1.0/,Estonia,IMAGE
/2020711/DR_4465,common grave of World War II deaths,2067,http://register.muinas.ee/content/monument/regular/143136.jpg,Europeana,http://creativecommons.org/publicdomain/zero/1.0/,Estonia,IMAGE
/2020711/DR_4349,II maailmasõjas hukkunute ühishaud,2068,http://register.muinas.ee/content/monument/regular/216872.jpg,Europeana,http://creativecommons.org/publicdomain/zero/1.0/,Estonia,IMAGE
/2020711/DR_4303,II maailmasõjas hukkunute ühishaud,2068,http://register.muinas.ee/content/monument/regular/23193.jpg,Europeana,http://creativecommons.org/publicdomain/zero/1.0/,Estonia,IMAGE
/2020711/DR_4302,II maailmasõjas hukkunute ühishaud,2068,http://register.muinas.ee/content/monument/regular/24031.jpg,Europeana,http://creativecommons.org/publicdomain/zero/1.0/,Estonia,IMAGE
/2020711/DR_4292,II maailmasõjas hukkunute ühishaud,2068,http://register.muinas.ee/content/monument/regular/22696.jpg,Europeana,http://creativecommons.org/publicdomain/zero/1.0/,Estonia,IMAGE
/2020711/DR_4287,common grave of World War II deaths,2068,http://register.muinas.ee/content/monument/regular/42469.jpg,Europeana,http://creativecommons.org/publicdomain/zero/1.0/,Estonia,IMAGE
/2020711/DR_20,II maailmasõjas hukkunute ühishaud,2068,http://register.muinas.ee/content/monument/regular/134504.jpg,Europeana,http://creativecommons.org/publicdomain/zero/1.0/,Estonia,IMAGE
/2020711/DR_17,common grave of World War II deaths,2068,http://register.muinas.ee/content/monument/regular/22172.jpg,Europeana,http://creativecommons.org/publicdomain/zero/1.0/,Estonia,IMAGE
/2020711/DR_8407,II maailmasõjas hukkunute ühishaud,2068,http://register.muinas.ee/content/monument/regular/47015.jpg,Europeana,http://creativecommons.org/publicdomain/zero/1.0/,Estonia,IMAGE
/2020711/DR_8363,II maailmasõjas hukkunute ühishaud,2068,http://register.muinas.ee/content/monument/regular/108822.jpg,Europeana,http://creativecommons.org/publicdomain/zero/1.0/,Estonia,IMAGE
/2020711/DR_5772,common grave of World War II deaths,2067,http://register.muinas.ee/content/monument/regular/187843.jpg,Europeana,http://creativecommons.org/publicdomain/zero/1.0/,Estonia,IMAGE
/2020711/DR_5735,II maailmasõjas hukkunute ühishaud,2067,http://register.muinas.ee/content/monument/regular/96740.jpg,Europeana,http://creativecommons.org/publicdomain/zero/1.0/,Estonia,IMAGE
/2020711/DR_5730,common grave of World War II deaths,2067,http://register.muinas.ee/content/monument/regular/82944.jpg,Europeana,http://creativecommons.org/publicdomain/zero/1.0/,Estonia,IMAGE
/2020711/DR_5726,II maailmasõjas hukkunute ühishaud,2067,http://register.muinas.ee/content/monument/regular/26159.jpg,Europeana,http://creativecommons.org/publicdomain/zero/1.0/,Estonia,IMAGE
/2020711/DR_5701,II maailmasõjas hukkunute ühishaud,2067,http://register.muinas.ee/content/monument/regular/32852.jpg,Europeana,http://creativecommons.org/publicdomain/zero/1.0/,Estonia,IMAGE
/2020711/DR_8372,II maailmasõjas hukkunute ühishaud,2068,http://register.muinas.ee/content/monument/regular/6230.jpg,Europeana,http://creativecommons.org/publicdomain/zero/1.0/,Estonia,IMAGE
/2020711/DR_5755,II maailmasõjas hukkunute ühishaud,2067,http://register.muinas.ee/content/monument/regular/173143.jpg,Europeana,http://creativecommons.org/publicdomain/zero/1.0/,Estonia,IMAGE
/2020711/DR_4480,common grave of World War II deaths,2067,http://register.muinas.ee/content/monument/regular/143021.jpg,Europeana,http://creativecommons.org/publicdomain/zero/1.0/,Estonia,IMAGE
/2020711/DR_4204,II maailmasõjas hukkunute ühishaud,2068,http://register.muinas.ee/content/monument/regular/25980.jpg,Europeana,http://creativecommons.org/publicdomain/zero/1.0/,Estonia,IMAGE
/2020711/DR_4197,common grave of World War II deaths,2068,http://register.muinas.ee/content/monument/regular/28137.jpg,Europeana,http://creativecommons.org/publicdomain/zero/1.0/,Estonia,IMAGE
/2020711/DR_4192,II maailmasõjas hukkunute ühishaud,2068,http://register.muinas.ee/content/monument/regular/22797.jpg,Europeana,http://creativecommons.org/publicdomain/zero/1.0/,Estonia,IMAGE
/2020711/DR_30,II maailmasõjas hukkunute ühishaud,2068,http://register.muinas.ee/content/monument/regular/10542.jpg,Europeana,http://creativecommons.org/publicdomain/zero/1.0/,Estonia,IMAGE
/2020711/DR_28,common grave of World War II deaths,2068,http://register.muinas.ee/content/monument/regular/10536.jpg,Europeana,http://creativecommons.org/publicdomain/zero/1.0/,Estonia,IMAGE
/2020711/DR_25,common grave of World War II deaths,2067,http://register.muinas.ee/content/monument/regular/10528.jpg,Europeana,http://creativecommons.org/publicdomain/zero/1.0/,Estonia,IMAGE
/2020711/DR_8380,II maailmasõjas hukkunute ühishaud,2068,http://register.muinas.ee/content/monument/regular/5670.jpg,Europeana,http://creativecommons.org/publicdomain/zero/1.0/,Estonia,IMAGE
/2020711/DR_36,common grave of World War II deaths,2067,http://register.muinas.ee/content/monument/regular/184412.jpg,Europeana,http://creativecommons.org/publicdomain/zero/1.0/,Estonia,IMAGE
/2020711/DR_4176,common grave of World War II deaths,2068,http://register.muinas.ee/content/monument/regular/35055.jpg,Europeana,http://creativecommons.org/publicdomain/zero/1.0/,Estonia,IMAGE
/2020711/DR_4167,common grave of World War II deaths,2068,http://register.muinas.ee/content/monument/regular/134296.jpg,Europeana,http://creativecommons.org/publicdomain/zero/1.0/,Estonia,IMAGE
/2020711/DR_4136,common grave of World War II deaths,2068,http://register.muinas.ee/content/monument/regular/24936.jpg,Europeana,http://creativecommons.org/publicdomain/zero/1.0/,Estonia,IMAGE
/2020711/DR_4127,II maailmasõjas hukkunute ühishaud,2068,http://register.muinas.ee/content/monument/regular/23106.jpg,Europeana,http://creativecommons.org/publicdomain/zero/1.0/,Estonia,IMAGE
/2020711/DR_4124,common grave of World War II deaths,2068,http://register.muinas.ee/content/monument/regular/28356.jpg,Europeana,http://creativecommons.org/publicdomain/zero/1.0/,Estonia,IMAGE
/2020711/DR_4181,II maailmasõjas hukkunute ühishaud,2068,http://register.muinas.ee/content/monument/regular/23135.jpg,Europeana,http://creativecommons.org/publicdomain/zero/1.0/,Estonia,IMAGE
/2020711/DR_4149,II maailmasõjas hukkunute ühishaud,2068,http://register.muinas.ee/content/monument/regular/23116.jpg,Europeana,http://creativecommons.org/publicdomain/zero/1.0/,Estonia,IMAGE
/2020711/DR_4262,common grave of World War II deaths,2068,http://register.muinas.ee/content/monument/regular/40067.jpg,Europeana,http://creativecommons.org/publicdomain/zero/1.0/,Estonia,IMAGE
/2020711/DR_4129,II maailmasõjas hukkunute ühishaud,2068,http://register.muinas.ee/content/monument/regular/22864.jpg,Europeana,http://creativecommons.org/publicdomain/zero/1.0/,Estonia,IMAGE
/2020711/DR_4109,II maailmasõjas hukkunute ühishaud,2068,http://register.muinas.ee/content/monument/regular/143255.jpg,Europeana,http://creativecommons.org/publicdomain/zero/1.0/,Estonia,IMAGE
/2020711/DR_4086,common grave of World War II deaths,2068,http://register.muinas.ee/content/monument/regular/22095.jpg,Europeana,http://creativecommons.org/publicdomain/zero/1.0/,Estonia,IMAGE
/2020711/DR_4068,common grave of World War II deaths,2068,http://register.muinas.ee/content/monument/regular/62288.jpg,Europeana,http://creativecommons.org/publicdomain/zero/1.0/,Estonia,IMAGE
/2020711/DR_4051,common grave of World War II deaths,2067,http://register.muinas.ee/content/monument/regular/113234.jpg,Europeana,http://creativecommons.org/publicdomain/zero/1.0/,Estonia,IMAGE
/2020711/DR_4037,common grave of World War II deaths,2067,http://register.muinas.ee/content/monument/regular/2501.jpg,Europeana,http://creativecommons.org/publicdomain/zero/1.0/,Estonia,IMAGE
/2020711/DR_3992,common grave of World War II deaths,2067,http://register.muinas.ee/content/monument/regular/20904.jpg,Europeana,http://creativecommons.org/publicdomain/zero/1.0/,Estonia,IMAGE
/2020711/DR_4163,common grave of World War II deaths,2068,http://register.muinas.ee/content/monument/regular/134322.jpg,Europeana,http://creativecommons.org/publicdomain/zero/1.0/,Estonia,IMAGE
/2020711/DR_4142,common grave of World War II deaths,2068,http://register.muinas.ee/content/monument/regular/28405.jpg,Europeana,http://creativecommons.org/publicdomain/zero/1.0/,Estonia,IMAGE
/401/item_GJST5SXRAPENI6EO6FYELR2Y67OOMMIV,II maailmasõjaaegne Lõpe-Kaimri tankitõrjeliin,1959,https://www.muis.ee/digitaalhoidla/api/meedia/originaal?id=3c7b1a3f-31bd-453a-a203-1d8a250eba03,Europeana,http://creativecommons.org/licenses/by/4.0/,Estonia,IMAGE
/2020711/DR_8450,II maailmasõjas hukkunute ühishaud,2067,http://register.muinas.ee/content/monument/regular/113020.jpg,Europeana,http://creativecommons.org/publicdomain/zero/1.0/,Estonia,IMAGE
/2020711/DR_8384,II maailmasõjas hukkunute ühishaud,2068,http://register.muinas.ee/content/monument/regular/2747.jpg,Europeana,http://creativecommons.org/publicdomain/zero/1.0/,Estonia,IMAGE
/2020711/DR_8348,common grave of World War II deaths,2068,http://register.muinas.ee/content/monument/regular/4468.jpg,Europeana,http://creativecommons.org/publicdomain/zero/1.0/,Estonia,IMAGE
/2020711/DR_5848,II maailmasõjas hukkunute ühishaud,2068,http://register.muinas.ee/content/monument/regular/24096.jpg,Europeana,http://creativecommons.org/publicdomain/zero/1.0/,Estonia,IMAGE
/2020711/DR_5843,II maailmasõjas hukkunute ühishaud,2068,http://register.muinas.ee/content/monument/regular/23743.jpg,Europeana,http://creativecommons.org/publicdomain/zero/1.0/,Estonia,IMAGE
/2020711/DR_5834,II maailmasõjas hukkunute ühishaud,2068,http://register.muinas.ee/content/monument/regular/24923.jpg,Europeana,http://creativecommons.org/publicdomain/zero/1.0/,Estonia,IMAGE
/2020711/DR_5786,common grave of World War II deaths,2067,http://register.muinas.ee/content/monument/regular/143614.jpg,Europeana,http://creativecommons.org/publicdomain/zero/1.0/,Estonia,IMAGE
/2020711/DR_5739,common grave of World War II deaths,2067,http://register.muinas.ee/content/monument/regular/9776.jpg,Europeana,http://creativecommons.org/publicdomain/zero/1.0/,Estonia,IMAGE
/2020711/DR_5715,II maailmasõjas hukkunute ühishaud,2067,http://register.muinas.ee/content/monument/regular/9600.jpg,Europeana,http://creativecommons.org/publicdomain/zero/1.0/,Estonia,IMAGE
/2020711/DR_5710,II maailmasõjas hukkunute ühishaud,2067,http://register.muinas.ee/content/monument/regular/19625.jpg,Europeana,http://creativecommons.org/publicdomain/zero/1.0/,Estonia,IMAGE
/2020711/DR_4512,II maailmasõjas hukkunute ühishaud,2067,http://register.muinas.ee/content/monument/regular/137825.jpg,Europeana,http://creativecommons.org/publicdomain/zero/1.0/,Estonia,IMAGE
/2020711/DR_4499,common grave of World War II deaths,2067,http://register.muinas.ee/content/monument/regular/143011.jpg,Europeana,http://creativecommons.org/publicdomain/zero/1.0/,Estonia,IMAGE
/2020711/DR_4478,II maailmasõjas hukkunute ühishaud,2067,http://register.muinas.ee/content/monument/regular/138501.jpg,Europeana,http://creativecommons.org/publicdomain/zero/1.0/,Estonia,IMAGE
/2020711/DR_4458,II maailmasõjas hukkunute ühishaud,2067,http://register.muinas.ee/content/monument/regular/143129.jpg,Europeana,http://creativecommons.org/publicdomain/zero/1.0/,Estonia,IMAGE
/2020711/DR_4227,II maailmasõjas hukkunute ühishaud,2068,http://register.muinas.ee/content/monument/regular/22801.jpg,Europeana,http://creativecommons.org/publicdomain/zero/1.0/,Estonia,IMAGE
/2020711/DR_4211,common grave of World War II deaths,2068,http://register.muinas.ee/content/monument/regular/24751.jpg,Europeana,http://creativecommons.org/publicdomain/zero/1.0/,Estonia,IMAGE
/2020711/DR_4210,common grave of World War II deaths,2068,http://register.muinas.ee/content/monument/regular/26345.jpg,Europeana,http://creativecommons.org/publicdomain/zero/1.0/,Estonia,IMAGE
/2020711/DR_4187,common grave of World War II deaths,2068,http://register.muinas.ee/content/monument/regular/22969.jpg,Europeana,http://creativecommons.org/publicdomain/zero/1.0/,Estonia,IMAGE
/2020711/DR_14430,common grave of World War II deaths,2067,http://register.muinas.ee/content/monument/regular/17145.jpg,Europeana,http://creativecommons.org/publicdomain/zero/1.0/,Estonia,IMAGE
/2020711/DR_8339,II maailmasõjas hukkunute ühishaud,2068,http://register.muinas.ee/content/monument/regular/2176.jpg,Europeana,http://creativecommons.org/publicdomain/zero/1.0/,Estonia,IMAGE
/2020711/DR_5749,II maailmasõjas hukkunute ühishaud,2067,http://register.muinas.ee/content/monument/regular/110581.jpg,Europeana,http://creativecommons.org/publicdomain/zero/1.0/,Estonia,IMAGE
/2020711/DR_5748,II maailmasõjas hukkunute ühishaud,2067,http://register.muinas.ee/content/monument/regular/110585.jpg,Europeana,http://creativecommons.org/publicdomain/zero/1.0/,Estonia,IMAGE
/2020711/DR_5700,II maailmasõjas hukkunute ühishaud,2067,http://register.muinas.ee/content/monument/regular/26084.jpg,Europeana,http://creativecommons.org/publicdomain/zero/1.0/,Estonia,IMAGE
/2020711/DR_5699,II maailmasõjas hukkunute ühishaud,2067,http://register.muinas.ee/content/monument/regular/26085.jpg,Europeana,http://creativecommons.org/publicdomain/zero/1.0/,Estonia,IMAGE
/2020711/DR_4252,common grave of World War II deaths,2068,http://register.muinas.ee/content/monument/regular/47051.jpg,Europeana,http://creativecommons.org/publicdomain/zero/1.0/,Estonia,IMAGE
/2020711/DR_4243,common grave of World War II deaths,2068,http://register.muinas.ee/content/monument/regular/81962.jpg,Europeana,http://creativecommons.org/publicdomain/zero/1.0/,Estonia,IMAGE
/2020711/DR_22,common grave of World War II deaths,2067,http://register.muinas.ee/content/monument/regular/21777.jpg,Europeana,http://creativecommons.org/publicdomain/zero/1.0/,Estonia,IMAGE
/2020711/DR_8433,common grave of World War II deaths,2067,http://register.muinas.ee/content/monument/regular/22075.jpg,Europeana,http://creativecommons.org/publicdomain/zero/1.0/,Estonia,IMAGE
/2020711/DR_8420,common grave of World War II deaths,2068,http://register.muinas.ee/content/monument/regular/23026.jpg,Europeana,http://creativecommons.org/publicdomain/zero/1.0/,Estonia,IMAGE
/2020711/DR_5816,common grave of World War II deaths,2068,http://register.muinas.ee/content/monument/regular/33612.jpg,Europeana,http://creativecommons.org/publicdomain/zero/1.0/,Estonia,IMAGE
/2020711/DR_5808,common grave of World War II deaths,2067,http://register.muinas.ee/content/monument/regular/51776.jpg,Europeana,http://creativecommons.org/publicdomain/zero/1.0/,Estonia,IMAGE
/2020711/DR_4221,common grave of World War II deaths,2068,http://register.muinas.ee/content/monument/regular/136279.jpg,Europeana,http://creativecommons.org/publicdomain/zero/1.0/,Estonia,IMAGE
/2020711/DR_4,II maailmasõjas hukkunute ühishaud,2067,http://register.muinas.ee/content/monument/regular/22341.jpg,Europeana,http://creativecommons.org/publicdomain/zero/1.0/,Estonia,IMAGE
/2020711/DR_23,common grave of World War II deaths,2067,http://register.muinas.ee/content/monument/regular/24518.jpg,Europeana,http://creativecommons.org/publicdomain/zero/1.0/,Estonia,IMAGE
/2020711/DR_8389,common grave of World War II deaths,2068,http://register.muinas.ee/content/monument/regular/4166.jpg,Europeana,http://creativecommons.org/publicdomain/zero/1.0/,Estonia,IMAGE
/2020711/DR_8371,II maailmasõjas hukkunute ühishaud,2068,http://register.muinas.ee/content/monument/regular/109115.jpg,Europeana,http://creativecommons.org/publicdomain/zero/1.0/,Estonia,IMAGE
/2020711/DR_8350,II maailmasõjas hukkunute ühishaud,2068,http://register.muinas.ee/content/monument/regular/2248.jpg,Europeana,http://creativecommons.org/publicdomain/zero/1.0/,Estonia,IMAGE
/2020711/DR_4175,common grave of World War II deaths,2068,http://register.muinas.ee/content/monument/regular/134329.jpg,Europeana,http://creativecommons.org/publicdomain/zero/1.0/,Estonia,IMAGE
/2020711/DR_4165,common grave of World War II deaths,2068,http://register.muinas.ee/content/monument/regular/134312.jpg,Europeana,http://creativecommons.org/publicdomain/zero/1.0/,Estonia,IMAGE
/2020711/DR_4139,II maailmasõjas hukkunute ühishaud,2068,http://register.muinas.ee/content/monument/regular/23111.jpg,Europeana,http://creativecommons.org/publicdomain/zero/1.0/,Estonia,IMAGE
/2020711/DR_4133,common grave of World War II deaths,2068,http://register.muinas.ee/content/monument/regular/7968.jpg,Europeana,http://creativecommons.org/publicdomain/zero/1.0/,Estonia,IMAGE
/2020711/DR_4119,II maailmasõjas hukkunute ühishaud,2068,http://register.muinas.ee/content/monument/regular/7293.jpg,Europeana,http://creativecommons.org/publicdomain/zero/1.0/,Estonia,IMAGE
/2020711/DR_4066,common grave of World War II deaths,2068,http://register.muinas.ee/content/monument/regular/4967.jpg,Europeana,http://creativecommons.org/publicdomain/zero/1.0/,Estonia,IMAGE
/2020711/DR_4017,II maailmasõjas hukkunute ühishaud,2067,http://register.muinas.ee/content/monument/regular/109780.jpg,Europeana,http://creativecommons.org/publicdomain/zero/1.0/,Estonia,IMAGE
/2020711/DR_4015,common grave of World War II deaths,2067,http://register.muinas.ee/content/monument/regular/109783.jpg,Europeana,http://creativecommons.org/publicdomain/zero/1.0/,Estonia,IMAGE
/2020711/DR_4000,common grave of World War II deaths,2067,http://register.muinas.ee/content/monument/regular/131022.jpg,Europeana,http://creativecommons.org/publicdomain/zero/1.0/,Estonia,IMAGE
/2020711/DR_4095,common grave of World War II deaths,2068,http://register.muinas.ee/content/monument/regular/18702.jpg,Europeana,http://creativecommons.org/publicdomain/zero/1.0/,Estonia,IMAGE
/2020711/DR_4093,II maailmasõjas hukkunute ühishaud,2068,http://register.muinas.ee/content/monument/regular/7088.jpg,Europeana,http://creativecommons.org/publicdomain/zero/1.0/,Estonia,IMAGE
/2020711/DR_3985,II maailmasõjas hukkunute ühishaud,2067,http://register.muinas.ee/content/monument/regular/109303.jpg,Europeana,http://creativecommons.org/publicdomain/zero/1.0/,Estonia,IMAGE
/2020711/DR_8440,II maailmasõjas hukkunute ühishaud,2067,http://register.muinas.ee/content/monument/regular/25051.jpg,Europeana,http://creativecommons.org/publicdomain/zero/1.0/,Estonia,IMAGE
/2020711/DR_4466,common grave of World War II deaths,2067,http://register.muinas.ee/content/monument/regular/137845.jpg,Europeana,http://creativecommons.org/publicdomain/zero/1.0/,Estonia,IMAGE
/2020711/DR_4171,II maailmasõjas hukkunute ühishaud,2068,http://register.muinas.ee/content/monument/regular/134359.jpg,Europeana,http://creativecommons.org/publicdomain/zero/1.0/,Estonia,IMAGE
/2020711/DR_4148,II maailmasõjas hukkunute ühishaud,2068,http://register.muinas.ee/content/monument/regular/103019.jpg,Europeana,http://creativecommons.org/publicdomain/zero/1.0/,Estonia,IMAGE
/2020711/DR_4117,II maailmasõjas hukkunute ühishaud,2068,http://register.muinas.ee/content/monument/regular/22966.jpg,Europeana,http://creativecommons.org/publicdomain/zero/1.0/,Estonia,IMAGE
/2020711/DR_4085,common grave of World War II deaths,2068,http://register.muinas.ee/content/monument/regular/22090.jpg,Europeana,http://creativecommons.org/publicdomain/zero/1.0/,Estonia,IMAGE
/2020711/DR_4034,common grave of World War II deaths,2067,http://register.muinas.ee/content/monument/regular/109614.jpg,Europeana,http://creativecommons.org/publicdomain/zero/1.0/,Estonia,IMAGE
/2020711/DR_4029,II maailmasõjas hukkunute ühishaud,2067,http://register.muinas.ee/content/monument/regular/101872.jpg,Europeana,http://creativecommons.org/publicdomain/zero/1.0/,Estonia,IMAGE
/2020711/DR_4011,common grave of World War II deaths,2067,http://register.muinas.ee/content/monument/regular/110153.jpg,Europeana,http://creativecommons.org/publicdomain/zero/1.0/,Estonia,IMAGE
/2020711/DR_3995,II maailmasõjas hukkunute ühishaud,2067,http://register.muinas.ee/content/monument/regular/109404.jpg,Europeana,http://creativecommons.org/publicdomain/zero/1.0/,Estonia,IMAGE
/2020711/DR_4079,common grave of World War II deaths,2068,http://register.muinas.ee/content/monument/regular/22348.jpg,Europeana,http://creativecommons.org/publicdomain/zero/1.0/,Estonia,IMAGE
/2020711/DR_9,common grave of World War II deaths,2067,http://register.muinas.ee/content/monument/regular/139256.jpg,Europeana,http://creativecommons.org/publicdomain/zero/1.0/,Estonia,IMAGE
/2020711/DR_8459,II maailmasõjas hukkunute ühishaud,2067,http://register.muinas.ee/content/monument/regular/25929.jpg,Europeana,http://creativecommons.org/publicdomain/zero/1.0/,Estonia,IMAGE
/2020711/DR_8430,common grave of World War II deaths,2068,http://register.muinas.ee/content/monument/regular/184341.jpg,Europeana,http://creativecommons.org/publicdomain/zero/1.0/,Estonia,IMAGE
/2020711/DR_8399,common grave of World War II deaths,2068,http://register.muinas.ee/content/monument/regular/2748.jpg,Europeana,http://creativecommons.org/publicdomain/zero/1.0/,Estonia,IMAGE
/2020711/DR_6,II maailmasõjas hukkunute ühishaud,2068,http://register.muinas.ee/content/monument/regular/12542.jpg,Europeana,http://creativecommons.org/publicdomain/zero/1.0/,Estonia,IMAGE
/2020711/DR_5841,common grave of World War II deaths,2068,http://register.muinas.ee/content/monument/regular/24070.jpg,Europeana,http://creativecommons.org/publicdomain/zero/1.0/,Estonia,IMAGE
/2020711/DR_5829,common grave of World War II deaths,2068,http://register.muinas.ee/content/monument/regular/23864.jpg,Europeana,http://creativecommons.org/publicdomain/zero/1.0/,Estonia,IMAGE
/2020711/DR_5769,II maailmasõjas hukkunute ühishaud,2067,http://register.muinas.ee/content/monument/regular/35400.jpg,Europeana,http://creativecommons.org/publicdomain/zero/1.0/,Estonia,IMAGE
/2020711/DR_5742,common grave of World War II deaths,2067,http://register.muinas.ee/content/monument/regular/9862.jpg,Europeana,http://creativecommons.org/publicdomain/zero/1.0/,Estonia,IMAGE
/2020711/DR_5732,II maailmasõjas hukkunute ühishaud,2067,http://register.muinas.ee/content/monument/regular/22617.jpg,Europeana,http://creativecommons.org/publicdomain/zero/1.0/,Estonia,IMAGE
/2020711/DR_4477,common grave of World War II deaths,2067,http://register.muinas.ee/content/monument/regular/143018.jpg,Europeana,http://creativecommons.org/publicdomain/zero/1.0/,Estonia,IMAGE
/2020711/DR_4289,common grave of World War II deaths,2068,http://register.muinas.ee/content/monument/regular/87162.jpg,Europeana,http://creativecommons.org/publicdomain/zero/1.0/,Estonia,IMAGE
/2020711/DR_4290,II maailmasõjas hukkunute ühishaud,2068,http://register.muinas.ee/content/monument/regular/22695.jpg,Europeana,http://creativecommons.org/publicdomain/zero/1.0/,Estonia,IMAGE
/2020711/DR_4272,common grave of World War II deaths,2068,http://register.muinas.ee/content/monument/regular/27286.jpg,Europeana,http://creativecommons.org/publicdomain/zero/1.0/,Estonia,IMAGE
/2020711/DR_4255,common grave of World War II deaths,2068,http://register.muinas.ee/content/monument/regular/85948.jpg,Europeana,http://creativecommons.org/publicdomain/zero/1.0/,Estonia,IMAGE
/2020711/DR_4135,common grave of World War II deaths,2068,http://register.muinas.ee/content/monument/regular/7969.jpg,Europeana,http://creativecommons.org/publicdomain/zero/1.0/,Estonia,IMAGE
/2020711/DR_8381,II maailmasõjas hukkunute ühishaud,2068,http://register.muinas.ee/content/monument/regular/4171.jpg,Europeana,http://creativecommons.org/publicdomain/zero/1.0/,Estonia,IMAGE
/2020711/DR_8369,common grave of World War II deaths,2068,http://register.muinas.ee/content/monument/regular/2847.jpg,Europeana,http://creativecommons.org/publicdomain/zero/1.0/,Estonia,IMAGE
/2020711/DR_5717,common grave of World War II deaths,2067,http://register.muinas.ee/content/monument/regular/174196.jpg,Europeana,http://creativecommons.org/publicdomain/zero/1.0/,Estonia,IMAGE
/2020711/DR_5706,common grave of World War II deaths,2067,http://register.muinas.ee/content/monument/regular/112860.jpg,Europeana,http://creativecommons.org/publicdomain/zero/1.0/,Estonia,IMAGE
/2020711/DR_5703,II maailmasõjas hukkunute ühishaud,2067,http://register.muinas.ee/content/monument/regular/26141.jpg,Europeana,http://creativecommons.org/publicdomain/zero/1.0/,Estonia,IMAGE
/2020711/DR_5693,common grave of World War II deaths,2067,http://register.muinas.ee/content/monument/regular/26083.jpg,Europeana,http://creativecommons.org/publicdomain/zero/1.0/,Estonia,IMAGE
/2020711/DR_8451,II maailmasõjas hukkunute ühishaud,2067,http://register.muinas.ee/content/monument/regular/217823.jpg,Europeana,http://creativecommons.org/publicdomain/zero/1.0/,Estonia,IMAGE
/2020711/DR_8390,II maailmasõjas hukkunute ühishaud,2068,http://register.muinas.ee/content/monument/regular/96156.jpg,Europeana,http://creativecommons.org/publicdomain/zero/1.0/,Estonia,IMAGE
/2020711/DR_8344,common grave of World War II deaths,2068,http://register.muinas.ee/content/monument/regular/37498.jpg,Europeana,http://creativecommons.org/publicdomain/zero/1.0/,Estonia,IMAGE
/2020711/DR_8309,II maailmasõjas hukkunute ühishaud,2068,http://register.muinas.ee/content/monument/regular/83272.jpg,Europeana,http://creativecommons.org/publicdomain/zero/1.0/,Estonia,IMAGE
/2020711/DR_8304,common grave of World War II deaths,2068,http://register.muinas.ee/content/monument/regular/85111.jpg,Europeana,http://creativecommons.org/publicdomain/zero/1.0/,Estonia,IMAGE
/2020711/DR_4493,common grave of World War II deaths,2067,http://register.muinas.ee/content/monument/regular/136235.jpg,Europeana,http://creativecommons.org/publicdomain/zero/1.0/,Estonia,IMAGE
/2020711/DR_4461,common grave of World War II deaths,2067,http://register.muinas.ee/content/monument/regular/143116.jpg,Europeana,http://creativecommons.org/publicdomain/zero/1.0/,Estonia,IMAGE
/2020711/DR_4208,II maailmasõjas hukkunute ühishaud,2068,http://register.muinas.ee/content/monument/regular/98035.jpg,Europeana,http://creativecommons.org/publicdomain/zero/1.0/,Estonia,IMAGE
/2020711/DR_8313,common grave of World War II deaths,2068,http://register.muinas.ee/content/monument/regular/3200.jpg,Europeana,http://creativecommons.org/publicdomain/zero/1.0/,Estonia,IMAGE
/2020711/DR_8307,II maailmasõjas hukkunute ühishaud,2068,http://register.muinas.ee/content/monument/regular/2279.jpg,Europeana,http://creativecommons.org/publicdomain/zero/1.0/,Estonia,IMAGE
/2020711/DR_5713,II maailmasõjas hukkunute ühishaud,2067,http://register.muinas.ee/content/monument/regular/61270.jpg,Europeana,http://creativecommons.org/publicdomain/zero/1.0/,Estonia,IMAGE
/2020711/DR_5857,II maailmasõjas hukkunute ühishaud,2068,http://register.muinas.ee/content/monument/regular/24098.jpg,Europeana,http://creativecommons.org/publicdomain/zero/1.0/,Estonia,IMAGE
/2020711/DR_4183,common grave of World War II deaths,2068,http://register.muinas.ee/content/monument/regular/22780.jpg,Europeana,http://creativecommons.org/publicdomain/zero/1.0/,Estonia,IMAGE
/916105/bhm_photo_UMFA53671_0028,Reduced bridge during World War II,2033,https://mm.dimu.org/image/032wXWAkQLdz?dimension=1200x1200,Europeana,http://creativecommons.org/publicdomain/mark/1.0/,Sweden,IMAGE
/2021009/_0C09D87890B4E937B09D7AF9584DBFF2,V. K. Hietanen jatkosodassa,1994,https://mpfinlandrepox.zetcom.app/imagehelper/download?id=1113667&size=extra_large&org=43094,Europeana,http://creativecommons.org/licenses/by/4.0/,Finland,IMAGE
/92040/URN_RS_NAE_c44e27ef_b9f0_4539_8609_4bd310b871f9cho,Famous medical doctors of Sombor in its history until the World War II,2058,http://doiserbia.nb.rs/ft.aspx?id=0354-73101004115K,Europeana,http://creativecommons.org/licenses/by/4.0/,Serbia,IMAGE
/2020711/DR_4500,Vabadussõjas ja II maailmasõjas hukkunute ühishaud,2067,http://register.muinas.ee/content/monument/regular/143137.jpg,Europeana,http://creativecommons.org/publicdomain/zero/1.0/,Estonia,IMAGE
/916105/bhm_photo_UMFA53709_0009,Fraktare i Skärhamn under andra världskriget,2033,https://mm.dimu.org/image/042sB3B7Ntf2?dimension=1200x1200,Europeana,http://creativecommons.org/publicdomain/mark/1.0/,Sweden,IMAGE
/9200579/prmr8yuc,"World War II: wounded soldiers convalescing at Preston Hall, Aylesford, Kent. Photograph, 194-.",2045,"https://iiif.wellcomecollection.org/image/L0074417.jpg/full/512,/0/default.jpg",Europeana,http://creativecommons.org/licenses/by/4.0/,United Kingdom,IMAGE
/401/item_PLXVSVXV6ET25MJNX3CQBAIFMPYMBSRD,Seltskond talu õuel enne II maailmasõda,1959,https://www.muis.ee/digitaalhoidla/api/meedia/originaal?id=f9a97cfc-5bf0-486b-9a07-4e3d120ebc32,Europeana,http://creativecommons.org/publicdomain/zero/1.0/,Estonia,IMAGE
/2020711/DR_5784,common grave of victims of World War II,2067,http://register.muinas.ee/content/monument/regular/133726.jpg,Europeana,http://creativecommons.org/publicdomain/zero/1.0/,Estonia,IMAGE
/2020711/DR_4269,II maailmasõjas hukkunute ja terroriohvrite ühishaud,2068,http://register.muinas.ee/content/monument/regular/87349.jpg,Europeana,http://creativecommons.org/publicdomain/zero/1.0/,Estonia,IMAGE
/2020711/DR_26,common grave of victims of World War II,2067,http://register.muinas.ee/content/monument/regular/10531.jpg,Europeana,http://creativecommons.org/publicdomain/zero/1.0/,Estonia,IMAGE
/2020711/DR_4238,II maailmasõjas hukkunute ja terroriohvrite ühishaud,2068,http://register.muinas.ee/content/monument/regular/24720.jpg,Europeana,http://creativecommons.org/publicdomain/zero/1.0/,Estonia,IMAGE
/2020711/DR_8354,common grave of victims of World War II,2068,http://register.muinas.ee/content/monument/regular/2565.jpg,Europeana,http://creativecommons.org/publicdomain/zero/1.0/,Estonia,IMAGE
/2020711/DR_24,common grave of victims of World War II,2067,http://register.muinas.ee/content/monument/regular/10527.jpg,Europeana,http://creativecommons.org/publicdomain/zero/1.0/,Estonia,IMAGE
/2020711/DR_4030,common grave of victims of World War II,2067,http://register.muinas.ee/content/monument/regular/110494.jpg,Europeana,http://creativecommons.org/publicdomain/zero/1.0/,Estonia,IMAGE
/2020711/DR_5811,II maailmasõjas hukkunute ja terroriohvrite ühishaud,2068,http://register.muinas.ee/content/monument/regular/97047.jpg,Europeana,http://creativecommons.org/publicdomain/zero/1.0/,Estonia,IMAGE
/2020711/DR_5804,II maailmasõjas hukkunute ja terroriohvrite ühishaud,2067,http://register.muinas.ee/content/monument/regular/51003.jpg,Europeana,http://creativecommons.org/publicdomain/zero/1.0/,Estonia,IMAGE
/2020711/DR_4324,II maailmasõjas hukkunute ja terroriohvrite ühishaud,2068,http://register.muinas.ee/content/monument/regular/24223.jpg,Europeana,http://creativecommons.org/publicdomain/zero/1.0/,Estonia,IMAGE
/2020711/DR_8422,common grave of victims of World War II,2068,http://register.muinas.ee/content/monument/regular/187067.jpg,Europeana,http://creativecommons.org/publicdomain/zero/1.0/,Estonia,IMAGE
/9200231/BibliographicResource_2000092034282,Die Kartoffel im Weltkrieg,1916,http://content.staatsbibliothek-berlin.de/dms/PPN725386843/1200/0/00000001.jpg,Europeana,http://creativecommons.org/publicdomain/mark/1.0/,Germany,IMAGE
/916105/bhm_photo_UMFA53512_0003,Border Guard against Norway during World War II,2033,https://mm.dimu.org/image/022sAYdfpAsZ?dimension=1200x1200,Europeana,http://creativecommons.org/publicdomain/mark/1.0/,Sweden,IMAGE
/401/item_EFRJY5NOZ6S7NOLBVIAYROFAPSFMMAXT,Sven Frejman avab II maailmasõjas hukkunute mälestustahvlit,1959,https://www.muis.ee/digitaalhoidla/api/meedia/originaal?id=8ed8eefd-e32d-4e17-a5ee-f867ff42c61b,Europeana,http://creativecommons.org/publicdomain/zero/1.0/,Estonia,IMAGE
/2020711/DR_5803,II maailmasõjas hukkunud tundmatu sõduri haud,2067,http://register.muinas.ee/content/monument/regular/51109.jpg,Europeana,http://creativecommons.org/publicdomain/zero/1.0/,Estonia,IMAGE
/2020601/https___1914_1918_europeana_eu_contributions_15572,From basket maker to munition carrier,2061,https://rhus-209.man.poznan.pl/fcgi-bin/iipsrv.fcgi?IIIF=11/5//2020601/https___1914_1918_europeana_eu_contributions_15572/15572.164609.original_Page0000.tif/full/full/0/default.jpg,Europeana,http://creativecommons.org/licenses/by-sa/3.0/,Europe,IMAGE
/2020711/DR_8465,Common grave of terror victims and deaths in World War II,2067,http://register.muinas.ee/content/monument/regular/26654.jpg,Europeana,http://creativecommons.org/publicdomain/zero/1.0/,Estonia,IMAGE
/9200231/BibliographicResource_2000092036466,Der Weltkrieg Dichtungen und Lieder,1915,http://content.staatsbibliothek-berlin.de/dms/PPN670518050/1200/0/00000001.jpg,Europeana,http://creativecommons.org/publicdomain/mark/1.0/,Germany,IMAGE
/2020601/https___1914_1918_europeana_eu_contributions_1526,Kriegstagebuch Nr. 2 von Rudolf Grille,1917,https://rhus-209.man.poznan.pl/fcgi-bin/iipsrv.fcgi?IIIF=11/5//2020601/https___1914_1918_europeana_eu_contributions_1526/1526.17246.original.tif/full/full/0/default.jpg,Europeana,http://creativecommons.org/licenses/by-sa/3.0/,Europe,IMAGE
/2020711/DR_29,Tomb of two unidentified soldiers killed in World War II,2068,http://register.muinas.ee/content/monument/regular/10539.jpg,Europeana,http://creativecommons.org/publicdomain/zero/1.0/,Estonia,IMAGE
/401/item_CHWENJKR2LV4JIM3GKN3CHRA6UWPBWIF,Leevi Reinaru blesses the memorial plaques for those killed in World War II.,1958,https://www.muis.ee/digitaalhoidla/api/meedia/originaal?id=7720d481-8426-4363-b3d4-f1e4fca3fb38,Europeana,http://creativecommons.org/publicdomain/zero/1.0/,Estonia,IMAGE
/456/_nnq0109,Polish women!,1944,https://jbc.bj.uj.edu.pl/Content/383379/PDF/NDIGDZS021391.pdf,Europeana,http://creativecommons.org/publicdomain/mark/1.0/,Poland,IMAGE
/2020711/DR_4276,Common grave of those killed in the War of Independence and World War II and victims of terror.,2068,http://register.muinas.ee/content/monument/regular/34898.jpg,Europeana,http://creativecommons.org/publicdomain/zero/1.0/,Estonia,IMAGE
/2021009/_B1CA022E50B4F967FFF079BF217D5FEF,Rovaniemi toisen maailmansodan jälkeen,1995,https://mpfinlandrepox.zetcom.app/imagehelper/download?id=1061133&size=extra_large&org=43094,Europeana,http://creativecommons.org/licenses/by/4.0/,Finland,IMAGE
/401/item_BYUFATMSP7LHRJWLTIFJLULE5OYL3RSM,"Emergence and development of volleyball in Tartus before World War II, competition work",2001,https://www.muis.ee/digitaalhoidla/api/meedia/originaal?id=999613ef-51af-45cb-8f32-f1f947437ec6,Europeana,http://creativecommons.org/publicdomain/zero/1.0/,Estonia,IMAGE
/2020711/DR_8243,"World War II connotation Industry. 3, 1941- 1944",2068,http://register.muinas.ee/content/monument/regular/5278.jpg,Europeana,http://creativecommons.org/publicdomain/zero/1.0/,Estonia,IMAGE
/916105/bhm_photo_UMFA54452_0071,Rabbit rearing during World War II. Folke and Uno Thuresson,2033,https://mm.dimu.org/image/022wZWVFUoua?dimension=1200x1200,Europeana,http://creativecommons.org/publicdomain/mark/1.0/,Sweden,IMAGE
/343/https___hispana_mcu_es_lod_oai_bivaldi_gva_es_4665_ent0,Correo del otro mundo : Num. II,2065,https://bivaldi.gva.es/i18n/catalogo_imagenes/imagen_id.do?idImagen=10498890,Europeana,http://creativecommons.org/publicdomain/mark/1.0/,Spain,IMAGE
/2048425/item_GYN65GTCZDOCPYMJH24TO2X62RHY2MV7,Cleansing among Czech Journalists after World War II and a Comparison with the Situation in France and the Netherlands,2017,http://www.ssoar.info/ssoar/bitstream/handle/document/55074/ssoar-mediacomm-2017-3-cebe-Cleansing_among_Czech_Journalists_after.pdf?sequence=1,Europeana,http://creativecommons.org/licenses/by/4.0/,Germany,IMAGE
/401/item_7UO6V4INW65MSKN66VPABWCLYNCOVVTM,"World War II veteran, worker of some sovhoos, Alfred Faster.",1958,https://www.muis.ee/digitaalhoidla/api/meedia/originaal?id=75430a2e-eb27-46fa-9549-239247448b85,Europeana,http://creativecommons.org/publicdomain/zero/1.0/,Estonia,IMAGE
/401/item_J3CWPOPI7JL7YKP6CSL23JGMRPO2TGJN,"Teise maailmasõja veteran, Mõniste sovhoosi tööline, Jaan Kuhi.",1959,https://www.muis.ee/digitaalhoidla/api/meedia/originaal?id=0f768759-5472-4016-b652-b3bd8fdda3ee,Europeana,http://creativecommons.org/publicdomain/zero/1.0/,Estonia,IMAGE
/401/item_DTCJ2QLYUWMZKONO3VKBUOK77ETXOVNT,"Teise maailmasõja veteran, Mõniste sovhoosi tööline, Meinhard Kaldalu.",1959,https://www.muis.ee/digitaalhoidla/api/meedia/originaal?id=8c4a92de-5046-4ee3-bcca-f3712991fb82,Europeana,http://creativecommons.org/publicdomain/zero/1.0/,Estonia,IMAGE
/401/item_MLUBQMLQPQQOJIBPWATTFBPGOWFZWLCK,"Teise maailmasõja veteran, Mõniste sovhoosi tööline, Heino Pillai.",1959,https://www.muis.ee/digitaalhoidla/api/meedia/originaal?id=ab030ad2-5727-42fa-a25c-77b375e8091c,Europeana,http://creativecommons.org/publicdomain/zero/1.0/,Estonia,IMAGE
/401/item_E4FJ4ISSQTYH4BMPTV2DKGOCGGLF564D,"Teise maailmasõja veteran, Mõniste sovhoosi tööline, Loorits, Laivo.",1959,https://www.muis.ee/digitaalhoidla/api/meedia/originaal?id=552931b8-c6a6-4f74-9640-71633ab50f68,Europeana,http://creativecommons.org/publicdomain/zero/1.0/,Estonia,IMAGE
/401/item_ITFIFAD4363UPEJWRWINZLWZ4DJ3EMLM,"World War II veteran, worker of some sovhoos, Heldur Tulviste.",1959,https://www.muis.ee/digitaalhoidla/api/meedia/originaal?id=6a5da4d5-bcf7-42a2-bce4-f53739adfb97,Europeana,http://creativecommons.org/publicdomain/zero/1.0/,Estonia,IMAGE
/401/item_PT7J44NMHVN56KB7GZCKHOKXEITJOH6Z,"Teise maailmasõja veteran, Mõniste sovhoosi tööline, Kalju Rõõmus.",1959,https://www.muis.ee/digitaalhoidla/api/meedia/originaal?id=89cd5eea-7f1e-4c73-9a47-928da9935227,Europeana,http://creativecommons.org/publicdomain/zero/1.0/,Estonia,IMAGE
/401/item_TELCAOQG76LY74HWFEVNEJED5FS46ILE,"World War II veteran, worker of some sovhoos, Loorits Oskar.",1960,https://www.muis.ee/digitaalhoidla/api/meedia/originaal?id=fa1e314e-3509-49a2-8059-5779984bc211,Europeana,http://creativecommons.org/publicdomain/zero/1.0/,Estonia,IMAGE
/2020601/https___1914_1918_europeana_eu_contributions_15544,"Kriegstagebuch von Kurt Hundt, Teil II",1914,https://rhus-209.man.poznan.pl/fcgi-bin/iipsrv.fcgi?IIIF=11/5//2020601/https___1914_1918_europeana_eu_contributions_15544/15544.163998.original.tif/full/full/0/default.jpg,Europeana,http://creativecommons.org/licenses/by-sa/3.0/,Europe,IMAGE
/9200231/BibliographicResource_3000006448216,O Vierverband! Reimbomben und Weltkriegverse,1917,http://content.staatsbibliothek-berlin.de/dms/PPN728334143/1200/0/00000001.jpg,Europeana,http://creativecommons.org/publicdomain/mark/1.0/,Germany,IMAGE
/9200231/BibliographicResource_2000092035894,Zwei Jahre ...! Weltkriegsbetrachtungen eines Sozialisten,1916,http://content.staatsbibliothek-berlin.de/dms/PPN715812335/1200/0/00000001.jpg,Europeana,http://creativecommons.org/publicdomain/mark/1.0/,Germany,IMAGE
/2020601/https___1914_1918_europeana_eu_contributions_13016,Aufruf zum Krieg durch Kaiser Wilhelm II.,2061,https://rhus-209.man.poznan.pl/fcgi-bin/iipsrv.fcgi?IIIF=11/5//2020601/https___1914_1918_europeana_eu_contributions_13016/13016.131870.original.tif/full/full/0/default.jpg,Europeana,http://creativecommons.org/licenses/by-sa/3.0/,Europe,IMAGE
/401/item_4XOEOTCJWTCW5ZJ6KPUKEHMQQAZWE2CD,"Teise maailmasõja veteran, Mõniste sovhoosi tööline, Hugo Kirsimäe",1958,https://www.muis.ee/digitaalhoidla/api/meedia/originaal?id=c66cdc91-b66b-4308-be80-98a03f015eeb,Europeana,http://creativecommons.org/publicdomain/zero/1.0/,Estonia,IMAGE
/2048425/item_MVCNJIBZSHTM3YEZRV4GNRGYZE2LT4B4,The children of occupations born during the Second World War and beyond - an overview,2009,http://www.ssoar.info/ssoar/bitstream/handle/document/28728/ssoar-hsr-2009-no_3__no_129-mochmann_et_al-the_children_of_occupations_born.pdf?sequence=1,Europeana,http://creativecommons.org/licenses/by/4.0/,Germany,IMAGE
/2020601/https___1914_1918_europeana_eu_contributions_13521,Erich Schneider im Ersten Weltkrieg,2061,https://rhus-209.man.poznan.pl/fcgi-bin/iipsrv.fcgi?IIIF=11/5//2020601/https___1914_1918_europeana_eu_contributions_13521/13521.138015.original.tif/full/full/0/default.jpg,Europeana,http://creativecommons.org/licenses/by-sa/3.0/,Europe,IMAGE
/2048425/item_UIMQKOCAJCW3JKGJG4APJRWRRUHDAZR3,Der lange Schatten des Zweiten Weltkriegs: Kinder deutscher Wehrmachtssoldaten und einheimischer Frauen in Dänemark,2009,http://www.ssoar.info/ssoar/bitstream/handle/document/28729/ssoar-hsr-2009-no_3__no_129-mochmann_et_al-der_lange_schatten_des_zweiten.pdf?sequence=1,Europeana,http://creativecommons.org/licenses/by/4.0/,Germany,IMAGE
/401/item_7JQ7GN4CJPO67HXFJ7NCGDLW525A2HIU,"World War II veteran, worker of some sovhoos, Erich Plum tree.",1958,https://www.muis.ee/digitaalhoidla/api/meedia/originaal?id=2cb28321-d5c9-481e-a11b-1ac9027dcda8,Europeana,http://creativecommons.org/publicdomain/zero/1.0/,Estonia,IMAGE
/9200231/BibliographicResource_2000092035116,Von hüben und drüben aus einer Weltkriegsbücherei,2069,http://content.staatsbibliothek-berlin.de/dms/PPN719073030/1200/0/00000001.jpg,Europeana,http://creativecommons.org/publicdomain/mark/1.0/,Germany,IMAGE
/122/https___www_searchculture_gr_aggregator_edm_ELIA_000100_22_420453,Δίκες δοσίλογων της Κατοχής.,1945,http://eliaserver.elia.org.gr/LSelia/images_View/03.5.P.683.JPG,Europeana,http://creativecommons.org/licenses/by/4.0/,Greece,IMAGE
/2048425/item_7OBTF2PYCJZ7PPPPNFSM2K6G2IDAZMON,Die Bildungsökonomie vor dem Zweiten Weltkrieg: ein Bestandteil moderner Wirtschaftstheorie und Wirtschaftspolitik?,2013,http://www.ssoar.info/ssoar/bitstream/handle/document/38547/ssoar-hsr-2013-2-canals_et_al-Die_Bildungsokonomie_vor_dem_Zweiten.pdf?sequence=1,Europeana,http://creativecommons.org/licenses/by/4.0/,Germany,IMAGE
/2020711/DR_23595,Teise maailmasõja Hiiesaare patarei  kahurialus 3,2067,http://register.muinas.ee/content/monument/regular/9810.jpg,Europeana,http://creativecommons.org/publicdomain/zero/1.0/,Estonia,IMAGE
/2020711/DR_6281,"Monument II maailmasõjas hukkunud sõduritele, M.Mõtus, 1978 (dolomiit)",2068,http://register.muinas.ee/content/monument/regular/116338.jpg,Europeana,http://creativecommons.org/publicdomain/zero/1.0/,Estonia,IMAGE
/2020711/DR_23594,Teise maailmasõja Hiiesaare patarei  kahurialus 2,2067,http://register.muinas.ee/content/monument/regular/9808.jpg,Europeana,http://creativecommons.org/publicdomain/zero/1.0/,Estonia,IMAGE
/2048425/item_OX272XJBU3OUHKS3FJXHJHOBB7LZVORP,A decision theoretical analysis of decisions of the Dutch government in exile during World War II,1983,http://www.ssoar.info/ssoar/bitstream/handle/document/3518/ssoar-hsr-1983-no_26-gallhofer_et_al-a_decision_theoretical_analysis_of.pdf?sequence=1,Europeana,http://creativecommons.org/licenses/by/4.0/,Germany,IMAGE
/2021009/_3F393D98C5DEEE2C6C4A18C088632A56,Sankarihautausmaa sodan jälkeen Rovaniemellä,1994,https://mpfinlandrepox.zetcom.app/imagehelper/download?id=1071044&size=extra_large&org=43094,Europeana,http://creativecommons.org/licenses/by/4.0/,Finland,IMAGE
/91616/arme_photo_AMA0010691,Första världkriget: Tyske kejsaren Wilhelm II vid västfronten: inspektion av ett gardesinfanteriregemente.,2043,https://mm.dimu.org/image/022sBXwyGnSU?dimension=1200x1200,Europeana,http://creativecommons.org/publicdomain/mark/1.0/,Sweden,IMAGE
/9200231/BibliographicResource_3000006447622,Was vier kleine Kriegsgefangene erlebten Erzählung aus dem Weltkrieg,1917,http://content.staatsbibliothek-berlin.de/dms/PPN729949923/1200/0/00000001.jpg,Europeana,http://creativecommons.org/publicdomain/mark/1.0/,Germany,IMAGE
/2020601/https___1914_1918_europeana_eu_contributions_18341,Rodzinne pamiątki z I wojny światowej,1914,https://rhus-209.man.poznan.pl/fcgi-bin/iipsrv.fcgi?IIIF=11/5//2020601/https___1914_1918_europeana_eu_contributions_18341/18341.216033.original.tif/full/full/0/default.jpg,Europeana,http://creativecommons.org/licenses/by-sa/3.0/,Europe,IMAGE
/123/https___www_searchculture_gr_aggregator_edm_medusa_000114_3_4523manifest,Θεόδωρος Πάλας. Μικροπωλητής στην κατοχή,1943,https://medusa.libver.gr/iguana/iiif/image/mnt/vsmart_srv/assets_rw/3_4523_TIFF/13-78.tif/full/full/0/default.jpg,Europeana,http://creativecommons.org/licenses/by/4.0/,Greece,IMAGE
/437/item_KSP7KVGBB6635UPAVZKPYCNWXTBWRVDE,Zweiter Weltkrieg. Straßenbild mit vier Wehrmachtssoldaten,1998,http://fotothek.slub-dresden.de/fotos/df_hauptkatalog_0670759.jpg,Europeana,http://creativecommons.org/publicdomain/mark/1.0/,Germany,IMAGE
/122/https___www_searchculture_gr_aggregator_edm_ELIA_000100_22_538791,Β' Παγκόσμιος Πόλεμος: ελληνικά στρατεύματα στη Βόρειο Αφρική και τη Μέση Ανατολή.,2039,http://eliaserver.elia.org.gr/LSelia/images_View/KOR1.001.JPG,Europeana,http://creativecommons.org/licenses/by/4.0/,Greece,IMAGE
/122/https___www_searchculture_gr_aggregator_edm_ELIA_000100_22_538855,Β' Παγκόσμιος Πόλεμος: ελληνικά στρατεύματα στη Βόρειο Αφρική και τη Μέση Ανατολή.,2039,http://eliaserver.elia.org.gr/LSelia/images_View/KOR1.007.JPG,Europeana,http://creativecommons.org/licenses/by/4.0/,Greece,IMAGE
/122/https___www_searchculture_gr_aggregator_edm_ELIA_000100_22_538867,Β' Παγκόσμιος Πόλεμος: ελληνικά στρατεύματα στη Βόρειο Αφρική και τη Μέση Ανατολή.,2039,http://eliaserver.elia.org.gr/LSelia/images_View/KOR1.011.JPG,Europeana,http://creativecommons.org/licenses/by/4.0/,Greece,IMAGE
/122/https___www_searchculture_gr_aggregator_edm_ELIA_000100_22_538869,Β' Παγκόσμιος Πόλεμος: ελληνικά στρατεύματα στη Βόρειο Αφρική και τη Μέση Ανατολή.,2039,http://eliaserver.elia.org.gr/LSelia/images_View/KOR1.012.JPG,Europeana,http://creativecommons.org/licenses/by/4.0/,Greece,IMAGE
/122/https___www_searchculture_gr_aggregator_edm_ELIA_000100_22_538871,Β' Παγκόσμιος Πόλεμος: ελληνικά στρατεύματα στη Βόρειο Αφρική και τη Μέση Ανατολή.,2039,http://eliaserver.elia.org.gr/LSelia/images_View/KOR1.013.JPG,Europeana,http://creativecommons.org/licenses/by/4.0/,Greece,IMAGE
/122/https___www_searchculture_gr_aggregator_edm_ELIA_000100_22_538873,Β' Παγκόσμιος Πόλεμος: ελληνικά στρατεύματα στη Βόρειο Αφρική και τη Μέση Ανατολή.,2039,http://eliaserver.elia.org.gr/LSelia/images_View/KOR1.014.JPG,Europeana,http://creativecommons.org/licenses/by/4.0/,Greece,IMAGE
/122/https___www_searchculture_gr_aggregator_edm_ELIA_000100_22_538891,Β' Παγκόσμιος Πόλεμος: ελληνικά στρατεύματα στη Βόρειο Αφρική και τη Μέση Ανατολή.,2039,http://eliaserver.elia.org.gr/LSelia/images_View/KOR1.021.JPG,Europeana,http://creativecommons.org/licenses/by/4.0/,Greece,IMAGE
/122/https___www_searchculture_gr_aggregator_edm_ELIA_000100_22_538897,Β' Παγκόσμιος Πόλεμος: ελληνικά στρατεύματα στη Βόρειο Αφρική και τη Μέση Ανατολή.,2039,http://eliaserver.elia.org.gr/LSelia/images_View/KOR1.024.JPG,Europeana,http://creativecommons.org/licenses/by/4.0/,Greece,IMAGE
/122/https___www_searchculture_gr_aggregator_edm_ELIA_000100_22_538901,Β' Παγκόσμιος Πόλεμος: ελληνικά στρατεύματα στη Βόρειο Αφρική και τη Μέση Ανατολή.,2039,http://eliaserver.elia.org.gr/LSelia/images_View/KOR1.026.JPG,Europeana,http://creativecommons.org/licenses/by/4.0/,Greece,IMAGE
/122/https___www_searchculture_gr_aggregator_edm_ELIA_000100_22_538909,Β' Παγκόσμιος Πόλεμος: ελληνικά στρατεύματα στη Βόρειο Αφρική και τη Μέση Ανατολή.,2039,http://eliaserver.elia.org.gr/LSelia/images_View/KOR1.029.JPG,Europeana,http://creativecommons.org/licenses/by/4.0/,Greece,IMAGE
/122/https___www_searchculture_gr_aggregator_edm_ELIA_000100_22_538913,Β' Παγκόσμιος Πόλεμος: ελληνικά στρατεύματα στη Βόρειο Αφρική και τη Μέση Ανατολή.,2039,http://eliaserver.elia.org.gr/LSelia/images_View/KOR1.031.JPG,Europeana,http://creativecommons.org/licenses/by/4.0/,Greece,IMAGE
/122/https___www_searchculture_gr_aggregator_edm_ELIA_000100_22_538915,Β' Παγκόσμιος Πόλεμος: ελληνικά στρατεύματα στη Βόρειο Αφρική και τη Μέση Ανατολή.,2039,http://eliaserver.elia.org.gr/LSelia/images_View/KOR1.032.JPG,Europeana,http://creativecommons.org/licenses/by/4.0/,Greece,IMAGE
/122/https___www_searchculture_gr_aggregator_edm_ELIA_000100_22_538925,Β' Παγκόσμιος Πόλεμος: ελληνικά στρατεύματα στη Βόρειο Αφρική και τη Μέση Ανατολή.,2039,http://eliaserver.elia.org.gr/LSelia/images_View/KOR1.037.JPG,Europeana,http://creativecommons.org/licenses/by/4.0/,Greece,IMAGE
/122/https___www_searchculture_gr_aggregator_edm_ELIA_000100_22_538927,Β' Παγκόσμιος Πόλεμος: ελληνικά στρατεύματα στη Βόρειο Αφρική και τη Μέση Ανατολή.,2039,http://eliaserver.elia.org.gr/LSelia/images_View/KOR1.038.JPG,Europeana,http://creativecommons.org/licenses/by/4.0/,Greece,IMAGE
/122/https___www_searchculture_gr_aggregator_edm_ELIA_000100_22_538933,Β' Παγκόσμιος Πόλεμος: ελληνικά στρατεύματα στη Βόρειο Αφρική και τη Μέση Ανατολή.,2039,http://eliaserver.elia.org.gr/LSelia/images_View/KOR1.041.JPG,Europeana,http://creativecommons.org/licenses/by/4.0/,Greece,IMAGE
/122/https___www_searchculture_gr_aggregator_edm_ELIA_000100_22_538939,Β' Παγκόσμιος Πόλεμος: ελληνικά στρατεύματα στη Βόρειο Αφρική και τη Μέση Ανατολή.,2039,http://eliaserver.elia.org.gr/LSelia/images_View/KOR1.044.JPG,Europeana,http://creativecommons.org/licenses/by/4.0/,Greece,IMAGE
/122/https___www_searchculture_gr_aggregator_edm_ELIA_000100_22_538955,Β' Παγκόσμιος Πόλεμος: ελληνικά στρατεύματα στη Βόρειο Αφρική και τη Μέση Ανατολή.,2039,http://eliaserver.elia.org.gr/LSelia/images_View/KOR1.051.JPG,Europeana,http://creativecommons.org/licenses/by/4.0/,Greece,IMAGE
/122/https___www_searchculture_gr_aggregator_edm_ELIA_000100_22_538975,Β' Παγκόσμιος Πόλεμος: ελληνικά στρατεύματα στη Βόρειο Αφρική και τη Μέση Ανατολή.,2039,http://eliaserver.elia.org.gr/LSelia/images_View/KOR1.057.JPG,Europeana,http://creativecommons.org/licenses/by/4.0/,Greece,IMAGE
/122/https___www_searchculture_gr_aggregator_edm_ELIA_000100_22_538979,Β' Παγκόσμιος Πόλεμος: ελληνικά στρατεύματα στη Βόρειο Αφρική και τη Μέση Ανατολή.,2039,http://eliaserver.elia.org.gr/LSelia/images_View/KOR1.059.JPG,Europeana,http://creativecommons.org/licenses/by/4.0/,Greece,IMAGE
/122/https___www_searchculture_gr_aggregator_edm_ELIA_000100_22_538985,Β' Παγκόσμιος Πόλεμος: ελληνικά στρατεύματα στη Βόρειο Αφρική και τη Μέση Ανατολή.,2039,http://eliaserver.elia.org.gr/LSelia/images_View/KOR1.062.JPG,Europeana,http://creativecommons.org/licenses/by/4.0/,Greece,IMAGE
/122/https___www_searchculture_gr_aggregator_edm_ELIA_000100_22_538997,Β' Παγκόσμιος Πόλεμος: ελληνικά στρατεύματα στη Βόρειο Αφρική και τη Μέση Ανατολή.,2039,http://eliaserver.elia.org.gr/LSelia/images_View/KOR1.068.JPG,Europeana,http://creativecommons.org/licenses/by/4.0/,Greece,IMAGE
/122/https___www_searchculture_gr_aggregator_edm_ELIA_000100_22_539009,Β' Παγκόσμιος Πόλεμος: ελληνικά στρατεύματα στη Βόρειο Αφρική και τη Μέση Ανατολή.,2039,http://eliaserver.elia.org.gr/LSelia/images_View/KOR1.074.JPG,Europeana,http://creativecommons.org/licenses/by/4.0/,Greece,IMAGE
/122/https___www_searchculture_gr_aggregator_edm_ELIA_000100_22_539027,Β' Παγκόσμιος Πόλεμος: ελληνικά στρατεύματα στη Βόρειο Αφρική και τη Μέση Ανατολή.,2039,http://eliaserver.elia.org.gr/LSelia/images_View/KOR1.083.JPG,Europeana,http://creativecommons.org/licenses/by/4.0/,Greece,IMAGE
/122/https___www_searchculture_gr_aggregator_edm_ELIA_000100_22_539035,Β' Παγκόσμιος Πόλεμος: ελληνικά στρατεύματα στη Βόρειο Αφρική και τη Μέση Ανατολή.,2039,http://eliaserver.elia.org.gr/LSelia/images_View/KOR1.087.JPG,Europeana,http://creativecommons.org/licenses/by/4.0/,Greece,IMAGE
/122/https___www_searchculture_gr_aggregator_edm_ELIA_000100_22_539037,Β' Παγκόσμιος Πόλεμος: ελληνικά στρατεύματα στη Βόρειο Αφρική και τη Μέση Ανατολή.,2039,http://eliaserver.elia.org.gr/LSelia/images_View/KOR1.088.JPG,Europeana,http://creativecommons.org/licenses/by/4.0/,Greece,IMAGE
/122/https___www_searchculture_gr_aggregator_edm_ELIA_000100_22_539045,Β' Παγκόσμιος Πόλεμος: βρετανικά στρατεύματα στη Βόρειο Αφρική και τη Μέση Ανατολή.,2039,http://eliaserver.elia.org.gr/LSelia/images_View/KOR1.092.JPG,Europeana,http://creativecommons.org/licenses/by/4.0/,Greece,IMAGE
/122/https___www_searchculture_gr_aggregator_edm_ELIA_000100_22_539049,Β' Παγκόσμιος Πόλεμος: ελληνικά στρατεύματα στη Βόρειο Αφρική και τη Μέση Ανατολή.,2039,http://eliaserver.elia.org.gr/LSelia/images_View/KOR1.094.JPG,Europeana,http://creativecommons.org/licenses/by/4.0/,Greece,IMAGE
/122/https___www_searchculture_gr_aggregator_edm_ELIA_000100_22_539051,Β' Παγκόσμιος Πόλεμος: ελληνικά στρατεύματα στη Βόρειο Αφρική και τη Μέση Ανατολή.,2039,http://eliaserver.elia.org.gr/LSelia/images_View/KOR1.095.JPG,Europeana,http://creativecommons.org/licenses/by/4.0/,Greece,IMAGE
/122/https___www_searchculture_gr_aggregator_edm_ELIA_000100_22_539057,Β' Παγκόσμιος Πόλεμος: ελληνικά στρατεύματα στη Βόρειο Αφρική και τη Μέση Ανατολή.,2039,http://eliaserver.elia.org.gr/LSelia/images_View/KOR1.098.JPG,Europeana,http://creativecommons.org/licenses/by/4.0/,Greece,IMAGE
/122/https___www_searchculture_gr_aggregator_edm_ELIA_000100_22_539063,Β' Παγκόσμιος Πόλεμος: ελληνικά στρατεύματα στη Βόρειο Αφρική και τη Μέση Ανατολή.,2039,http://eliaserver.elia.org.gr/LSelia/images_View/KOR1.100.JPG,Europeana,http://creativecommons.org/licenses/by/4.0/,Greece,IMAGE
/122/https___www_searchculture_gr_aggregator_edm_ELIA_000100_22_539069,Β' Παγκόσμιος Πόλεμος: ελληνικά στρατεύματα στη Βόρειο Αφρική και τη Μέση Ανατολή.,2039,http://eliaserver.elia.org.gr/LSelia/images_View/KOR1.103.JPG,Europeana,http://creativecommons.org/licenses/by/4.0/,Greece,IMAGE
/122/https___www_searchculture_gr_aggregator_edm_ELIA_000100_22_539087,Β' Παγκόσμιος Πόλεμος: ελληνικά στρατεύματα στη Βόρειο Αφρική και τη Μέση Ανατολή.,2039,http://eliaserver.elia.org.gr/LSelia/images_View/KOR1.110.JPG,Europeana,http://creativecommons.org/licenses/by/4.0/,Greece,IMAGE
/122/https___www_searchculture_gr_aggregator_edm_ELIA_000100_22_539095,Β' Παγκόσμιος Πόλεμος: ελληνικά στρατεύματα στη Βόρειο Αφρική και τη Μέση Ανατολή.,2039,http://eliaserver.elia.org.gr/LSelia/images_View/KOR1.114.JPG,Europeana,http://creativecommons.org/licenses/by/4.0/,Greece,IMAGE
/122/https___www_searchculture_gr_aggregator_edm_ELIA_000100_22_539103,Β' Παγκόσμιος Πόλεμος: ελληνικά στρατεύματα στη Βόρειο Αφρική και τη Μέση Ανατολή.,2039,http://eliaserver.elia.org.gr/LSelia/images_View/KOR1.118.JPG,Europeana,http://creativecommons.org/licenses/by/4.0/,Greece,IMAGE
/122/https___www_searchculture_gr_aggregator_edm_ELIA_000100_22_539115,Β' Παγκόσμιος Πόλεμος: ελληνικά στρατεύματα στη Βόρειο Αφρική και τη Μέση Ανατολή.,2039,http://eliaserver.elia.org.gr/LSelia/images_View/KOR1.124.JPG,Europeana,http://creativecommons.org/licenses/by/4.0/,Greece,IMAGE
/122/https___www_searchculture_gr_aggregator_edm_ELIA_000100_22_539117,Β' Παγκόσμιος Πόλεμος: ελληνικά στρατεύματα στη Βόρειο Αφρική και τη Μέση Ανατολή.,2039,http://eliaserver.elia.org.gr/LSelia/images_View/KOR1.125.JPG,Europeana,http://creativecommons.org/licenses/by/4.0/,Greece,IMAGE
/122/https___www_searchculture_gr_aggregator_edm_ELIA_000100_22_539129,Β' Παγκόσμιος Πόλεμος: ελληνικά στρατεύματα στη Βόρειο Αφρική και τη Μέση Ανατολή.,2039,http://eliaserver.elia.org.gr/LSelia/images_View/KOR1.130.JPG,Europeana,http://creativecommons.org/licenses/by/4.0/,Greece,IMAGE
/122/https___www_searchculture_gr_aggregator_edm_ELIA_000100_22_538877,Β' Παγκόσμιος Πόλεμος: ελληνικά στρατεύματα στη Βόρειο Αφρική και τη Μέση Ανατολή.,2039,http://eliaserver.elia.org.gr/LSelia/images_View/KOR1.016.JPG,Europeana,http://creativecommons.org/licenses/by/4.0/,Greece,IMAGE
/122/https___www_searchculture_gr_aggregator_edm_ELIA_000100_22_538937,Β' Παγκόσμιος Πόλεμος: ελληνικά στρατεύματα στη Βόρειο Αφρική και τη Μέση Ανατολή.,2039,http://eliaserver.elia.org.gr/LSelia/images_View/KOR1.043.JPG,Europeana,http://creativecommons.org/licenses/by/4.0/,Greece,IMAGE
/122/https___www_searchculture_gr_aggregator_edm_ELIA_000100_22_538945,Β' Παγκόσμιος Πόλεμος: ελληνικά στρατεύματα στη Βόρειο Αφρική και τη Μέση Ανατολή.,2039,http://eliaserver.elia.org.gr/LSelia/images_View/KOR1.047.JPG,Europeana,http://creativecommons.org/licenses/by/4.0/,Greece,IMAGE
/122/https___www_searchculture_gr_aggregator_edm_ELIA_000100_22_538981,Β' Παγκόσμιος Πόλεμος: ελληνικά στρατεύματα στη Βόρειο Αφρική και τη Μέση Ανατολή.,2039,http://eliaserver.elia.org.gr/LSelia/images_View/KOR1.060.JPG,Europeana,http://creativecommons.org/licenses/by/4.0/,Greece,IMAGE
/122/https___www_searchculture_gr_aggregator_edm_ELIA_000100_22_538991,Β' Παγκόσμιος Πόλεμος: ελληνικά στρατεύματα στη Βόρειο Αφρική και τη Μέση Ανατολή.,2039,http://eliaserver.elia.org.gr/LSelia/images_View/KOR1.065.JPG,Europeana,http://creativecommons.org/licenses/by/4.0/,Greece,IMAGE
/122/https___www_searchculture_gr_aggregator_edm_ELIA_000100_22_539025,Β' Παγκόσμιος Πόλεμος: ελληνικά στρατεύματα στη Βόρειο Αφρική και τη Μέση Ανατολή.,2039,http://eliaserver.elia.org.gr/LSelia/images_View/KOR1.082.JPG,Europeana,http://creativecommons.org/licenses/by/4.0/,Greece,IMAGE
/122/https___www_searchculture_gr_aggregator_edm_ELIA_000100_22_539039,Β' Παγκόσμιος Πόλεμος: ελληνικά στρατεύματα στη Βόρειο Αφρική και τη Μέση Ανατολή.,2039,http://eliaserver.elia.org.gr/LSelia/images_View/KOR1.089.JPG,Europeana,http://creativecommons.org/licenses/by/4.0/,Greece,IMAGE
/122/https___www_searchculture_gr_aggregator_edm_ELIA_000100_22_539097,Β' Παγκόσμιος Πόλεμος: ελληνικά στρατεύματα στη Βόρειο Αφρική και τη Μέση Ανατολή.,2039,http://eliaserver.elia.org.gr/LSelia/images_View/KOR1.115.JPG,Europeana,http://creativecommons.org/licenses/by/4.0/,Greece,IMAGE
/122/https___www_searchculture_gr_aggregator_edm_ELIA_000100_22_539127,Β' Παγκόσμιος Πόλεμος: ελληνικά στρατεύματα στη Βόρειο Αφρική και τη Μέση Ανατολή.,2039,http://eliaserver.elia.org.gr/LSelia/images_View/KOR1.129.JPG,Europeana,http://creativecommons.org/licenses/by/4.0/,Greece,IMAGE
/2021009/_E772010DD3D18819437901258922C0FE,Väliaikainen silta Rovaniemellä sodan jälkeen,1995,https://mpfinlandrepox.zetcom.app/imagehelper/download?id=1070182&size=extra_large&org=43094,Europeana,http://creativecommons.org/licenses/by/4.0/,Finland,IMAGE
/122/https___www_searchculture_gr_aggregator_edm_ELIA_000100_22_538801,Β' Παγκόσμιος Πόλεμος: ελληνικά στρατεύματα στη Βόρειο Αφρική και τη Μέση Ανατολή.,2039,http://eliaserver.elia.org.gr/LSelia/images_View/KOR1.004.JPG,Europeana,http://creativecommons.org/licenses/by/4.0/,Greece,IMAGE
/122/https___www_searchculture_gr_aggregator_edm_ELIA_000100_22_538865,Β' Παγκόσμιος Πόλεμος: ελληνικά στρατεύματα στη Βόρειο Αφρική και τη Μέση Ανατολή.,2039,http://eliaserver.elia.org.gr/LSelia/images_View/KOR1.010.JPG,Europeana,http://creativecommons.org/licenses/by/4.0/,Greece,IMAGE
/122/https___www_searchculture_gr_aggregator_edm_ELIA_000100_22_538875,Β' Παγκόσμιος Πόλεμος: ελληνικά στρατεύματα στη Βόρειο Αφρική και τη Μέση Ανατολή.,2039,http://eliaserver.elia.org.gr/LSelia/images_View/KOR1.015.JPG,Europeana,http://creativecommons.org/licenses/by/4.0/,Greece,IMAGE
/122/https___www_searchculture_gr_aggregator_edm_ELIA_000100_22_538879,Β' Παγκόσμιος Πόλεμος: ελληνικά στρατεύματα στη Βόρειο Αφρική και τη Μέση Ανατολή.,2039,http://eliaserver.elia.org.gr/LSelia/images_View/KOR1.017.JPG,Europeana,http://creativecommons.org/licenses/by/4.0/,Greece,IMAGE
/122/https___www_searchculture_gr_aggregator_edm_ELIA_000100_22_538883,Β' Παγκόσμιος Πόλεμος: ελληνικά στρατεύματα στη Βόρειο Αφρική και τη Μέση Ανατολή.,2039,http://eliaserver.elia.org.gr/LSelia/images_View/KOR1.018.JPG,Europeana,http://creativecommons.org/licenses/by/4.0/,Greece,IMAGE
/122/https___www_searchculture_gr_aggregator_edm_ELIA_000100_22_538887,Β' Παγκόσμιος Πόλεμος: ελληνικά στρατεύματα στη Βόρειο Αφρική και τη Μέση Ανατολή.,2039,http://eliaserver.elia.org.gr/LSelia/images_View/KOR1.019.JPG,Europeana,http://creativecommons.org/licenses/by/4.0/,Greece,IMAGE
/122/https___www_searchculture_gr_aggregator_edm_ELIA_000100_22_538893,Β' Παγκόσμιος Πόλεμος: ελληνικά στρατεύματα στη Βόρειο Αφρική και τη Μέση Ανατολή.,2039,http://eliaserver.elia.org.gr/LSelia/images_View/KOR1.022.JPG,Europeana,http://creativecommons.org/licenses/by/4.0/,Greece,IMAGE
/122/https___www_searchculture_gr_aggregator_edm_ELIA_000100_22_538917,Β' Παγκόσμιος Πόλεμος: ελληνικά στρατεύματα στη Βόρειο Αφρική και τη Μέση Ανατολή.,2039,http://eliaserver.elia.org.gr/LSelia/images_View/KOR1.033.JPG,Europeana,http://creativecommons.org/licenses/by/4.0/,Greece,IMAGE
/122/https___www_searchculture_gr_aggregator_edm_ELIA_000100_22_538921,Β' Παγκόσμιος Πόλεμος: ελληνικά στρατεύματα στη Βόρειο Αφρική και τη Μέση Ανατολή.,2039,http://eliaserver.elia.org.gr/LSelia/images_View/KOR1.035.JPG,Europeana,http://creativecommons.org/licenses/by/4.0/,Greece,IMAGE
/122/https___www_searchculture_gr_aggregator_edm_ELIA_000100_22_538941,Β' Παγκόσμιος Πόλεμος: ελληνικά στρατεύματα στη Βόρειο Αφρική και τη Μέση Ανατολή.,2039,http://eliaserver.elia.org.gr/LSelia/images_View/KOR1.045.JPG,Europeana,http://creativecommons.org/licenses/by/4.0/,Greece,IMAGE
/122/https___www_searchculture_gr_aggregator_edm_ELIA_000100_22_538951,Β' Παγκόσμιος Πόλεμος: ελληνικά στρατεύματα στη Βόρειο Αφρική και τη Μέση Ανατολή.,2039,http://eliaserver.elia.org.gr/LSelia/images_View/KOR1.050.JPG,Europeana,http://creativecommons.org/licenses/by/4.0/,Greece,IMAGE
/122/https___www_searchculture_gr_aggregator_edm_ELIA_000100_22_538973,Β' Παγκόσμιος Πόλεμος: ελληνικά στρατεύματα στη Βόρειο Αφρική και τη Μέση Ανατολή.,2039,http://eliaserver.elia.org.gr/LSelia/images_View/KOR1.056.JPG,Europeana,http://creativecommons.org/licenses/by/4.0/,Greece,IMAGE
/122/https___www_searchculture_gr_aggregator_edm_ELIA_000100_22_538977,Β' Παγκόσμιος Πόλεμος: ελληνικά στρατεύματα στη Βόρειο Αφρική και τη Μέση Ανατολή.,2039,http://eliaserver.elia.org.gr/LSelia/images_View/KOR1.058.JPG,Europeana,http://creativecommons.org/licenses/by/4.0/,Greece,IMAGE
/122/https___www_searchculture_gr_aggregator_edm_ELIA_000100_22_538983,Β' Παγκόσμιος Πόλεμος: ελληνικά στρατεύματα στη Βόρειο Αφρική και τη Μέση Ανατολή.,2039,http://eliaserver.elia.org.gr/LSelia/images_View/KOR1.061.JPG,Europeana,http://creativecommons.org/licenses/by/4.0/,Greece,IMAGE
/122/https___www_searchculture_gr_aggregator_edm_ELIA_000100_22_538993,Β' Παγκόσμιος Πόλεμος: ελληνικά στρατεύματα στη Βόρειο Αφρική και τη Μέση Ανατολή.,2039,http://eliaserver.elia.org.gr/LSelia/images_View/KOR1.066.JPG,Europeana,http://creativecommons.org/licenses/by/4.0/,Greece,IMAGE
/122/https___www_searchculture_gr_aggregator_edm_ELIA_000100_22_538995,Β' Παγκόσμιος Πόλεμος: ελληνικά στρατεύματα στη Βόρειο Αφρική και τη Μέση Ανατολή.,2039,http://eliaserver.elia.org.gr/LSelia/images_View/KOR1.067.JPG,Europeana,http://creativecommons.org/licenses/by/4.0/,Greece,IMAGE
/122/https___www_searchculture_gr_aggregator_edm_ELIA_000100_22_539001,Β' Παγκόσμιος Πόλεμος: ελληνικά στρατεύματα στη Βόρειο Αφρική και τη Μέση Ανατολή.,2039,http://eliaserver.elia.org.gr/LSelia/images_View/KOR1.070.JPG,Europeana,http://creativecommons.org/licenses/by/4.0/,Greece,IMAGE
/122/https___www_searchculture_gr_aggregator_edm_ELIA_000100_22_539005,Β' Παγκόσμιος Πόλεμος: ελληνικά στρατεύματα στη Βόρειο Αφρική και τη Μέση Ανατολή.,2039,http://eliaserver.elia.org.gr/LSelia/images_View/KOR1.072.JPG,Europeana,http://creativecommons.org/licenses/by/4.0/,Greece,IMAGE
/122/https___www_searchculture_gr_aggregator_edm_ELIA_000100_22_539007,Β' Παγκόσμιος Πόλεμος: ελληνικά στρατεύματα στη Βόρειο Αφρική και τη Μέση Ανατολή.,2039,http://eliaserver.elia.org.gr/LSelia/images_View/KOR1.073.JPG,Europeana,http://creativecommons.org/licenses/by/4.0/,Greece,IMAGE
/122/https___www_searchculture_gr_aggregator_edm_ELIA_000100_22_539011,Β' Παγκόσμιος Πόλεμος: ελληνικά στρατεύματα στη Βόρειο Αφρική και τη Μέση Ανατολή.,2039,http://eliaserver.elia.org.gr/LSelia/images_View/KOR1.075.JPG,Europeana,http://creativecommons.org/licenses/by/4.0/,Greece,IMAGE
/122/https___www_searchculture_gr_aggregator_edm_ELIA_000100_22_539013,Β' Παγκόσμιος Πόλεμος: ελληνικά στρατεύματα στη Βόρειο Αφρική και τη Μέση Ανατολή.,2039,http://eliaserver.elia.org.gr/LSelia/images_View/KOR1.076.JPG,Europeana,http://creativecommons.org/licenses/by/4.0/,Greece,IMAGE
/122/https___www_searchculture_gr_aggregator_edm_ELIA_000100_22_539015,Β' Παγκόσμιος Πόλεμος: ελληνικά στρατεύματα στη Βόρειο Αφρική και τη Μέση Ανατολή.,2039,http://eliaserver.elia.org.gr/LSelia/images_View/KOR1.077.JPG,Europeana,http://creativecommons.org/licenses/by/4.0/,Greece,IMAGE
/122/https___www_searchculture_gr_aggregator_edm_ELIA_000100_22_539021,Β' Παγκόσμιος Πόλεμος: ελληνικά στρατεύματα στη Βόρειο Αφρική και τη Μέση Ανατολή.,2039,http://eliaserver.elia.org.gr/LSelia/images_View/KOR1.080.JPG,Europeana,http://creativecommons.org/licenses/by/4.0/,Greece,IMAGE
/122/https___www_searchculture_gr_aggregator_edm_ELIA_000100_22_539029,Β' Παγκόσμιος Πόλεμος: ελληνικά στρατεύματα στη Βόρειο Αφρική και τη Μέση Ανατολή.,2039,http://eliaserver.elia.org.gr/LSelia/images_View/KOR1.084.JPG,Europeana,http://creativecommons.org/licenses/by/4.0/,Greece,IMAGE
/122/https___www_searchculture_gr_aggregator_edm_ELIA_000100_22_539033,Β' Παγκόσμιος Πόλεμος: ελληνικά στρατεύματα στη Βόρειο Αφρική και τη Μέση Ανατολή.,2039,http://eliaserver.elia.org.gr/LSelia/images_View/KOR1.086.JPG,Europeana,http://creativecommons.org/licenses/by/4.0/,Greece,IMAGE
/122/https___www_searchculture_gr_aggregator_edm_ELIA_000100_22_539043,Β' Παγκόσμιος Πόλεμος: βρετανικά στρατεύματα στη Βόρειο Αφρική και τη Μέση Ανατολή.,2039,http://eliaserver.elia.org.gr/LSelia/images_View/KOR1.091.JPG,Europeana,http://creativecommons.org/licenses/by/4.0/,Greece,IMAGE
/122/https___www_searchculture_gr_aggregator_edm_ELIA_000100_22_539053,Β' Παγκόσμιος Πόλεμος: ελληνικά στρατεύματα στη Βόρειο Αφρική και τη Μέση Ανατολή.,2039,http://eliaserver.elia.org.gr/LSelia/images_View/KOR1.096.JPG,Europeana,http://creativecommons.org/licenses/by/4.0/,Greece,IMAGE
/122/https___www_searchculture_gr_aggregator_edm_ELIA_000100_22_539055,Β' Παγκόσμιος Πόλεμος: ελληνικά στρατεύματα στη Βόρειο Αφρική και τη Μέση Ανατολή.,2039,http://eliaserver.elia.org.gr/LSelia/images_View/KOR1.097.JPG,Europeana,http://creativecommons.org/licenses/by/4.0/,Greece,IMAGE
/122/https___www_searchculture_gr_aggregator_edm_ELIA_000100_22_539067,Β' Παγκόσμιος Πόλεμος: ελληνικά στρατεύματα στη Βόρειο Αφρική και τη Μέση Ανατολή.,2039,http://eliaserver.elia.org.gr/LSelia/images_View/KOR1.102.JPG,Europeana,http://creativecommons.org/licenses/by/4.0/,Greece,IMAGE
/122/https___www_searchculture_gr_aggregator_edm_ELIA_000100_22_539077,Β' Παγκόσμιος Πόλεμος: ελληνικά στρατεύματα στη Βόρειο Αφρική και τη Μέση Ανατολή.,2039,http://eliaserver.elia.org.gr/LSelia/images_View/KOR1.106.JPG,Europeana,http://creativecommons.org/licenses/by/4.0/,Greece,IMAGE
/122/https___www_searchculture_gr_aggregator_edm_ELIA_000100_22_539085,Β' Παγκόσμιος Πόλεμος: ελληνικά στρατεύματα στη Βόρειο Αφρική και τη Μέση Ανατολή.,2039,http://eliaserver.elia.org.gr/LSelia/images_View/KOR1.109.JPG,Europeana,http://creativecommons.org/licenses/by/4.0/,Greece,IMAGE
/122/https___www_searchculture_gr_aggregator_edm_ELIA_000100_22_539089,Β' Παγκόσμιος Πόλεμος: ελληνικά στρατεύματα στη Βόρειο Αφρική και τη Μέση Ανατολή.,2039,http://eliaserver.elia.org.gr/LSelia/images_View/KOR1.111.JPG,Europeana,http://creativecommons.org/licenses/by/4.0/,Greece,IMAGE
/122/https___www_searchculture_gr_aggregator_edm_ELIA_000100_22_539091,Β' Παγκόσμιος Πόλεμος: ελληνικά στρατεύματα στη Βόρειο Αφρική και τη Μέση Ανατολή.,2039,http://eliaserver.elia.org.gr/LSelia/images_View/KOR1.112.JPG,Europeana,http://creativecommons.org/licenses/by/4.0/,Greece,IMAGE
/122/https___www_searchculture_gr_aggregator_edm_ELIA_000100_22_539093,Β' Παγκόσμιος Πόλεμος: ελληνικά στρατεύματα στη Βόρειο Αφρική και τη Μέση Ανατολή.,2039,http://eliaserver.elia.org.gr/LSelia/images_View/KOR1.113.JPG,Europeana,http://creativecommons.org/licenses/by/4.0/,Greece,IMAGE
/122/https___www_searchculture_gr_aggregator_edm_ELIA_000100_22_539099,Β' Παγκόσμιος Πόλεμος: ελληνικά στρατεύματα στη Βόρειο Αφρική και τη Μέση Ανατολή.,2039,http://eliaserver.elia.org.gr/LSelia/images_View/KOR1.116.JPG,Europeana,http://creativecommons.org/licenses/by/4.0/,Greece,IMAGE
/122/https___www_searchculture_gr_aggregator_edm_ELIA_000100_22_539105,Β' Παγκόσμιος Πόλεμος: ελληνικά στρατεύματα στη Βόρειο Αφρική και τη Μέση Ανατολή.,2039,http://eliaserver.elia.org.gr/LSelia/images_View/KOR1.119.JPG,Europeana,http://creativecommons.org/licenses/by/4.0/,Greece,IMAGE
/122/https___www_searchculture_gr_aggregator_edm_ELIA_000100_22_539113,Β' Παγκόσμιος Πόλεμος: ελληνικά στρατεύματα στη Βόρειο Αφρική και τη Μέση Ανατολή.,2039,http://eliaserver.elia.org.gr/LSelia/images_View/KOR1.123.JPG,Europeana,http://creativecommons.org/licenses/by/4.0/,Greece,IMAGE
/122/https___www_searchculture_gr_aggregator_edm_ELIA_000100_22_539121,Β' Παγκόσμιος Πόλεμος: ελληνικά στρατεύματα στη Βόρειο Αφρική και τη Μέση Ανατολή.,2039,http://eliaserver.elia.org.gr/LSelia/images_View/KOR1.127.JPG,Europeana,http://creativecommons.org/licenses/by/4.0/,Greece,IMAGE
/122/https___www_searchculture_gr_aggregator_edm_ELIA_000100_22_538795,Β' Παγκόσμιος Πόλεμος: ελληνικά στρατεύματα στη Βόρειο Αφρική και τη Μέση Ανατολή.,2039,http://eliaserver.elia.org.gr/LSelia/images_View/KOR1.002.JPG,Europeana,http://creativecommons.org/licenses/by/4.0/,Greece,IMAGE
/122/https___www_searchculture_gr_aggregator_edm_ELIA_000100_22_538797,Β' Παγκόσμιος Πόλεμος: ελληνικά στρατεύματα στη Βόρειο Αφρική και τη Μέση Ανατολή.,2039,http://eliaserver.elia.org.gr/LSelia/images_View/KOR1.003.JPG,Europeana,http://creativecommons.org/licenses/by/4.0/,Greece,IMAGE
/122/https___www_searchculture_gr_aggregator_edm_ELIA_000100_22_538847,Β' Παγκόσμιος Πόλεμος: ελληνικά στρατεύματα στη Βόρειο Αφρική και τη Μέση Ανατολή.,2039,http://eliaserver.elia.org.gr/LSelia/images_View/KOR1.005.JPG,Europeana,http://creativecommons.org/licenses/by/4.0/,Greece,IMAGE
/122/https___www_searchculture_gr_aggregator_edm_ELIA_000100_22_538851,Β' Παγκόσμιος Πόλεμος: ελληνικά στρατεύματα στη Βόρειο Αφρική και τη Μέση Ανατολή.,2039,http://eliaserver.elia.org.gr/LSelia/images_View/KOR1.006.JPG,Europeana,http://creativecommons.org/licenses/by/4.0/,Greece,IMAGE
/122/https___www_searchculture_gr_aggregator_edm_ELIA_000100_22_538859,Β' Παγκόσμιος Πόλεμος: ελληνικά στρατεύματα στη Βόρειο Αφρική και τη Μέση Ανατολή.,2039,http://eliaserver.elia.org.gr/LSelia/images_View/KOR1.008.JPG,Europeana,http://creativecommons.org/licenses/by/4.0/,Greece,IMAGE
/122/https___www_searchculture_gr_aggregator_edm_ELIA_000100_22_538861,Β' Παγκόσμιος Πόλεμος: ελληνικά στρατεύματα στη Βόρειο Αφρική και τη Μέση Ανατολή.,2039,http://eliaserver.elia.org.gr/LSelia/images_View/KOR1.009.JPG,Europeana,http://creativecommons.org/licenses/by/4.0/,Greece,IMAGE
/122/https___www_searchculture_gr_aggregator_edm_ELIA_000100_22_538889,Β' Παγκόσμιος Πόλεμος: ελληνικά στρατεύματα στη Βόρειο Αφρική και τη Μέση Ανατολή.,2039,http://eliaserver.elia.org.gr/LSelia/images_View/KOR1.020.JPG,Europeana,http://creativecommons.org/licenses/by/4.0/,Greece,IMAGE
/122/https___www_searchculture_gr_aggregator_edm_ELIA_000100_22_538895,Β' Παγκόσμιος Πόλεμος: ελληνικά στρατεύματα στη Βόρειο Αφρική και τη Μέση Ανατολή.,2039,http://eliaserver.elia.org.gr/LSelia/images_View/KOR1.023.JPG,Europeana,http://creativecommons.org/licenses/by/4.0/,Greece,IMAGE
/122/https___www_searchculture_gr_aggregator_edm_ELIA_000100_22_538899,Β' Παγκόσμιος Πόλεμος: ελληνικά στρατεύματα στη Βόρειο Αφρική και τη Μέση Ανατολή.,2039,http://eliaserver.elia.org.gr/LSelia/images_View/KOR1.025.JPG,Europeana,http://creativecommons.org/licenses/by/4.0/,Greece,IMAGE
/122/https___www_searchculture_gr_aggregator_edm_ELIA_000100_22_538903,Β' Παγκόσμιος Πόλεμος: ελληνικά στρατεύματα στη Βόρειο Αφρική και τη Μέση Ανατολή.,2039,http://eliaserver.elia.org.gr/LSelia/images_View/KOR1.027.JPG,Europeana,http://creativecommons.org/licenses/by/4.0/,Greece,IMAGE
/122/https___www_searchculture_gr_aggregator_edm_ELIA_000100_22_538905,Β' Παγκόσμιος Πόλεμος: ελληνικά στρατεύματα στη Βόρειο Αφρική και τη Μέση Ανατολή.,2039,http://eliaserver.elia.org.gr/LSelia/images_View/KOR1.028.JPG,Europeana,http://creativecommons.org/licenses/by/4.0/,Greece,IMAGE
/122/https___www_searchculture_gr_aggregator_edm_ELIA_000100_22_538911,Β' Παγκόσμιος Πόλεμος: ελληνικά στρατεύματα στη Βόρειο Αφρική και τη Μέση Ανατολή.,2039,http://eliaserver.elia.org.gr/LSelia/images_View/KOR1.030.JPG,Europeana,http://creativecommons.org/licenses/by/4.0/,Greece,IMAGE
/122/https___www_searchculture_gr_aggregator_edm_ELIA_000100_22_538919,Β' Παγκόσμιος Πόλεμος: ελληνικά στρατεύματα στη Βόρειο Αφρική και τη Μέση Ανατολή.,2039,http://eliaserver.elia.org.gr/LSelia/images_View/KOR1.034.JPG,Europeana,http://creativecommons.org/licenses/by/4.0/,Greece,IMAGE
/122/https___www_searchculture_gr_aggregator_edm_ELIA_000100_22_538923,Β' Παγκόσμιος Πόλεμος: ελληνικά στρατεύματα στη Βόρειο Αφρική και τη Μέση Ανατολή.,2039,http://eliaserver.elia.org.gr/LSelia/images_View/KOR1.036.JPG,Europeana,http://creativecommons.org/licenses/by/4.0/,Greece,IMAGE
/122/https___www_searchculture_gr_aggregator_edm_ELIA_000100_22_538929,Β' Παγκόσμιος Πόλεμος: ελληνικά στρατεύματα στη Βόρειο Αφρική και τη Μέση Ανατολή.,2039,http://eliaserver.elia.org.gr/LSelia/images_View/KOR1.039.JPG,Europeana,http://creativecommons.org/licenses/by/4.0/,Greece,IMAGE
/122/https___www_searchculture_gr_aggregator_edm_ELIA_000100_22_538931,Β' Παγκόσμιος Πόλεμος: ελληνικά στρατεύματα στη Βόρειο Αφρική και τη Μέση Ανατολή.,2039,http://eliaserver.elia.org.gr/LSelia/images_View/KOR1.040.JPG,Europeana,http://creativecommons.org/licenses/by/4.0/,Greece,IMAGE
/122/https___www_searchculture_gr_aggregator_edm_ELIA_000100_22_538935,Β' Παγκόσμιος Πόλεμος: ελληνικά στρατεύματα στη Βόρειο Αφρική και τη Μέση Ανατολή.,2039,http://eliaserver.elia.org.gr/LSelia/images_View/KOR1.042.JPG,Europeana,http://creativecommons.org/licenses/by/4.0/,Greece,IMAGE
/122/https___www_searchculture_gr_aggregator_edm_ELIA_000100_22_538943,Β' Παγκόσμιος Πόλεμος: ελληνικά στρατεύματα στη Βόρειο Αφρική και τη Μέση Ανατολή.,2039,http://eliaserver.elia.org.gr/LSelia/images_View/KOR1.046.JPG,Europeana,http://creativecommons.org/licenses/by/4.0/,Greece,IMAGE
/122/https___www_searchculture_gr_aggregator_edm_ELIA_000100_22_538947,Β' Παγκόσμιος Πόλεμος: ελληνικά στρατεύματα στη Βόρειο Αφρική και τη Μέση Ανατολή.,2039,http://eliaserver.elia.org.gr/LSelia/images_View/KOR1.048.JPG,Europeana,http://creativecommons.org/licenses/by/4.0/,Greece,IMAGE
/122/https___www_searchculture_gr_aggregator_edm_ELIA_000100_22_538949,Β' Παγκόσμιος Πόλεμος: ελληνικά στρατεύματα στη Βόρειο Αφρική και τη Μέση Ανατολή.,2039,http://eliaserver.elia.org.gr/LSelia/images_View/KOR1.049.JPG,Europeana,http://creativecommons.org/licenses/by/4.0/,Greece,IMAGE
/122/https___www_searchculture_gr_aggregator_edm_ELIA_000100_22_538957,Β' Παγκόσμιος Πόλεμος: ελληνικά στρατεύματα στη Βόρειο Αφρική και τη Μέση Ανατολή.,2039,http://eliaserver.elia.org.gr/LSelia/images_View/KOR1.052.JPG,Europeana,http://creativecommons.org/licenses/by/4.0/,Greece,IMAGE
/122/https___www_searchculture_gr_aggregator_edm_ELIA_000100_22_538963,Β' Παγκόσμιος Πόλεμος: ελληνικά στρατεύματα στη Βόρειο Αφρική και τη Μέση Ανατολή.,2039,http://eliaserver.elia.org.gr/LSelia/images_View/KOR1.053.JPG,Europeana,http://creativecommons.org/licenses/by/4.0/,Greece,IMAGE
/122/https___www_searchculture_gr_aggregator_edm_ELIA_000100_22_538966,Β' Παγκόσμιος Πόλεμος: ελληνικά στρατεύματα στη Βόρειο Αφρική και τη Μέση Ανατολή.,2039,http://eliaserver.elia.org.gr/LSelia/images_View/KOR1.054.JPG,Europeana,http://creativecommons.org/licenses/by/4.0/,Greece,IMAGE
/122/https___www_searchculture_gr_aggregator_edm_ELIA_000100_22_538969,Β' Παγκόσμιος Πόλεμος: ελληνικά στρατεύματα στη Βόρειο Αφρική και τη Μέση Ανατολή.,2039,http://eliaserver.elia.org.gr/LSelia/images_View/KOR1.055.JPG,Europeana,http://creativecommons.org/licenses/by/4.0/,Greece,IMAGE
/122/https___www_searchculture_gr_aggregator_edm_ELIA_000100_22_538987,Β' Παγκόσμιος Πόλεμος: ελληνικά στρατεύματα στη Βόρειο Αφρική και τη Μέση Ανατολή.,2039,http://eliaserver.elia.org.gr/LSelia/images_View/KOR1.063.JPG,Europeana,http://creativecommons.org/licenses/by/4.0/,Greece,IMAGE
/122/https___www_searchculture_gr_aggregator_edm_ELIA_000100_22_538989,Β' Παγκόσμιος Πόλεμος: ελληνικά στρατεύματα στη Βόρειο Αφρική και τη Μέση Ανατολή.,2039,http://eliaserver.elia.org.gr/LSelia/images_View/KOR1.064.JPG,Europeana,http://creativecommons.org/licenses/by/4.0/,Greece,IMAGE
/122/https___www_searchculture_gr_aggregator_edm_ELIA_000100_22_538999,Β' Παγκόσμιος Πόλεμος: ελληνικά στρατεύματα στη Βόρειο Αφρική και τη Μέση Ανατολή.,2039,http://eliaserver.elia.org.gr/LSelia/images_View/KOR1.069.JPG,Europeana,http://creativecommons.org/licenses/by/4.0/,Greece,IMAGE
/122/https___www_searchculture_gr_aggregator_edm_ELIA_000100_22_539003,Β' Παγκόσμιος Πόλεμος: ελληνικά στρατεύματα στη Βόρειο Αφρική και τη Μέση Ανατολή.,2039,http://eliaserver.elia.org.gr/LSelia/images_View/KOR1.071.JPG,Europeana,http://creativecommons.org/licenses/by/4.0/,Greece,IMAGE
/122/https___www_searchculture_gr_aggregator_edm_ELIA_000100_22_539017,Β' Παγκόσμιος Πόλεμος: ελληνικά στρατεύματα στη Βόρειο Αφρική και τη Μέση Ανατολή.,2039,http://eliaserver.elia.org.gr/LSelia/images_View/KOR1.078.JPG,Europeana,http://creativecommons.org/licenses/by/4.0/,Greece,IMAGE
/122/https___www_searchculture_gr_aggregator_edm_ELIA_000100_22_539019,Β' Παγκόσμιος Πόλεμος: ελληνικά στρατεύματα στη Βόρειο Αφρική και τη Μέση Ανατολή.,2039,http://eliaserver.elia.org.gr/LSelia/images_View/KOR1.079.JPG,Europeana,http://creativecommons.org/licenses/by/4.0/,Greece,IMAGE
/122/https___www_searchculture_gr_aggregator_edm_ELIA_000100_22_539023,Β' Παγκόσμιος Πόλεμος: ελληνικά στρατεύματα στη Βόρειο Αφρική και τη Μέση Ανατολή.,2039,http://eliaserver.elia.org.gr/LSelia/images_View/KOR1.081.JPG,Europeana,http://creativecommons.org/licenses/by/4.0/,Greece,IMAGE
/122/https___www_searchculture_gr_aggregator_edm_ELIA_000100_22_539031,Β' Παγκόσμιος Πόλεμος: ελληνικά στρατεύματα στη Βόρειο Αφρική και τη Μέση Ανατολή.,2039,http://eliaserver.elia.org.gr/LSelia/images_View/KOR1.085.JPG,Europeana,http://creativecommons.org/licenses/by/4.0/,Greece,IMAGE
/122/https___www_searchculture_gr_aggregator_edm_ELIA_000100_22_539041,Β' Παγκόσμιος Πόλεμος: ελληνικά στρατεύματα στη Βόρειο Αφρική και τη Μέση Ανατολή.,2039,http://eliaserver.elia.org.gr/LSelia/images_View/KOR1.090.JPG,Europeana,http://creativecommons.org/licenses/by/4.0/,Greece,IMAGE
/122/https___www_searchculture_gr_aggregator_edm_ELIA_000100_22_539047,Β' Παγκόσμιος Πόλεμος: ελληνικά στρατεύματα στη Βόρειο Αφρική και τη Μέση Ανατολή.,2039,http://eliaserver.elia.org.gr/LSelia/images_View/KOR1.093.JPG,Europeana,http://creativecommons.org/licenses/by/4.0/,Greece,IMAGE
/122/https___www_searchculture_gr_aggregator_edm_ELIA_000100_22_539061,Β' Παγκόσμιος Πόλεμος: ελληνικά στρατεύματα στη Βόρειο Αφρική και τη Μέση Ανατολή.,2039,http://eliaserver.elia.org.gr/LSelia/images_View/KOR1.099.JPG,Europeana,http://creativecommons.org/licenses/by/4.0/,Greece,IMAGE
/122/https___www_searchculture_gr_aggregator_edm_ELIA_000100_22_539065,Β' Παγκόσμιος Πόλεμος: ελληνικά στρατεύματα στη Βόρειο Αφρική και τη Μέση Ανατολή.,2039,http://eliaserver.elia.org.gr/LSelia/images_View/KOR1.101.JPG,Europeana,http://creativecommons.org/licenses/by/4.0/,Greece,IMAGE
/122/https___www_searchculture_gr_aggregator_edm_ELIA_000100_22_539071,Β' Παγκόσμιος Πόλεμος: ελληνικά στρατεύματα στη Βόρειο Αφρική και τη Μέση Ανατολή.,2039,http://eliaserver.elia.org.gr/LSelia/images_View/KOR1.104.JPG,Europeana,http://creativecommons.org/licenses/by/4.0/,Greece,IMAGE
/122/https___www_searchculture_gr_aggregator_edm_ELIA_000100_22_539073,Β' Παγκόσμιος Πόλεμος: ελληνικά στρατεύματα στη Βόρειο Αφρική και τη Μέση Ανατολή.,2039,http://eliaserver.elia.org.gr/LSelia/images_View/KOR1.105.JPG,Europeana,http://creativecommons.org/licenses/by/4.0/,Greece,IMAGE
/122/https___www_searchculture_gr_aggregator_edm_ELIA_000100_22_539079,Β' Παγκόσμιος Πόλεμος: ελληνικά στρατεύματα στη Βόρειο Αφρική και τη Μέση Ανατολή.,2039,http://eliaserver.elia.org.gr/LSelia/images_View/KOR1.107.JPG,Europeana,http://creativecommons.org/licenses/by/4.0/,Greece,IMAGE
/122/https___www_searchculture_gr_aggregator_edm_ELIA_000100_22_539081,Β' Παγκόσμιος Πόλεμος: ελληνικά στρατεύματα στη Βόρειο Αφρική και τη Μέση Ανατολή.,2039,http://eliaserver.elia.org.gr/LSelia/images_View/KOR1.108.JPG,Europeana,http://creativecommons.org/licenses/by/4.0/,Greece,IMAGE
/122/https___www_searchculture_gr_aggregator_edm_ELIA_000100_22_539101,Β' Παγκόσμιος Πόλεμος: ελληνικά στρατεύματα στη Βόρειο Αφρική και τη Μέση Ανατολή.,2039,http://eliaserver.elia.org.gr/LSelia/images_View/KOR1.117.JPG,Europeana,http://creativecommons.org/licenses/by/4.0/,Greece,IMAGE
/122/https___www_searchculture_gr_aggregator_edm_ELIA_000100_22_539107,Β' Παγκόσμιος Πόλεμος: ελληνικά στρατεύματα στη Βόρειο Αφρική και τη Μέση Ανατολή.,2039,http://eliaserver.elia.org.gr/LSelia/images_View/KOR1.120.JPG,Europeana,http://creativecommons.org/licenses/by/4.0/,Greece,IMAGE
/122/https___www_searchculture_gr_aggregator_edm_ELIA_000100_22_539109,Β' Παγκόσμιος Πόλεμος: ελληνικά στρατεύματα στη Βόρειο Αφρική και τη Μέση Ανατολή.,2039,http://eliaserver.elia.org.gr/LSelia/images_View/KOR1.121.JPG,Europeana,http://creativecommons.org/licenses/by/4.0/,Greece,IMAGE
/122/https___www_searchculture_gr_aggregator_edm_ELIA_000100_22_539111,Β' Παγκόσμιος Πόλεμος: ελληνικά στρατεύματα στη Βόρειο Αφρική και τη Μέση Ανατολή.,2039,http://eliaserver.elia.org.gr/LSelia/images_View/KOR1.122.JPG,Europeana,http://creativecommons.org/licenses/by/4.0/,Greece,IMAGE
/122/https___www_searchculture_gr_aggregator_edm_ELIA_000100_22_539119,Β' Παγκόσμιος Πόλεμος: ελληνικά στρατεύματα στη Βόρειο Αφρική και τη Μέση Ανατολή.,2039,http://eliaserver.elia.org.gr/LSelia/images_View/KOR1.126.JPG,Europeana,http://creativecommons.org/licenses/by/4.0/,Greece,IMAGE
/122/https___www_searchculture_gr_aggregator_edm_ELIA_000100_22_539123,Β' Παγκόσμιος Πόλεμος: ελληνικά στρατεύματα στη Βόρειο Αφρική και τη Μέση Ανατολή.,2039,http://eliaserver.elia.org.gr/LSelia/images_View/KOR1.128.JPG,Europeana,http://creativecommons.org/licenses/by/4.0/,Greece,IMAGE
/2020601/https___1914_1918_europeana_eu_contributions_12720,Geschichte der Familie Quarg - 1. Weltkrieg,1914,https://rhus-209.man.poznan.pl/fcgi-bin/iipsrv.fcgi?IIIF=11/5//2020601/https___1914_1918_europeana_eu_contributions_12720/12720.131483.original.tif/full/full/0/default.jpg,Europeana,http://creativecommons.org/licenses/by-sa/3.0/,Europe,IMAGE
/401/item_5K3RDFZ7AH4S5G26NS5AKG5QX2E23IDE,katke M Veski kirjast teadetega muhulaste saatuse kohta II maailmasõja ajal,1958,https://www.muis.ee/digitaalhoidla/api/meedia/originaal?id=c5d14e94-6afe-4c63-8f6f-a7880d1c858e,Europeana,http://creativecommons.org/publicdomain/zero/1.0/,Estonia,IMAGE
/188/item_6T6V7XDYQE2GDGMWWDVAQQKCYZ2LMVWU,Denkmal für die Gefallenen des 1. Weltkrieges mit Gedenktafel für die Gefallenen des 2. Weltkrieges,1999,http://fotothek.slub-dresden.de/fotos/df_hauptkatalog_0458399.jpg,Europeana,http://creativecommons.org/licenses/by-sa/4.0/,Germany,IMAGE
/0940419/_nnRW0xx,"Przygody dobrego wojaka Szwejka podczas wojny światowej, tom I i II",2070,http://wolnelektury.pl/katalog/lektura/hasek-przygody-dobrego-wojaka-szwejka-t-i-ii,Europeana,http://creativecommons.org/publicdomain/mark/1.0/,Poland,IMAGE
/463/item_Z4EWA6ULNO4LUN45DEPHTPF73SLXF5HY,"World War II, World War II. The Netherlands under German occupation. Portrait of a German Soldier with Steel Helmet, Wounded and Infantry Storm Badge and Iron Cross (probably near The Hague)",2027,http://fotothek.slub-dresden.de/fotos/df_hauptkatalog_0212845_014.jpg,Europeana,http://creativecommons.org/publicdomain/mark/1.0/,Germany,IMAGE
/440/item_P7YPZ4EKVYPJTXKS6EWXJJDBWOARDSM4,"Zweiter Weltkrieg, Zweiter Weltkrieg. Niederlande unter deutscher Besatzung. Porträt eines Wehrmachtsangehörigen mit Stahlhelm, Verwundeten- und Infanterie-Sturmabzeichen sowie Eisernem Kreuz (wohl bei Den Haag)",1998,http://fotothek.slub-dresden.de/fotos/df_hauptkatalog_0212845_013.jpg,Europeana,http://creativecommons.org/publicdomain/mark/1.0/,Germany,IMAGE
/437/item_EM73SIJKAFAYC2C6VB2ODVU5HXU4HCXP,"World War II, World War II. The Netherlands under German occupation. Portrait of a German Soldier with Steel Helmet, Wounded and Infantry Storm Badge and Iron Cross (probably near The Hague)",1997,http://fotothek.slub-dresden.de/fotos/df_hauptkatalog_0212845_016.jpg,Europeana,http://creativecommons.org/publicdomain/mark/1.0/,Germany,IMAGE
/1472/_4d38798cc82e1405122c,"Institutional education of blind, deaf and speech-disabled children in Slovenia until World War II",2018,https://repozytorium.uni.wroc.pl/Content/95649/PDF/11_%C5%A0orn_Mojca_Dobaja_Dunja_Institutional_education_of_blind_deaf_and_speech-disabled_children_in_Slovenia_until_World_War_II.pdf,Europeana,http://creativecommons.org/licenses/by-sa/4.0/,Poland,IMAGE
/2020601/https___1914_1918_europeana_eu_contributions_14097,World War 1 - An Unkept Promise,2061,https://rhus-209.man.poznan.pl/fcgi-bin/iipsrv.fcgi?IIIF=11/5//2020601/https___1914_1918_europeana_eu_contributions_14097/14097.143295.original_Page0000.tif/full/full/0/default.jpg,Europeana,http://creativecommons.org/licenses/by-sa/3.0/,Europe,IMAGE
/440/item_YLXV4FBMIYIHUKBZY5NLVKEJNTLDKGJV,"World War II, World War II. The Netherlands under German occupation. Portrait of a German Soldier with Steel Helmet, Wounded and Infantry Storm Badge and Iron Cross (probably near The Hague)",1999,http://fotothek.slub-dresden.de/fotos/df_hauptkatalog_0212845_015.jpg,Europeana,http://creativecommons.org/publicdomain/mark/1.0/,Germany,IMAGE
/2021009/_28660FB4078277CF7607E5D36292AAAD,Saksalainen panssarivaunu Tuirassa Oulussa,1994,https://mpfinlandrepox.zetcom.app/imagehelper/download?id=1067774&size=extra_large&org=43094,Europeana,http://creativecommons.org/licenses/by/4.0/,Finland,IMAGE
/1472/_1b19897a2c4647bd467b,The elections and legitimation of Communist rule in Poland after the Second World War,2023,https://repozytorium.uni.wroc.pl/Content/141712/PDF/12_M_Siedziako_The_elections_and_legitimation_of_Communist_rule_in_Poland_after_the_Second_World_War.pdf,Europeana,http://creativecommons.org/licenses/by/4.0/,Poland,IMAGE
/2048425/item_MKKE3V5H76DOQ32R3F45ZNFJXSIQ37XN,"Labour-related conventions and configurations of meaning: France, Germany and Great Britain prior to the Second World War",2011,http://www.ssoar.info/ssoar/bitstream/handle/document/36304/ssoar-hsr-2011-4-salais-Labour-related_conventions_and_configurations_of.pdf?sequence=1,Europeana,http://creativecommons.org/licenses/by/4.0/,Germany,IMAGE
/2020601/https___1914_1918_europeana_eu_contributions_6835,Aschenbecher zur Erinnerung an den Ersten Weltkrieg 1914/15,1914,https://rhus-209.man.poznan.pl/fcgi-bin/iipsrv.fcgi?IIIF=11/5//2020601/https___1914_1918_europeana_eu_contributions_6835/6835.82386.original.tif/full/full/0/default.jpg,Europeana,http://creativecommons.org/licenses/by-sa/3.0/,Europe,IMAGE
/9200231/BibliographicResource_3000006447608,Drei Jahre Weltkrieg für einfache Schulverhältnisse bearbeitet,1918,http://content.staatsbibliothek-berlin.de/dms/PPN735118248/1200/0/00000001.jpg,Europeana,http://creativecommons.org/publicdomain/mark/1.0/,Germany,IMAGE
/2048425/item_2NSI6QL3EILNGF4HVDPQZIV2G6T3G7XP,The importance of the act of 23 August 1944 in the geopolitical context of the Second World War,2017,http://www.ssoar.info/ssoar/bitstream/handle/document/59317/ssoar-annoradea-2017-9-oltean-The_importance_of_the_act.pdf?sequence=1,Europeana,http://creativecommons.org/licenses/by/3.0/,Germany,IMAGE
/188/item_3QV4CMIZRGRVKPETIVK2A5TKJAABJ6WF,"Second World War. Russia, Twer Oblast. Civilians fleeing",1999,http://fotothek.slub-dresden.de/fotos/df_hauptkatalog_0212766_017.jpg,Europeana,http://creativecommons.org/publicdomain/mark/1.0/,Germany,IMAGE
/437/item_CY5MR44CIEI44MJNWA5AYLOJTNJ4YSTH,Headstone crosses for the fallen of the 2nd World War,1997,http://fotothek.slub-dresden.de/fotos/df_hauptkatalog_0766502.jpg,Europeana,http://creativecommons.org/licenses/by-sa/4.0/,Germany,IMAGE
/440/item_LLCKFBS5RPA4VS4BMF3JYL5QSO6JOYOX,Zweiter Weltkrieg. Kampfpausen. Sowjetunion. Angehöriger der deutschen Wehrmacht,1998,http://fotothek.slub-dresden.de/fotos/df_hauptkatalog_0212759_002.jpg,Europeana,http://creativecommons.org/publicdomain/mark/1.0/,Germany,IMAGE
/440/item_WBQIYV75KYQU4FX6L4YPLI5N7WDJZ6A7,Zweiter Weltkrieg. Frontbilder. Sowjetunion. Angehöriger der deutschen Wehrmacht,1999,http://fotothek.slub-dresden.de/fotos/df_hauptkatalog_0212848_008.jpg,Europeana,http://creativecommons.org/publicdomain/mark/1.0/,Germany,IMAGE
/437/item_GTEMALPAIHKBI3OFNPKFVTOUVB4YLZP3,Zweiter Weltkrieg. Frontbilder. Sowjetunion. Angehöriger der deutschen Wehrmacht,1998,http://fotothek.slub-dresden.de/fotos/df_hauptkatalog_0212848_024.jpg,Europeana,http://creativecommons.org/publicdomain/mark/1.0/,Germany,IMAGE
/463/item_RE4RC3IVZJXF7Z7ZYF4425MWMOCXY4DI,Zweiter Weltkrieg. Porträt eines deutschen Wehrmachtsangehörigen im Freien,2027,http://fotothek.slub-dresden.de/fotos/df_hauptkatalog_0212751_024.jpg,Europeana,http://creativecommons.org/publicdomain/mark/1.0/,Germany,IMAGE
/565/S_GL_photo_GLMH000230,"LV 2 exhibition at Garnisonsmuséet 1990’s.
(the development of weapons during World War II)",2071,https://mm.dimu.org/image/0136NR4HBnJS?dimension=1200x1200,Europeana,http://creativecommons.org/publicdomain/zero/1.0/,Sweden,IMAGE
/2021009/_27527784646451ACC75FC845869EAEF3,Saksan armeija Pohjois-Suomessa toisen maailmansodan aikana,1994,https://mpfinlandrepox.zetcom.app/imagehelper/download?id=1065254&size=extra_large&org=43094,Europeana,http://creativecommons.org/licenses/by/4.0/,Finland,IMAGE
/2021009/_4B63F5B594A4AC674BD32168293016A9,Saksan armeija Pohjois-Suomessa toisen maailmansodan aikana,1995,https://mpfinlandrepox.zetcom.app/imagehelper/download?id=1066728&size=extra_large&org=43094,Europeana,http://creativecommons.org/licenses/by/4.0/,Finland,IMAGE
/2021009/_5B2C0716E42766C23C7F5405DAEE24F8,Saksan armeija Pohjois-Suomessa toisen maailmansodan aikana,1995,https://mpfinlandrepox.zetcom.app/imagehelper/download?id=1029944&size=extra_large&org=43094,Europeana,http://creativecommons.org/licenses/by/4.0/,Finland,IMAGE
/937/Culturalia_80d2342e_a1d0_4fbe_a42e_4e104d85ef09,Despre trupele de avangardă teatrală din Franța de după al doilea război mondial,2066,https://resource.culturalia.ro/public/2000/01/01/_Z:/B-SRR/2020/Iunie/Marta/6_AUR%20ZW%20878%20I_06.mp3,Europeana,http://creativecommons.org/licenses/by-sa/4.0/,Romania,IMAGE
/2021009/_35314E1CA76BDD4F299C440A6A54A781,Saksan armeija Pohjois-Suomessa toisen maailmansodan aikana,1994,https://mpfinlandrepox.zetcom.app/imagehelper/download?id=1063444&size=extra_large&org=43094,Europeana,http://creativecommons.org/licenses/by/4.0/,Finland,IMAGE
/2021009/_A2D6B3A3646AC5DE963169F26FD44058,Saksan armeija Pohjois-Suomessa toisen maailmansodan aikana,1995,https://mpfinlandrepox.zetcom.app/imagehelper/download?id=1024711&size=extra_large&org=43094,Europeana,http://creativecommons.org/licenses/by/4.0/,Finland,IMAGE
/2021009/_28E585B7BC4C4CB56C9F3EBD9EC6EBFA,Saksan armeija Pohjois-Suomessa toisen maailmansodan aikana,1994,https://mpfinlandrepox.zetcom.app/imagehelper/download?id=1023217&size=extra_large&org=43094,Europeana,http://creativecommons.org/licenses/by/4.0/,Finland,IMAGE
/2021009/_9D62D261667241D686A1F6A714F9C5BD,Saksan armeija Pohjois-Suomessa toisen maailmansodan aikana,1995,https://mpfinlandrepox.zetcom.app/imagehelper/download?id=1058460&size=extra_large&org=43094,Europeana,http://creativecommons.org/licenses/by/4.0/,Finland,IMAGE
/2021009/_424FBFC88AB261A91B19BF0E393004CD,Saksan armeija Pohjois-Suomessa toisen maailmansodan aikana,1994,https://mpfinlandrepox.zetcom.app/imagehelper/download?id=1066393&size=extra_large&org=43094,Europeana,http://creativecommons.org/licenses/by/4.0/,Finland,IMAGE
/2021009/_5D4CB51787D33F64FBBE0B36E609C4EB,Saksan armeija Pohjois-Suomessa toisen maailmansodan aikana,1995,https://mpfinlandrepox.zetcom.app/imagehelper/download?id=1066479&size=extra_large&org=43094,Europeana,http://creativecommons.org/licenses/by/4.0/,Finland,IMAGE
/2021009/_90091F5FFD02D7B2FCAE49E851FD3540,Saksan armeija Pohjois-Suomessa toisen maailmansodan aikana,1995,https://mpfinlandrepox.zetcom.app/imagehelper/download?id=1063278&size=extra_large&org=43094,Europeana,http://creativecommons.org/licenses/by/4.0/,Finland,IMAGE
/2021009/_B12381684C468AB037B2F9C6F19BC9A3,Saksan armeija Pohjois-Suomessa toisen maailmansodan aikana,1995,https://mpfinlandrepox.zetcom.app/imagehelper/download?id=1022374&size=extra_large&org=43094,Europeana,http://creativecommons.org/licenses/by/4.0/,Finland,IMAGE
/2021009/_D9044348C731AECA455ABAB9332208F1,Saksan armeija Pohjois-Suomessa toisen maailmansodan aikana,1995,https://mpfinlandrepox.zetcom.app/imagehelper/download?id=1065197&size=extra_large&org=43094,Europeana,http://creativecommons.org/licenses/by/4.0/,Finland,IMAGE
/2021009/_BDDA597FA847DC3214636E6522CFEA93,Saksan armeija Pohjois-Suomessa toisen maailmansodan aikana,1995,https://mpfinlandrepox.zetcom.app/imagehelper/download?id=1066464&size=extra_large&org=43094,Europeana,http://creativecommons.org/licenses/by/4.0/,Finland,IMAGE
/2021009/_86549180A04473535F787B05DC7DE6A6,Saksan armeija Pohjois-Suomessa toisen maailmansodan aikana,1995,https://mpfinlandrepox.zetcom.app/imagehelper/download?id=1023437&size=extra_large&org=43094,Europeana,http://creativecommons.org/licenses/by/4.0/,Finland,IMAGE
/2021009/_24EA8BB162E9804ECE13EFD0E38F25CE,Saksan armeija Pohjois-Suomessa toisen maailmansodan aikana,1994,https://mpfinlandrepox.zetcom.app/imagehelper/download?id=1059364&size=extra_large&org=43094,Europeana,http://creativecommons.org/licenses/by/4.0/,Finland,IMAGE
/2021009/_1285DF6052012BA71ACABADD4A72BDEE,Saksan sotajoukot Pohjois-Suomessa toisen maailmansodan aikana,1994,https://mpfinlandrepox.zetcom.app/imagehelper/download?id=1063129&size=extra_large&org=43094,Europeana,http://creativecommons.org/licenses/by/4.0/,Finland,IMAGE
/2021009/_1EBC2F635CEBE05DB4D85D99A068FF2F,Saksan sotajoukot Pohjois-Suomessa toisen maailmansodan aikana,1994,https://mpfinlandrepox.zetcom.app/imagehelper/download?id=1066251&size=extra_large&org=43094,Europeana,http://creativecommons.org/licenses/by/4.0/,Finland,IMAGE
/2021009/_D7BE01C4E07200E2DC991BB99851BF9A,Saksan armeija Pohjois-Suomessa toisen maailmansodan aikana,1995,https://mpfinlandrepox.zetcom.app/imagehelper/download?id=1064680&size=extra_large&org=43094,Europeana,http://creativecommons.org/licenses/by/4.0/,Finland,IMAGE
/2021009/_812C99491D6F8EC51355277DD5B79CBD,Saksan sotajoukot Pohjois-Suomessa toisen maailmansodan aikana,1995,https://mpfinlandrepox.zetcom.app/imagehelper/download?id=1065498&size=extra_large&org=43094,Europeana,http://creativecommons.org/licenses/by/4.0/,Finland,IMAGE
/2021009/_DC4FF1623FEECCE66D95F3912E7AD4E6,Saksan sotajoukot Pohjois-Suomessa toisen maailmansodan aikana,1995,https://mpfinlandrepox.zetcom.app/imagehelper/download?id=1061261&size=extra_large&org=43094,Europeana,http://creativecommons.org/licenses/by/4.0/,Finland,IMAGE
/2021009/_E2ED396DB35F9726244445A690B78FE0,Saksan armeija Pohjois-Suomessa toisen maailmansodan aikana,1995,https://mpfinlandrepox.zetcom.app/imagehelper/download?id=1066783&size=extra_large&org=43094,Europeana,http://creativecommons.org/licenses/by/4.0/,Finland,IMAGE
/463/item_ZAVG2KNE6HNEH7DG4YABCCNK7O46GD64,Zweiter Weltkrieg. Straßenbild mit marschierenden Soldaten und Militärtechnik,2027,http://fotothek.slub-dresden.de/fotos/df_hauptkatalog_0670641.jpg,Europeana,http://creativecommons.org/publicdomain/mark/1.0/,Germany,IMAGE
/440/item_YDKVF2LKOQVZZ4IE5A23UYCJE35UHICD,Gedenkstein für die Opfer des 2. Welzkrieges,1999,http://fotothek.slub-dresden.de/fotos/df_hauptkatalog_0413810.jpg,Europeana,http://creativecommons.org/licenses/by-sa/4.0/,Germany,IMAGE
/437/item_FJYHRIXBZFTHA3OMWAWXXKJRTNJWRRIJ,Zweiter Weltkrieg. Drei deutsche Wehrmachtsangehörige (vielleicht bei Lindau aufgenommen),1997,http://fotothek.slub-dresden.de/fotos/df_hauptkatalog_0212847_015a.jpg,Europeana,http://creativecommons.org/publicdomain/mark/1.0/,Germany,IMAGE
/2020601/https___1914_1918_europeana_eu_contributions_599,Kriegsbecher,1914,https://rhus-209.man.poznan.pl/fcgi-bin/iipsrv.fcgi?IIIF=11/5//2020601/https___1914_1918_europeana_eu_contributions_599/599.3099.original.tif/full/full/0/default.jpg,Europeana,http://creativecommons.org/licenses/by-sa/3.0/,Europe,IMAGE
/437/item_DXIDGXJUG3VS5BEJVAEMY3WHGLERL3W2,"Zweiter Weltkrieg. Drei Wehrmachtsangehörige, in ein Gebirgstal schauend",1997,http://fotothek.slub-dresden.de/fotos/df_hauptkatalog_0669515.jpg,Europeana,http://creativecommons.org/publicdomain/mark/1.0/,Germany,IMAGE
/2020601/https___1914_1918_europeana_eu_contributions_13007,Brüder Oswald und Theodor Meisel ziehen in den Krieg,1915,https://rhus-209.man.poznan.pl/fcgi-bin/iipsrv.fcgi?IIIF=11/5//2020601/https___1914_1918_europeana_eu_contributions_13007/13007.131762.original.tif/full/full/0/default.jpg,Europeana,http://creativecommons.org/licenses/by-sa/3.0/,Europe,IMAGE
/437/item_JCHRYE57C2BSQJS5OJ5YZRNCLGIAINB5,Zweiter Weltkrieg. Frontbilder. Sowjetunion. Infanteristen beim Durchqueren eines Flusses,1998,http://fotothek.slub-dresden.de/fotos/df_hauptkatalog_0915163.jpg,Europeana,http://creativecommons.org/publicdomain/mark/1.0/,Germany,IMAGE
/1316/https___www_searchculture_gr_aggregator_edm_momus_000179_9854,Αναμνήσεις πολέμου,2070,http://dam.momus.gr/files/original/5d68e5b470b46c5df77efbeea75e7f55f4306570.jpg,Europeana,http://creativecommons.org/licenses/by-sa/4.0/,Greece,IMAGE
/0943108/libvar_ARTICLE_23686,War,2069,http://catalog.libvar.bg/view/show_pdf_issue.pl?MATERIAL=article&image_id=775560548.09280513813072962809,Europeana,http://creativecommons.org/publicdomain/zero/1.0/,Bulgaria,IMAGE
/437/item_KSOPDAHIQ7LEBL6T25VH7VZGWGHNQTYX,Zweiter Weltkrieg. Zur Einquartierung. Sowjetunion. Porträt einer jungen Bäuerin,1998,http://fotothek.slub-dresden.de/fotos/df_hauptkatalog_0212747_031.jpg,Europeana,http://creativecommons.org/publicdomain/mark/1.0/,Germany,IMAGE
/188/item_7YTLRRXPFAW4FAJ7FWQU3MNEVSSYD5HX,Zweiter Weltkrieg. Frontbilder. Gruppe von Wehrmachtsangehörigen in der Dämmerung,1999,http://fotothek.slub-dresden.de/fotos/df_hauptkatalog_0670763.jpg,Europeana,http://creativecommons.org/publicdomain/mark/1.0/,Germany,IMAGE
/463/item_ULTYJDABJLZO3GTBRZQ7PIY55E2LANZX,"Zweiter Weltkrieg. Wohl Soldaten bei Nacht im Einsatz, brennende Gebäude?",2027,http://fotothek.slub-dresden.de/fotos/df_hauptkatalog_0915175.jpg,Europeana,http://creativecommons.org/publicdomain/mark/1.0/,Germany,IMAGE
/2048425/item_YJ4NNLB52KILZ4PLM3MEEG637U2LXPCM,The value of financial market analysis for historical science: a study based on the 2nd World War,2007,http://www.ssoar.info/ssoar/bitstream/handle/document/6294/ssoar-hsr-2007-no_4__no_122-frey_et_al-using_financial_markets_to_analyze.pdf?sequence=1,Europeana,http://creativecommons.org/licenses/by/4.0/,Germany,IMAGE
/440/item_RZYOLCNA2ADB6CQP7V6UJF5U2ZYYAZ2W,Zweiter Weltkrieg. Auf Heimaturlaub. Wohl Familienmitglieder des Fotografen,1998,http://fotothek.slub-dresden.de/fotos/df_hauptkatalog_0212762_022.jpg,Europeana,http://creativecommons.org/publicdomain/mark/1.0/,Germany,IMAGE
/0943108/libvar_ARTICLE_20296,Морската война,2069,http://catalog.libvar.bg/view/show_pdf_issue.pl?MATERIAL=article&image_id=1331559124.4900213521052854805,Europeana,http://creativecommons.org/publicdomain/zero/1.0/,Bulgaria,IMAGE
/437/item_CIJFFPKHZIO7C2EJORQPJZPNZVIDBPYX,Zweiter Weltkrieg. Sowjetunion. Kampfpausen. Durch ein Dorf rollender Panzer,1997,http://fotothek.slub-dresden.de/fotos/df_hauptkatalog_0915170.jpg,Europeana,http://creativecommons.org/publicdomain/mark/1.0/,Germany,IMAGE
/188/item_AATLAN7ZFTH2TWBO4DM5XPWERAP54EOS,Zweiter Weltkrieg. Sowjetunion. Kampfpausen. Unbefestigte Landstraße mit Bauernhütten,1999,http://fotothek.slub-dresden.de/fotos/df_hauptkatalog_0668927.jpg,Europeana,http://creativecommons.org/publicdomain/mark/1.0/,Germany,IMAGE
/2021009/_D7BF8C402C747571004902D855A6394C,Kaksi saksalaista sotilasta Kuivasjärven tiellä Oulussa toisen maailmansodan aikaan,1995,https://mpfinlandrepox.zetcom.app/imagehelper/download?id=1071459&size=extra_large&org=43094,Europeana,http://creativecommons.org/licenses/by/4.0/,Finland,IMAGE
/2020601/https___1914_1918_europeana_eu_contributions_21163,RIX07_366 Georgs Fārts (1897-1941) Pirmajā pasaules karā,1941,https://rhus-209.man.poznan.pl/fcgi-bin/iipsrv.fcgi?IIIF=11/5//2020601/https___1914_1918_europeana_eu_contributions_21163/21163.241606.original.tif/full/full/0/default.jpg,Europeana,http://creativecommons.org/licenses/by-sa/3.0/,Europe,IMAGE
/2048425/item_GKEJ2RLNPFUOLEX2TR5XQMGGST2JXZYH,"Review: Hartmut Radebold, Gereon Heuft, Insa Fooken (ed.): Childnesses in World War II. War experiences and their consequences from a psychohistorical perspective",2007,http://www.ssoar.info/ssoar/bitstream/handle/document/21204/ssoar-disk-2007-2-rez-hubner-funk.pdf?sequence=1,Europeana,http://creativecommons.org/licenses/by-sa/4.0/,Germany,IMAGE
/2020601/https___1914_1918_europeana_eu_contributions_14074,Kriegslied 1914,1914,https://rhus-209.man.poznan.pl/fcgi-bin/iipsrv.fcgi?IIIF=11/5//2020601/https___1914_1918_europeana_eu_contributions_14074/14074.142888.original_Page0000.tif/full/full/0/default.jpg,Europeana,http://creativecommons.org/licenses/by-sa/3.0/,Europe,IMAGE
/9200231/BibliographicResource_3000060327784,"Keinen Krieg für Wilhelm II Die ""Fränkische Tagespost"" (16. Oktober) schreibt ..",1918,http://content.staatsbibliothek-berlin.de/dms/PPN76790690X/1200/0/00000001.jpg,Europeana,http://creativecommons.org/publicdomain/mark/1.0/,Germany,IMAGE
/188/item_4CE2J3CNYC3DNLXKHXON4ZUFJAHTGAFR,Zweiter Weltkrieg. Porträt einer jungen Frau (vielleicht bei Lindau aufgenommen),1999,http://fotothek.slub-dresden.de/fotos/df_hauptkatalog_0212847_037a.jpg,Europeana,http://creativecommons.org/publicdomain/mark/1.0/,Germany,IMAGE
/0943101/libvar_ARTICLE_15149,General war,2065,http://catalog.libvar.bg/view/show_pdf_issue.pl?MATERIAL=article&image_id=736526435.70578113240478820416,Europeana,http://creativecommons.org/publicdomain/zero/1.0/,Bulgaria,IMAGE
/2020601/https___1914_1918_europeana_eu_contributions_15801,Kickers Kriegstagebuch No. II. Mitglieder des Stuttgarter Fußballvereins zwischen 1915 und 1916,2061,https://rhus-209.man.poznan.pl/fcgi-bin/iipsrv.fcgi?IIIF=11/5//2020601/https___1914_1918_europeana_eu_contributions_15801/15801.167483.original.tif/full/full/0/default.jpg,Europeana,http://creativecommons.org/licenses/by-sa/3.0/,Europe,IMAGE
/318/marc_nli_004464550,Opening ceremony of he new Synagogue in Tel Aviv on Ben Yehuda street of the German Jewish community who arrived in Palestine in the years before the World War II.,1971,https://media.jhn.ngo/proxy?url=https://media.jhn.ngo/NLI/IIIFv21/FL61477009/full/max/0/default.jpg,Europeana,http://creativecommons.org/licenses/by/4.0/,Israel,IMAGE
/318/marc_nli_004464557,Opening ceremony of he new Synagogue in Tel Aviv on Ben Yehuda street of the German Jewish community who arrived in Palestine in the years before the World War II.,1971,https://media.jhn.ngo/proxy?url=https://media.jhn.ngo/NLI/IIIFv21/FL61476852/full/max/0/default.jpg,Europeana,http://creativecommons.org/licenses/by/4.0/,Israel,IMAGE
/318/marc_nli_004464568,Opening ceremony of he new Synagogue in Tel Aviv on Ben Yehuda street of the German Jewish community who arrived in Palestine in the years before the World War II.,1971,https://media.jhn.ngo/proxy?url=https://media.jhn.ngo/NLI/IIIFv21/FL61476561/full/max/0/default.jpg,Europeana,http://creativecommons.org/licenses/by/4.0/,Israel,IMAGE
/318/marc_nli_004464570,Opening ceremony of he new Synagogue in Tel Aviv on Ben Yehuda street of the German Jewish community who arrived in Palestine in the years before the World War II.,1971,https://media.jhn.ngo/proxy?url=https://media.jhn.ngo/NLI/IIIFv21/FL61476516/full/max/0/default.jpg,Europeana,http://creativecommons.org/licenses/by/4.0/,Israel,IMAGE
/318/marc_nli_004464579,Opening ceremony of he new Synagogue in Tel Aviv on Ben Yehuda street of the German Jewish community who arrived in Palestine in the years before the World War II.,1971,https://media.jhn.ngo/proxy?url=https://media.jhn.ngo/NLI/IIIFv21/FL61476304/full/max/0/default.jpg,Europeana,http://creativecommons.org/licenses/by/4.0/,Israel,IMAGE
/318/marc_nli_004464582,Opening ceremony of he new Synagogue in Tel Aviv on Ben Yehuda street of the German Jewish community who arrived in Palestine in the years before the World War II.,1971,https://media.jhn.ngo/proxy?url=https://media.jhn.ngo/NLI/IIIFv21/FL61476219/full/max/0/default.jpg,Europeana,http://creativecommons.org/licenses/by/4.0/,Israel,IMAGE
/318/marc_nli_004464588,Opening ceremony of he new Synagogue in Tel Aviv on Ben Yehuda street of the German Jewish community who arrived in Palestine in the years before the World War II.,1971,https://media.jhn.ngo/proxy?url=https://media.jhn.ngo/NLI/IIIFv21/FL61476059/full/max/0/default.jpg,Europeana,http://creativecommons.org/licenses/by/4.0/,Israel,IMAGE
/318/marc_nli_004464601,Opening ceremony of he new Synagogue in Tel Aviv on Ben Yehuda street of the German Jewish community who arrived in Palestine in the years before the World War II.,1971,https://media.jhn.ngo/proxy?url=https://media.jhn.ngo/NLI/IIIFv21/FL61475759/full/max/0/default.jpg,Europeana,http://creativecommons.org/licenses/by/4.0/,Israel,IMAGE
/318/marc_nli_004464602,Opening ceremony of he new Synagogue in Tel Aviv on Ben Yehuda street of the German Jewish community who arrived in Palestine in the years before the World War II.,1971,https://media.jhn.ngo/proxy?url=https://media.jhn.ngo/NLI/IIIFv21/FL61475741/full/max/0/default.jpg,Europeana,http://creativecommons.org/licenses/by/4.0/,Israel,IMAGE
/318/marc_nli_004464607,Opening ceremony of he new Synagogue in Tel Aviv on Ben Yehuda street of the German Jewish community who arrived in Palestine in the years before the World War II.,1971,https://media.jhn.ngo/proxy?url=https://media.jhn.ngo/NLI/IIIFv21/FL61475630/full/max/0/default.jpg,Europeana,http://creativecommons.org/licenses/by/4.0/,Israel,IMAGE
/318/marc_nli_004464608,Opening ceremony of he new Synagogue in Tel Aviv on Ben Yehuda street of the German Jewish community who arrived in Palestine in the years before the World War II.,1971,https://media.jhn.ngo/proxy?url=https://media.jhn.ngo/NLI/IIIFv21/FL61475604/full/max/0/default.jpg,Europeana,http://creativecommons.org/licenses/by/4.0/,Israel,IMAGE
/318/marc_nli_004464611,Opening ceremony of he new Synagogue in Tel Aviv on Ben Yehuda street of the German Jewish community who arrived in Palestine in the years before the World War II.,1971,https://media.jhn.ngo/proxy?url=https://media.jhn.ngo/NLI/IIIFv21/FL61475544/full/max/0/default.jpg,Europeana,http://creativecommons.org/licenses/by/4.0/,Israel,IMAGE
/318/marc_nli_004464623,Opening ceremony of he new Synagogue in Tel Aviv on Ben Yehuda street of the German Jewish community who arrived in Palestine in the years before the World War II.,1971,https://media.jhn.ngo/proxy?url=https://media.jhn.ngo/NLI/IIIFv21/FL61475256/full/max/0/default.jpg,Europeana,http://creativecommons.org/licenses/by/4.0/,Israel,IMAGE
/318/marc_nli_004464624,Opening ceremony of he new Synagogue in Tel Aviv on Ben Yehuda street of the German Jewish community who arrived in Palestine in the years before the World War II.,1971,https://media.jhn.ngo/proxy?url=https://media.jhn.ngo/NLI/IIIFv21/FL61475232/full/max/0/default.jpg,Europeana,http://creativecommons.org/licenses/by/4.0/,Israel,IMAGE
/318/marc_nli_004464629,Opening ceremony of he new Synagogue in Tel Aviv on Ben Yehuda street of the German Jewish community who arrived in Palestine in the years before the World War II.,1971,https://media.jhn.ngo/proxy?url=https://media.jhn.ngo/NLI/IIIFv21/FL61475099/full/max/0/default.jpg,Europeana,http://creativecommons.org/licenses/by/4.0/,Israel,IMAGE
/318/marc_nli_004464632,Opening ceremony of he new Synagogue in Tel Aviv on Ben Yehuda street of the German Jewish community who arrived in Palestine in the years before the World War II.,1971,https://media.jhn.ngo/proxy?url=https://media.jhn.ngo/NLI/IIIFv21/FL61475028/full/max/0/default.jpg,Europeana,http://creativecommons.org/licenses/by/4.0/,Israel,IMAGE
/318/marc_nli_004464643,Opening ceremony of he new Synagogue in Tel Aviv on Ben Yehuda street of the German Jewish community who arrived in Palestine in the years before the World War II.,1971,https://media.jhn.ngo/proxy?url=https://media.jhn.ngo/NLI/IIIFv21/FL61474758/full/max/0/default.jpg,Europeana,http://creativecommons.org/licenses/by/4.0/,Israel,IMAGE
/318/marc_nli_004464655,Opening ceremony of he new Synagogue in Tel Aviv on Ben Yehuda street of the German Jewish community who arrived in Palestine in the years before the World War II.,1971,https://media.jhn.ngo/proxy?url=https://media.jhn.ngo/NLI/IIIFv21/FL61474490/full/max/0/default.jpg,Europeana,http://creativecommons.org/licenses/by/4.0/,Israel,IMAGE
/318/marc_nli_004464656,Opening ceremony of he new Synagogue in Tel Aviv on Ben Yehuda street of the German Jewish community who arrived in Palestine in the years before the World War II.,1971,https://media.jhn.ngo/proxy?url=https://media.jhn.ngo/NLI/IIIFv21/FL61474467/full/max/0/default.jpg,Europeana,http://creativecommons.org/licenses/by/4.0/,Israel,IMAGE
/318/marc_nli_004464666,Opening ceremony of he new Synagogue in Tel Aviv on Ben Yehuda street of the German Jewish community who arrived in Palestine in the years before the World War II.,1971,https://media.jhn.ngo/proxy?url=https://media.jhn.ngo/NLI/IIIFv21/FL61474227/full/max/0/default.jpg,Europeana,http://creativecommons.org/licenses/by/4.0/,Israel,IMAGE
/318/marc_nli_004464667,Opening ceremony of he new Synagogue in Tel Aviv on Ben Yehuda street of the German Jewish community who arrived in Palestine in the years before the World War II.,1971,https://media.jhn.ngo/proxy?url=https://media.jhn.ngo/NLI/IIIFv21/FL61474205/full/max/0/default.jpg,Europeana,http://creativecommons.org/licenses/by/4.0/,Israel,IMAGE
/318/marc_nli_004464670,Opening ceremony of he new Synagogue in Tel Aviv on Ben Yehuda street of the German Jewish community who arrived in Palestine in the years before the World War II.,1971,https://media.jhn.ngo/proxy?url=https://media.jhn.ngo/NLI/IIIFv21/FL61474137/full/max/0/default.jpg,Europeana,http://creativecommons.org/licenses/by/4.0/,Israel,IMAGE
/318/marc_nli_004464678,Opening ceremony of he new Synagogue in Tel Aviv on Ben Yehuda street of the German Jewish community who arrived in Palestine in the years before the World War II.,1971,https://media.jhn.ngo/proxy?url=https://media.jhn.ngo/NLI/IIIFv21/FL61473973/full/max/0/default.jpg,Europeana,http://creativecommons.org/licenses/by/4.0/,Israel,IMAGE
/318/marc_nli_004464679,Opening ceremony of he new Synagogue in Tel Aviv on Ben Yehuda street of the German Jewish community who arrived in Palestine in the years before the World War II.,1971,https://media.jhn.ngo/proxy?url=https://media.jhn.ngo/NLI/IIIFv21/FL61473957/full/max/0/default.jpg,Europeana,http://creativecommons.org/licenses/by/4.0/,Israel,IMAGE
/318/marc_nli_004464681,Opening ceremony of he new Synagogue in Tel Aviv on Ben Yehuda street of the German Jewish community who arrived in Palestine in the years before the World War II.,1971,https://media.jhn.ngo/proxy?url=https://media.jhn.ngo/NLI/IIIFv21/FL61473907/full/max/0/default.jpg,Europeana,http://creativecommons.org/licenses/by/4.0/,Israel,IMAGE
/318/marc_nli_004464547,Opening ceremony of he new Synagogue in Tel Aviv on Ben Yehuda street of the German Jewish community who arrived in Palestine in the years before the World War II.,1971,https://media.jhn.ngo/proxy?url=https://media.jhn.ngo/NLI/IIIFv21/FL61477069/full/max/0/default.jpg,Europeana,http://creativecommons.org/licenses/by/4.0/,Israel,IMAGE
/318/marc_nli_004464556,Opening ceremony of he new Synagogue in Tel Aviv on Ben Yehuda street of the German Jewish community who arrived in Palestine in the years before the World War II.,1971,https://media.jhn.ngo/proxy?url=https://media.jhn.ngo/NLI/IIIFv21/FL61476876/full/max/0/default.jpg,Europeana,http://creativecommons.org/licenses/by/4.0/,Israel,IMAGE
/318/marc_nli_004464560,Opening ceremony of he new Synagogue in Tel Aviv on Ben Yehuda street of the German Jewish community who arrived in Palestine in the years before the World War II.,1971,https://media.jhn.ngo/proxy?url=https://media.jhn.ngo/NLI/IIIFv21/FL61476781/full/max/0/default.jpg,Europeana,http://creativecommons.org/licenses/by/4.0/,Israel,IMAGE
/318/marc_nli_004464561,Opening ceremony of he new Synagogue in Tel Aviv on Ben Yehuda street of the German Jewish community who arrived in Palestine in the years before the World War II.,1971,https://media.jhn.ngo/proxy?url=https://media.jhn.ngo/NLI/IIIFv21/FL61476760/full/max/0/default.jpg,Europeana,http://creativecommons.org/licenses/by/4.0/,Israel,IMAGE
/318/marc_nli_004464566,Opening ceremony of he new Synagogue in Tel Aviv on Ben Yehuda street of the German Jewish community who arrived in Palestine in the years before the World War II.,1971,https://media.jhn.ngo/proxy?url=https://media.jhn.ngo/NLI/IIIFv21/FL61476617/full/max/0/default.jpg,Europeana,http://creativecommons.org/licenses/by/4.0/,Israel,IMAGE
/318/marc_nli_004464567,Opening ceremony of he new Synagogue in Tel Aviv on Ben Yehuda street of the German Jewish community who arrived in Palestine in the years before the World War II.,1971,https://media.jhn.ngo/proxy?url=https://media.jhn.ngo/NLI/IIIFv21/FL61476594/full/max/0/default.jpg,Europeana,http://creativecommons.org/licenses/by/4.0/,Israel,IMAGE
/318/marc_nli_004464572,Opening ceremony of he new Synagogue in Tel Aviv on Ben Yehuda street of the German Jewish community who arrived in Palestine in the years before the World War II.,1971,https://media.jhn.ngo/proxy?url=https://media.jhn.ngo/NLI/IIIFv21/FL61476461/full/max/0/default.jpg,Europeana,http://creativecommons.org/licenses/by/4.0/,Israel,IMAGE
/318/marc_nli_004464577,Opening ceremony of he new Synagogue in Tel Aviv on Ben Yehuda street of the German Jewish community who arrived in Palestine in the years before the World War II.,1971,https://media.jhn.ngo/proxy?url=https://media.jhn.ngo/NLI/IIIFv21/FL61476362/full/max/0/default.jpg,Europeana,http://creativecommons.org/licenses/by/4.0/,Israel,IMAGE
/318/marc_nli_004464580,Opening ceremony of he new Synagogue in Tel Aviv on Ben Yehuda street of the German Jewish community who arrived in Palestine in the years before the World War II.,1971,https://media.jhn.ngo/proxy?url=https://media.jhn.ngo/NLI/IIIFv21/FL61476277/full/max/0/default.jpg,Europeana,http://creativecommons.org/licenses/by/4.0/,Israel,IMAGE
/318/marc_nli_004464581,Opening ceremony of he new Synagogue in Tel Aviv on Ben Yehuda street of the German Jewish community who arrived in Palestine in the years before the World War II.,1971,https://media.jhn.ngo/proxy?url=https://media.jhn.ngo/NLI/IIIFv21/FL61476251/full/max/0/default.jpg,Europeana,http://creativecommons.org/licenses/by/4.0/,Israel,IMAGE
/318/marc_nli_004464591,Opening ceremony of he new Synagogue in Tel Aviv on Ben Yehuda street of the German Jewish community who arrived in Palestine in the years before the World War II.,1971,https://media.jhn.ngo/proxy?url=https://media.jhn.ngo/NLI/IIIFv21/FL61475996/full/max/0/default.jpg,Europeana,http://creativecommons.org/licenses/by/4.0/,Israel,IMAGE
/318/marc_nli_004464594,Opening ceremony of he new Synagogue in Tel Aviv on Ben Yehuda street of the German Jewish community who arrived in Palestine in the years before the World War II.,1971,https://media.jhn.ngo/proxy?url=https://media.jhn.ngo/NLI/IIIFv21/FL61475928/full/max/0/default.jpg,Europeana,http://creativecommons.org/licenses/by/4.0/,Israel,IMAGE
/318/marc_nli_004464609,Opening ceremony of he new Synagogue in Tel Aviv on Ben Yehuda street of the German Jewish community who arrived in Palestine in the years before the World War II.,1971,https://media.jhn.ngo/proxy?url=https://media.jhn.ngo/NLI/IIIFv21/FL61475588/full/max/0/default.jpg,Europeana,http://creativecommons.org/licenses/by/4.0/,Israel,IMAGE
/318/marc_nli_004464612,Opening ceremony of he new Synagogue in Tel Aviv on Ben Yehuda street of the German Jewish community who arrived in Palestine in the years before the World War II.,1971,https://media.jhn.ngo/proxy?url=https://media.jhn.ngo/NLI/IIIFv21/FL61475530/full/max/0/default.jpg,Europeana,http://creativecommons.org/licenses/by/4.0/,Israel,IMAGE
/318/marc_nli_004464613,Opening ceremony of he new Synagogue in Tel Aviv on Ben Yehuda street of the German Jewish community who arrived in Palestine in the years before the World War II.,1971,https://media.jhn.ngo/proxy?url=https://media.jhn.ngo/NLI/IIIFv21/FL61475497/full/max/0/default.jpg,Europeana,http://creativecommons.org/licenses/by/4.0/,Israel,IMAGE
/318/marc_nli_004464622,Opening ceremony of he new Synagogue in Tel Aviv on Ben Yehuda street of the German Jewish community who arrived in Palestine in the years before the World War II.,1971,https://media.jhn.ngo/proxy?url=https://media.jhn.ngo/NLI/IIIFv21/FL61475284/full/max/0/default.jpg,Europeana,http://creativecommons.org/licenses/by/4.0/,Israel,IMAGE
/318/marc_nli_004464635,Opening ceremony of he new Synagogue in Tel Aviv on Ben Yehuda street of the German Jewish community who arrived in Palestine in the years before the World War II.,1971,https://media.jhn.ngo/proxy?url=https://media.jhn.ngo/NLI/IIIFv21/FL61474952/full/max/0/default.jpg,Europeana,http://creativecommons.org/licenses/by/4.0/,Israel,IMAGE
/318/marc_nli_004464645,Opening ceremony of he new Synagogue in Tel Aviv on Ben Yehuda street of the German Jewish community who arrived in Palestine in the years before the World War II.,1971,https://media.jhn.ngo/proxy?url=https://media.jhn.ngo/NLI/IIIFv21/FL61474692/full/max/0/default.jpg,Europeana,http://creativecommons.org/licenses/by/4.0/,Israel,IMAGE
/318/marc_nli_004464646,Opening ceremony of he new Synagogue in Tel Aviv on Ben Yehuda street of the German Jewish community who arrived in Palestine in the years before the World War II.,1971,https://media.jhn.ngo/proxy?url=https://media.jhn.ngo/NLI/IIIFv21/FL61474676/full/max/0/default.jpg,Europeana,http://creativecommons.org/licenses/by/4.0/,Israel,IMAGE
/318/marc_nli_004464660,Opening ceremony of he new Synagogue in Tel Aviv on Ben Yehuda street of the German Jewish community who arrived in Palestine in the years before the World War II.,1971,https://media.jhn.ngo/proxy?url=https://media.jhn.ngo/NLI/IIIFv21/FL61474379/full/max/0/default.jpg,Europeana,http://creativecommons.org/licenses/by/4.0/,Israel,IMAGE
/318/marc_nli_004464677,Opening ceremony of he new Synagogue in Tel Aviv on Ben Yehuda street of the German Jewish community who arrived in Palestine in the years before the World War II.,1971,https://media.jhn.ngo/proxy?url=https://media.jhn.ngo/NLI/IIIFv21/FL61473984/full/max/0/default.jpg,Europeana,http://creativecommons.org/licenses/by/4.0/,Israel,IMAGE
/318/marc_nli_004464680,Opening ceremony of he new Synagogue in Tel Aviv on Ben Yehuda street of the German Jewish community who arrived in Palestine in the years before the World War II.,1971,https://media.jhn.ngo/proxy?url=https://media.jhn.ngo/NLI/IIIFv21/FL61473934/full/max/0/default.jpg,Europeana,http://creativecommons.org/licenses/by/4.0/,Israel,IMAGE
/440/item_IBLHE7SUVLW45PSHGTLU7E2LFXTKHF73,Zweiter Weltkrieg. Frontbilder. Sowjetunion. Porträt eines Angehörigen der deutschen Wehrmacht,1998,http://fotothek.slub-dresden.de/fotos/df_hauptkatalog_0212764_034.jpg,Europeana,http://creativecommons.org/publicdomain/mark/1.0/,Germany,IMAGE
/318/marc_nli_004464546,Opening ceremony of he new Synagogue in Tel Aviv on Ben Yehuda street of the German Jewish community who arrived in Palestine in the years before the World War II.,1971,https://media.jhn.ngo/proxy?url=https://media.jhn.ngo/NLI/IIIFv21/FL61477097/full/max/0/default.jpg,Europeana,http://creativecommons.org/licenses/by/4.0/,Israel,IMAGE
/318/marc_nli_004464555,Opening ceremony of he new Synagogue in Tel Aviv on Ben Yehuda street of the German Jewish community who arrived in Palestine in the years before the World War II.,1971,https://media.jhn.ngo/proxy?url=https://media.jhn.ngo/NLI/IIIFv21/FL61476899/full/max/0/default.jpg,Europeana,http://creativecommons.org/licenses/by/4.0/,Israel,IMAGE
/318/marc_nli_004464558,Opening ceremony of he new Synagogue in Tel Aviv on Ben Yehuda street of the German Jewish community who arrived in Palestine in the years before the World War II.,1971,https://media.jhn.ngo/proxy?url=https://media.jhn.ngo/NLI/IIIFv21/FL61476822/full/max/0/default.jpg,Europeana,http://creativecommons.org/licenses/by/4.0/,Israel,IMAGE
/318/marc_nli_004464569,Opening ceremony of he new Synagogue in Tel Aviv on Ben Yehuda street of the German Jewish community who arrived in Palestine in the years before the World War II.,1971,https://media.jhn.ngo/proxy?url=https://media.jhn.ngo/NLI/IIIFv21/FL61476537/full/max/0/default.jpg,Europeana,http://creativecommons.org/licenses/by/4.0/,Israel,IMAGE
/318/marc_nli_004464571,Opening ceremony of he new Synagogue in Tel Aviv on Ben Yehuda street of the German Jewish community who arrived in Palestine in the years before the World War II.,1971,https://media.jhn.ngo/proxy?url=https://media.jhn.ngo/NLI/IIIFv21/FL61476490/full/max/0/default.jpg,Europeana,http://creativecommons.org/licenses/by/4.0/,Israel,IMAGE
/318/marc_nli_004464578,Opening ceremony of he new Synagogue in Tel Aviv on Ben Yehuda street of the German Jewish community who arrived in Palestine in the years before the World War II.,1971,https://media.jhn.ngo/proxy?url=https://media.jhn.ngo/NLI/IIIFv21/FL61476332/full/max/0/default.jpg,Europeana,http://creativecommons.org/licenses/by/4.0/,Israel,IMAGE
/318/marc_nli_004464583,Opening ceremony of he new Synagogue in Tel Aviv on Ben Yehuda street of the German Jewish community who arrived in Palestine in the years before the World War II.,1971,https://media.jhn.ngo/proxy?url=https://media.jhn.ngo/NLI/IIIFv21/FL61476177/full/max/0/default.jpg,Europeana,http://creativecommons.org/licenses/by/4.0/,Israel,IMAGE
/318/marc_nli_004464589,Opening ceremony of he new Synagogue in Tel Aviv on Ben Yehuda street of the German Jewish community who arrived in Palestine in the years before the World War II.,1971,https://media.jhn.ngo/proxy?url=https://media.jhn.ngo/NLI/IIIFv21/FL61476047/full/max/0/default.jpg,Europeana,http://creativecommons.org/licenses/by/4.0/,Israel,IMAGE
/318/marc_nli_004464592,Opening ceremony of he new Synagogue in Tel Aviv on Ben Yehuda street of the German Jewish community who arrived in Palestine in the years before the World War II.,1971,https://media.jhn.ngo/proxy?url=https://media.jhn.ngo/NLI/IIIFv21/FL61475976/full/max/0/default.jpg,Europeana,http://creativecommons.org/licenses/by/4.0/,Israel,IMAGE
/318/marc_nli_004464593,Opening ceremony of he new Synagogue in Tel Aviv on Ben Yehuda street of the German Jewish community who arrived in Palestine in the years before the World War II.,1971,https://media.jhn.ngo/proxy?url=https://media.jhn.ngo/NLI/IIIFv21/FL61475947/full/max/0/default.jpg,Europeana,http://creativecommons.org/licenses/by/4.0/,Israel,IMAGE
/318/marc_nli_004464599,Opening ceremony of he new Synagogue in Tel Aviv on Ben Yehuda street of the German Jewish community who arrived in Palestine in the years before the World War II.,1971,https://media.jhn.ngo/proxy?url=https://media.jhn.ngo/NLI/IIIFv21/FL61475833/full/max/0/default.jpg,Europeana,http://creativecommons.org/licenses/by/4.0/,Israel,IMAGE
/318/marc_nli_004464600,Opening ceremony of he new Synagogue in Tel Aviv on Ben Yehuda street of the German Jewish community who arrived in Palestine in the years before the World War II.,1971,https://media.jhn.ngo/proxy?url=https://media.jhn.ngo/NLI/IIIFv21/FL61475800/full/max/0/default.jpg,Europeana,http://creativecommons.org/licenses/by/4.0/,Israel,IMAGE
/318/marc_nli_004464610,Opening ceremony of he new Synagogue in Tel Aviv on Ben Yehuda street of the German Jewish community who arrived in Palestine in the years before the World War II.,1971,https://media.jhn.ngo/proxy?url=https://media.jhn.ngo/NLI/IIIFv21/FL61475555/full/max/0/default.jpg,Europeana,http://creativecommons.org/licenses/by/4.0/,Israel,IMAGE
/318/marc_nli_004464618,Opening ceremony of he new Synagogue in Tel Aviv on Ben Yehuda street of the German Jewish community who arrived in Palestine in the years before the World War II.,1971,https://media.jhn.ngo/proxy?url=https://media.jhn.ngo/NLI/IIIFv21/FL61475378/full/max/0/default.jpg,Europeana,http://creativecommons.org/licenses/by/4.0/,Israel,IMAGE
/318/marc_nli_004464619,Opening ceremony of he new Synagogue in Tel Aviv on Ben Yehuda street of the German Jewish community who arrived in Palestine in the years before the World War II.,1971,https://media.jhn.ngo/proxy?url=https://media.jhn.ngo/NLI/IIIFv21/FL61475358/full/max/0/default.jpg,Europeana,http://creativecommons.org/licenses/by/4.0/,Israel,IMAGE
/318/marc_nli_004464621,Opening ceremony of he new Synagogue in Tel Aviv on Ben Yehuda street of the German Jewish community who arrived in Palestine in the years before the World War II.,1971,https://media.jhn.ngo/proxy?url=https://media.jhn.ngo/NLI/IIIFv21/FL61475312/full/max/0/default.jpg,Europeana,http://creativecommons.org/licenses/by/4.0/,Israel,IMAGE
/318/marc_nli_004464633,Opening ceremony of he new Synagogue in Tel Aviv on Ben Yehuda street of the German Jewish community who arrived in Palestine in the years before the World War II.,1971,https://media.jhn.ngo/proxy?url=https://media.jhn.ngo/NLI/IIIFv21/FL61475006/full/max/0/default.jpg,Europeana,http://creativecommons.org/licenses/by/4.0/,Israel,IMAGE
/318/marc_nli_004464634,Opening ceremony of he new Synagogue in Tel Aviv on Ben Yehuda street of the German Jewish community who arrived in Palestine in the years before the World War II.,1971,https://media.jhn.ngo/proxy?url=https://media.jhn.ngo/NLI/IIIFv21/FL61474978/full/max/0/default.jpg,Europeana,http://creativecommons.org/licenses/by/4.0/,Israel,IMAGE
/318/marc_nli_004464644,Opening ceremony of he new Synagogue in Tel Aviv on Ben Yehuda street of the German Jewish community who arrived in Palestine in the years before the World War II.,1971,https://media.jhn.ngo/proxy?url=https://media.jhn.ngo/NLI/IIIFv21/FL61474722/full/max/0/default.jpg,Europeana,http://creativecommons.org/licenses/by/4.0/,Israel,IMAGE
/318/marc_nli_004464654,Opening ceremony of he new Synagogue in Tel Aviv on Ben Yehuda street of the German Jewish community who arrived in Palestine in the years before the World War II.,1971,https://media.jhn.ngo/proxy?url=https://media.jhn.ngo/NLI/IIIFv21/FL61474497/full/max/0/default.jpg,Europeana,http://creativecommons.org/licenses/by/4.0/,Israel,IMAGE
/318/marc_nli_004464657,Opening ceremony of he new Synagogue in Tel Aviv on Ben Yehuda street of the German Jewish community who arrived in Palestine in the years before the World War II.,1971,https://media.jhn.ngo/proxy?url=https://media.jhn.ngo/NLI/IIIFv21/FL61474443/full/max/0/default.jpg,Europeana,http://creativecommons.org/licenses/by/4.0/,Israel,IMAGE
/318/marc_nli_004464665,Opening ceremony of he new Synagogue in Tel Aviv on Ben Yehuda street of the German Jewish community who arrived in Palestine in the years before the World War II.,1971,https://media.jhn.ngo/proxy?url=https://media.jhn.ngo/NLI/IIIFv21/FL61474260/full/max/0/default.jpg,Europeana,http://creativecommons.org/licenses/by/4.0/,Israel,IMAGE
/318/marc_nli_004464668,Opening ceremony of he new Synagogue in Tel Aviv on Ben Yehuda street of the German Jewish community who arrived in Palestine in the years before the World War II.,1971,https://media.jhn.ngo/proxy?url=https://media.jhn.ngo/NLI/IIIFv21/FL61474191/full/max/0/default.jpg,Europeana,http://creativecommons.org/licenses/by/4.0/,Israel,IMAGE
/318/marc_nli_004464671,Opening ceremony of he new Synagogue in Tel Aviv on Ben Yehuda street of the German Jewish community who arrived in Palestine in the years before the World War II.,1971,https://media.jhn.ngo/proxy?url=https://media.jhn.ngo/NLI/IIIFv21/FL61474126/full/max/0/default.jpg,Europeana,http://creativecommons.org/licenses/by/4.0/,Israel,IMAGE
/318/marc_nli_004464676,Opening ceremony of he new Synagogue in Tel Aviv on Ben Yehuda street of the German Jewish community who arrived in Palestine in the years before the World War II.,1971,https://media.jhn.ngo/proxy?url=https://media.jhn.ngo/NLI/IIIFv21/FL61474021/full/max/0/default.jpg,Europeana,http://creativecommons.org/licenses/by/4.0/,Israel,IMAGE
/463/item_LUKEQXJJIYHTFQ2P2BYMVQ5YE5RWY2OE,Schwarzenberg. Friedhof. Gedenkkreuze für Gefallene des 2. Weltkrieges. Holz,2027,http://fotothek.slub-dresden.de/fotos/df_hauptkatalog_0724148.jpg,Europeana,http://creativecommons.org/licenses/by-sa/4.0/,Germany,IMAGE
/0943108/libvar_ARTICLE_20020,Морската война,2069,http://catalog.libvar.bg/view/show_pdf_issue.pl?MATERIAL=article&image_id=615797323.41401713505474590418,Europeana,http://creativecommons.org/publicdomain/zero/1.0/,Bulgaria,IMAGE
/2020601/https___1914_1918_europeana_eu_contributions_11680_attachments_119399,EK II,2061,https://rhus-209.man.poznan.pl/fcgi-bin/iipsrv.fcgi?IIIF=11/5//2020601/https___1914_1918_europeana_eu_contributions_11680_attachments_119399/11680.119399.original.tif/full/full/0/default.jpg,Europeana,http://creativecommons.org/licenses/by-sa/3.0/,Europe,IMAGE
/2020601/https___1914_1918_europeana_eu_contributions_15933,Prentbriefkaarten met afbeelding Wilhelm II,2061,https://rhus-209.man.poznan.pl/fcgi-bin/iipsrv.fcgi?IIIF=11/5//2020601/https___1914_1918_europeana_eu_contributions_15933/15933.169473.original.tif/full/full/0/default.jpg,Europeana,http://creativecommons.org/licenses/by-sa/3.0/,Europe,IMAGE
/2020601/https___1914_1918_europeana_eu_contributions_14812_attachments_153172,KW II,2061,https://rhus-209.man.poznan.pl/fcgi-bin/iipsrv.fcgi?IIIF=11/5//2020601/https___1914_1918_europeana_eu_contributions_14812_attachments_153172/14812.153172.original.tif/full/full/0/default.jpg,Europeana,http://creativecommons.org/licenses/by-sa/3.0/,Europe,IMAGE
/440/item_UIYDYV5SGLAIHZKVUYJGDHDWTHYPVKNJ,"Second World War. After the fighting. Russia, Twer Oblast. Fallen and tanks",1999,http://fotothek.slub-dresden.de/fotos/df_hauptkatalog_0212766_032.jpg,Europeana,http://creativecommons.org/publicdomain/mark/1.0/,Germany,IMAGE
/2020601/https___1914_1918_europeana_eu_contributions_15399,Der Soldat Karl Hornig im 1.Weltkrieg an der Westfront,1915,https://rhus-209.man.poznan.pl/fcgi-bin/iipsrv.fcgi?IIIF=11/5//2020601/https___1914_1918_europeana_eu_contributions_15399/15399.162303.original.tif/full/full/0/default.jpg,Europeana,http://creativecommons.org/licenses/by-sa/3.0/,Europe,IMAGE
/188/item_3ZNSXKRBZX5OYRCMOU5VRY6HMQX2MPBS,Second World War. Front images. Soviet Union. German Soldier on a Horse Carriage,1999,http://fotothek.slub-dresden.de/fotos/df_hauptkatalog_0212759_005.jpg,Europeana,http://creativecommons.org/publicdomain/mark/1.0/,Germany,IMAGE
/1368/https___www_searchculture_gr_aggregator_edm_DigTelloglio_000196_254483_,"“Ο Βασίλειος Τσιτσάνης αφηγείται … Πόλεμος, κατοχή, εμφύλιος (1ον)”",1977,https://exhibition.telogliondigital.gr/extra_large/88210_1.jpg,Europeana,http://creativecommons.org/licenses/by-sa/4.0/,Greece,IMAGE
/0943108/libvar_ARTICLE_24050,War expanded,2069,http://catalog.libvar.bg/view/show_pdf_issue.pl?MATERIAL=article&image_id=733081576.19695913826864903425,Europeana,http://creativecommons.org/publicdomain/zero/1.0/,Bulgaria,IMAGE
/437/item_EKOI2WLKCNGE5CPPOIR2L6SOQ6DJYRMB,Zweiter Weltkrieg. Zur Einquartierung. Sowjetunion. Porträt eines Bauernmädchens mit Balalaika,1997,http://fotothek.slub-dresden.de/fotos/df_hauptkatalog_0212747_027.jpg,Europeana,http://creativecommons.org/publicdomain/mark/1.0/,Germany,IMAGE
/2020601/https___1914_1918_europeana_eu_contributions_12808,Glasflaschen gefunden in Loison aus der Zeit des Ersten Weltkriegs,1914,https://rhus-209.man.poznan.pl/fcgi-bin/iipsrv.fcgi?IIIF=11/5//2020601/https___1914_1918_europeana_eu_contributions_12808/12808.169197.original.tif/full/full/0/default.jpg,Europeana,http://creativecommons.org/licenses/by-sa/3.0/,Europe,IMAGE
/1368/https___www_searchculture_gr_aggregator_edm_DigTelloglio_000196_254529_,"“Ο Βασίλειος Τσιτσάνης αφηγείται … Πόλεμος, κατοχή, εμφύλιος (3ο)”",1977,https://exhibition.telogliondigital.gr/extra_large/88225_1.jpg,Europeana,http://creativecommons.org/licenses/by-sa/4.0/,Greece,IMAGE
/188/item_4OY77QFD4QX4DRTPPB64VP3KSWLPCRJS,"Second World War. Front images. Russia, Twer Oblast. Tank with a German Soldier",1999,http://fotothek.slub-dresden.de/fotos/df_hauptkatalog_0212766_038.jpg,Europeana,http://creativecommons.org/publicdomain/mark/1.0/,Germany,IMAGE
/0943108/libvar_ARTICLE_27362,Two years of war,2069,http://catalog.libvar.bg/view/show_pdf_issue.pl?MATERIAL=article&image_id=311177555.01180814066391790629,Europeana,http://creativecommons.org/publicdomain/zero/1.0/,Bulgaria,IMAGE
/122/https___www_searchculture_gr_aggregator_edm_ELIA_000100_29_336920,Πολεμικές εικόνες,2040,http://eliaserver.elia.org.gr/LSelia/images_View/THP.AM.10.11.JPG,Europeana,http://creativecommons.org/licenses/by/4.0/,Greece,IMAGE
/463/item_U76DTTCPN2ZJ5P543N6KIGBI5HB5XUZ3,Zweiter Weltkrieg. Zur Einquartierung. Sowjetunion. Angehöriger der deutschen Wehrmacht auf einem Pferdefuhrwerk,2027,http://fotothek.slub-dresden.de/fotos/df_hauptkatalog_0212770_026.jpg,Europeana,http://creativecommons.org/publicdomain/mark/1.0/,Germany,IMAGE
/2020601/https___1914_1918_europeana_eu_contributions_17664,Oorlogsdagboek en foto's van oudstrijder Isidore Vanderlinden,2061,https://rhus-209.man.poznan.pl/fcgi-bin/iipsrv.fcgi?IIIF=11/5//2020601/https___1914_1918_europeana_eu_contributions_17664/17664.201765.original.tif/full/full/0/default.jpg,Europeana,http://creativecommons.org/licenses/by-sa/3.0/,Europe,IMAGE
/463/item_X7Y45MDQEMBQ3OW63QJKJNLL2LB3W22X,Zweiter Weltkrieg. Zur Einquartierung. Sowjetunion. Zwei Angehörige der deutschen Wehrmacht beim Flickflack-Üben,2027,http://fotothek.slub-dresden.de/fotos/df_hauptkatalog_0212757_019.jpg,Europeana,http://creativecommons.org/publicdomain/mark/1.0/,Germany,IMAGE
/206/item_K4FZIHAUOXFDHCBKYFGFYSO5BGZHKMQM,War,2043,https://heidicon.ub.uni-heidelberg.de/api/v1/objects/uuid/37373ab6-3847-4f8e-b348-05ecf6c74b4b/file/id/298403/file_version/name/huge/disposition/inline,Europeana,http://creativecommons.org/publicdomain/mark/1.0/,Germany,IMAGE
/0940431/_nn7zzh3,Wychodźtwo i osadnictwo polskie przed wojną światową,1920,http://rcin.org.pl/Content/17366/WA308_2853_II383_WYCHODZTWO-I-OSADNI_I.pdf,Europeana,http://creativecommons.org/publicdomain/mark/1.0/,Poland,IMAGE
/9200579/zssertsz,History of the great war. German cloud gas,2045,"https://iiif.wellcomecollection.org/image/L0029691.jpg/full/512,/0/default.jpg",Europeana,http://creativecommons.org/licenses/by/4.0/,United Kingdom,IMAGE
/9200231/BibliographicResource_3000060329980,Was wird Italien tun? Rätsel des Weltkrieges und die Haltung Italiens,1915,http://content.staatsbibliothek-berlin.de/dms/PPN741376598/1200/0/00000001.jpg,Europeana,http://creativecommons.org/publicdomain/mark/1.0/,Germany,IMAGE
/9200579/tqwpjcdw,History of the great war. German cloud gas,2045,"https://iiif.wellcomecollection.org/image/L0029690.jpg/full/512,/0/default.jpg",Europeana,http://creativecommons.org/licenses/by/4.0/,United Kingdom,IMAGE
/2020601/https___1914_1918_europeana_eu_contributions_2251,Deutsche Kriegszeitung von 1915,1915,https://rhus-209.man.poznan.pl/fcgi-bin/iipsrv.fcgi?IIIF=11/5//2020601/https___1914_1918_europeana_eu_contributions_2251/2251.30200.original.tif/full/full/0/default.jpg,Europeana,http://creativecommons.org/licenses/by-sa/3.0/,Europe,IMAGE
/2020601/https___1914_1918_europeana_eu_contributions_10491_attachments_113035,Fotografia cisára Wilhelma II.,2061,https://rhus-209.man.poznan.pl/fcgi-bin/iipsrv.fcgi?IIIF=11/5//2020601/https___1914_1918_europeana_eu_contributions_10491_attachments_113035/10491.113035.original.tif/full/full/0/default.jpg,Europeana,http://creativecommons.org/licenses/by-sa/3.0/,Europe,IMAGE
/2048421/item_WKNTC5HBLE2Y5W3D3MWRIG6OMXQNANFQ,Fire ship “Borkumriff II”,2066,https://izw-medienarchiv.baw.de/api/v1/objects/uuid/bdeab8ec-cb00-4a4d-ae3c-0e7486db64c0/file/id/19952/file_version/name/original/disposition/inline,Europeana,http://creativecommons.org/licenses/by/4.0/,Germany,IMAGE
/0943108/libvar_ARTICLE_20063,Три години война,2069,http://catalog.libvar.bg/view/show_pdf_issue.pl?MATERIAL=article&image_id=550178383.53665913506359233819,Europeana,http://creativecommons.org/publicdomain/zero/1.0/,Bulgaria,IMAGE
/0943108/libvar_ARTICLE_23912,Old World debt,2069,http://catalog.libvar.bg/view/show_pdf_issue.pl?MATERIAL=article&image_id=766765769.13990113825967843924,Europeana,http://creativecommons.org/publicdomain/zero/1.0/,Bulgaria,IMAGE
/2020601/https___1914_1918_europeana_eu_contributions_10491_attachments_113034,Fotografia cisára Wilhelma II.,2061,https://rhus-209.man.poznan.pl/fcgi-bin/iipsrv.fcgi?IIIF=11/5//2020601/https___1914_1918_europeana_eu_contributions_10491_attachments_113034/10491.113034.original.tif/full/full/0/default.jpg,Europeana,http://creativecommons.org/licenses/by-sa/3.0/,Europe,IMAGE
/1368/https___www_searchculture_gr_aggregator_edm_DigTelloglio_000196_254753_,“Πολεμικός ανταποκριτής στην Αλβανία”,1978,https://exhibition.telogliondigital.gr/extra_large/88337_1.jpg,Europeana,http://creativecommons.org/licenses/by-sa/4.0/,Greece,IMAGE
/463/item_PH5O5QSGPPOQU6TJLM27QPQKUJKBQATM,Zweiter Weltkrieg. Zur Einquartierung. Sowjetunion. Porträt einer jungen Bäuerin im Profil,2027,http://fotothek.slub-dresden.de/fotos/df_hauptkatalog_0212747_029.jpg,Europeana,http://creativecommons.org/publicdomain/mark/1.0/,Germany,IMAGE
/9200231/BibliographicResource_3000060330323,Kaiser Wilhelm II,1916,http://content.staatsbibliothek-berlin.de/dms/PPN766428176/1200/0/00000001.jpg,Europeana,http://creativecommons.org/publicdomain/mark/1.0/,Germany,IMAGE
/9200231/BibliographicResource_3000060330026,Kaiser Wilhelm II,1916,http://content.staatsbibliothek-berlin.de/dms/PPN766428648/1200/0/00000001.jpg,Europeana,http://creativecommons.org/publicdomain/mark/1.0/,Germany,IMAGE
/122/https___www_searchculture_gr_aggregator_edm_ELIA_000100_29_336910,Πολεμικές καντρίλλιες,2040,http://eliaserver.elia.org.gr/LSelia/images_View/THP.AM.10.06.JPG,Europeana,http://creativecommons.org/licenses/by/4.0/,Greece,IMAGE
/188/item_2VDBVYGJOYCQBQDH3KL6OO36ISW5MKVB,Zweiter Weltkrieg. Zur Einquartierung. Sowjetunion. Porträt einer jungen Bäuerin im Profil,1998,http://fotothek.slub-dresden.de/fotos/df_hauptkatalog_0212747_032.jpg,Europeana,http://creativecommons.org/publicdomain/mark/1.0/,Germany,IMAGE
/0943108/libvar_ARTICLE_19872,Бъдещата морска война,2069,http://catalog.libvar.bg/view/show_pdf_issue.pl?MATERIAL=article&image_id=1326215893.7669513499443613211,Europeana,http://creativecommons.org/publicdomain/zero/1.0/,Bulgaria,IMAGE
/437/item_MQLQH7453SNRRCX5VAZ7ZD4GZNQVNPMG,Second World War. Quarters. Soviet Union. German Soldiers in front of a Farmhouse,1998,http://fotothek.slub-dresden.de/fotos/df_hauptkatalog_0212771_032.jpg,Europeana,http://creativecommons.org/publicdomain/mark/1.0/,Germany,IMAGE
/2020601/https___1914_1918_europeana_eu_contributions_4918,Zeichnung von Kaiser Wilhelm II.,2061,https://rhus-209.man.poznan.pl/fcgi-bin/iipsrv.fcgi?IIIF=11/5//2020601/https___1914_1918_europeana_eu_contributions_4918/4918.54496.original.tif/full/full/0/default.jpg,Europeana,http://creativecommons.org/licenses/by-sa/3.0/,Europe,IMAGE
/122/https___www_searchculture_gr_aggregator_edm_ELIA_000100_22_438295,Μέλη της οικογένειας Καμπάνη δίπλα σε κανόνια - λάφυρα του Β' Βαλκανικού Πολέμου που εκτίθενται στην Πλατεία Συντάγματος.,1913,http://eliaserver.elia.org.gr/LSelia/images_View/6K00.073.JPG,Europeana,http://creativecommons.org/licenses/by/4.0/,Greece,IMAGE
/9200231/BibliographicResource_3000006448051,"Festzeitung Weihnachtsfeier der II. Ers. Komp., I. Ers. Bat., II. Inf. Reg",1915,http://content.staatsbibliothek-berlin.de/dms/PPN729286231/1200/0/00000001.jpg,Europeana,http://creativecommons.org/publicdomain/mark/1.0/,Germany,IMAGE
/188/item_5T4US5FXZXN2EVO6ZAQFLB5MBWWESQKL,Zweiter Weltkrieg. Rasur auf einem Bahnsteig wohl während der Fahrt an die Front,1999,http://fotothek.slub-dresden.de/fotos/df_hauptkatalog_0670757.jpg,Europeana,http://creativecommons.org/publicdomain/mark/1.0/,Germany,IMAGE
/2020601/https___1914_1918_europeana_eu_contributions_1507,Kriegstagebuch von Martin Thielemann,1914,https://rhus-209.man.poznan.pl/fcgi-bin/iipsrv.fcgi?IIIF=11/5//2020601/https___1914_1918_europeana_eu_contributions_1507/1507.16525.original.tif/full/full/0/default.jpg,Europeana,http://creativecommons.org/licenses/by-sa/3.0/,Europe,IMAGE
/0943108/libvar_ARTICLE_20156,Combating the world seas,2069,http://catalog.libvar.bg/view/show_pdf_issue.pl?MATERIAL=article&image_id=689811424.21314513510816472724,Europeana,http://creativecommons.org/publicdomain/zero/1.0/,Bulgaria,IMAGE
/9200317/BibliographicResource_3000094096558,"Deutsches Notgeld, 1914-1919. I-II",2064,http://www.numistral.fr/ark:/12148/bpt6k94371553.f1.highres,Europeana,http://creativecommons.org/licenses/by/4.0/,France,IMAGE
/2020601/https___1914_1918_europeana_eu_contributions_2575,Chronik Franz Sprinz (Band II),1914,https://rhus-209.man.poznan.pl/fcgi-bin/iipsrv.fcgi?IIIF=11/5//2020601/https___1914_1918_europeana_eu_contributions_2575/2575.32689.original.tif/full/full/0/default.jpg,Europeana,http://creativecommons.org/licenses/by-sa/3.0/,Europe,IMAGE
/2020601/https___1914_1918_europeana_eu_contributions_13951,Geheime documenten Willem II.,1917,https://rhus-209.man.poznan.pl/fcgi-bin/iipsrv.fcgi?IIIF=11/5//2020601/https___1914_1918_europeana_eu_contributions_13951/13951.143132.original.tif/full/full/0/default.jpg,Europeana,http://creativecommons.org/licenses/by-sa/3.0/,Europe,IMAGE
/440/item_KNPBEVZ6QKIV4UTD6AYPWF52WE3MJSMD,Second World War. On home holidays. Young girl (probably from the photographer’s family),1998,http://fotothek.slub-dresden.de/fotos/df_hauptkatalog_0212762_036.jpg,Europeana,http://creativecommons.org/publicdomain/mark/1.0/,Germany,IMAGE
/440/item_TO3I35IHNCBMMNGUFNUOEXKAVQA4FVPZ,Zweiter Weltkrieg. Auf Heimaturlaub. Junges Mädchen (wohl aus der Familie des Fotografen),1999,http://fotothek.slub-dresden.de/fotos/df_hauptkatalog_0212762_024.jpg,Europeana,http://creativecommons.org/publicdomain/mark/1.0/,Germany,IMAGE
/188/item_AXBFY3X42DRNEG3UVIAJUCNHFCBRJHZY,Second World War. The Netherlands under German occupation. Local girl (probably near The Hague),1999,http://fotothek.slub-dresden.de/fotos/df_hauptkatalog_0212850_036.jpg,Europeana,http://creativecommons.org/publicdomain/mark/1.0/,Germany,IMAGE
/2020601/https___1914_1918_europeana_eu_contributions_13052_attachments_131974,Eisernes Kreuz II. Klasse,2061,https://rhus-209.man.poznan.pl/fcgi-bin/iipsrv.fcgi?IIIF=11/5//2020601/https___1914_1918_europeana_eu_contributions_13052_attachments_131974/13052.131974.original_Page0000.tif/full/full/0/default.jpg,Europeana,http://creativecommons.org/licenses/by-sa/3.0/,Europe,IMAGE
/188/item_53QPY4XAW6Q2Q5I5EDMG2Y2QE5YD6Z4Q,Zweiter Weltkrieg. Auf Heimaturlaub. Junges Mädchen (wohl aus der Familie des Fotografen),1999,http://fotothek.slub-dresden.de/fotos/df_hauptkatalog_0212762_026.jpg,Europeana,http://creativecommons.org/publicdomain/mark/1.0/,Germany,IMAGE
/437/item_QXKK42MJK4PBUXDLEPLATBNTAPOR4K4O,Second World War. The Netherlands under German occupation. Local girl (probably near The Hague),1998,http://fotothek.slub-dresden.de/fotos/df_hauptkatalog_0212850_027.jpg,Europeana,http://creativecommons.org/publicdomain/mark/1.0/,Germany,IMAGE
/440/item_UQR2UV35NT6W3BFL7WLMAO23OIJ76B6J,Second World War. On home holidays. Young girl (probably from the photographer’s family),1999,http://fotothek.slub-dresden.de/fotos/df_hauptkatalog_0212762_025.jpg,Europeana,http://creativecommons.org/publicdomain/mark/1.0/,Germany,IMAGE
/9200231/BibliographicResource_3000006448156,Feldbücherei: K. Bayerisches II. Armeekorps,1915,http://content.staatsbibliothek-berlin.de/dms/PPN726747629/1200/0/00000001.jpg,Europeana,http://creativecommons.org/publicdomain/mark/1.0/,Germany,IMAGE
/440/item_RIVMDQFJSN74GPCLWBSTQ2DUVBDBAYY3,Zweiter Weltkrieg. Soldaten bei der Morgentoilette während eines Aufenthaltes auf einem Bahnsteig,1998,http://fotothek.slub-dresden.de/fotos/df_hauptkatalog_0670755.jpg,Europeana,http://creativecommons.org/publicdomain/mark/1.0/,Germany,IMAGE
/9200231/BibliographicResource_3000060329659,Weltkrieg und Kirchenglaube zur Verständigung über den Bekenntnischarakter der Kirche,1916,http://content.staatsbibliothek-berlin.de/dms/PPN755409779/1200/0/00000001.jpg,Europeana,http://creativecommons.org/publicdomain/mark/1.0/,Germany,IMAGE
/206/item_SR7W4Q5WWKURLDXRB6XSFRVTEPGQJIDO,Misfortune of war,2043,https://heidicon.ub.uni-heidelberg.de/api/v1/objects/uuid/76412b31-9551-4a15-87d7-3bf333dd9df7/file/id/293773/file_version/name/huge/disposition/inline,Europeana,http://creativecommons.org/publicdomain/mark/1.0/,Germany,IMAGE
/9200231/BibliographicResource_3000060329698,Der deutsche Kaiser Wilhelm II. und Generalfeldmarschall von Mackensen auf dem südöstlichen Kriegsschauplatz,1916,http://content.staatsbibliothek-berlin.de/dms/PPN766423662/1200/0/00000001.jpg,Europeana,http://creativecommons.org/publicdomain/mark/1.0/,Germany,IMAGE
/0940422/_nn8x806,Observation point at Rokitna.,2055,https://sbc.org.pl/Content/98054/pa1865.pdf,Europeana,http://creativecommons.org/publicdomain/mark/1.0/,Poland,IMAGE
/2020601/https___1914_1918_europeana_eu_contributions_6225,"Participarea lui Pop Petre, din Cizer, judeţul Sălaj, la Primul Război Mondial",1916,https://rhus-209.man.poznan.pl/fcgi-bin/iipsrv.fcgi?IIIF=11/5//2020601/https___1914_1918_europeana_eu_contributions_6225/6225.70614.original.tif/full/full/0/default.jpg,Europeana,http://creativecommons.org/licenses/by-sa/3.0/,Europe,IMAGE
/9200231/BibliographicResource_3000060329542,[Kaiser Wilhelm II. mit einem Pferd],1916,http://content.staatsbibliothek-berlin.de/dms/PPN766424464/1200/0/00000001.jpg,Europeana,http://creativecommons.org/publicdomain/mark/1.0/,Germany,IMAGE
/2020601/https___1914_1918_europeana_eu_contributions_845,Kriegstagebücher von Erwin Schröter,1914,https://rhus-209.man.poznan.pl/fcgi-bin/iipsrv.fcgi?IIIF=11/5//2020601/https___1914_1918_europeana_eu_contributions_845/845.4047.original.tif/full/full/0/default.jpg,Europeana,http://creativecommons.org/licenses/by-sa/3.0/,Europe,IMAGE
/2048425/item_FJ6W5NZQZJBD7NPWAMY2FHTQICIXJ2XN,"Populäres Geschichtsfernsehen vor ""Holocaust"": die Darstellung des Nationalsozialismus und des Zweiten Weltkrieges in drei Erfolgssendungen des ZDF",2005,http://www.ssoar.info/ssoar/bitstream/handle/document/3025/ssoar-hsr-2005-no_4__no_114-kansteiner-populares_geschichtsfernsehen_vor_holocaust.pdf?sequence=1,Europeana,http://creativecommons.org/licenses/by/4.0/,Germany,IMAGE
/2020601/https___1914_1918_europeana_eu_contributions_17461,Dambord Mobilisatie 1914: Moed Beleid Trouw,1914,https://rhus-209.man.poznan.pl/fcgi-bin/iipsrv.fcgi?IIIF=11/5//2020601/https___1914_1918_europeana_eu_contributions_17461/17461.189028.original.tif/full/full/0/default.jpg,Europeana,http://creativecommons.org/licenses/by-sa/3.0/,Europe,IMAGE
/2020601/https___1914_1918_europeana_eu_contributions_16056,Imparatul  Wilhelm II  in Sibiu,2061,https://rhus-209.man.poznan.pl/fcgi-bin/iipsrv.fcgi?IIIF=11/5//2020601/https___1914_1918_europeana_eu_contributions_16056/16056.170993.original.tif/full/full/0/default.jpg,Europeana,http://creativecommons.org/licenses/by-sa/3.0/,Europe,IMAGE
/206/item_DLXGVARR5Z3FHY4ERPUFBJYTZR6HWKBC,The world's enemy,2043,https://heidicon.ub.uni-heidelberg.de/api/v1/objects/uuid/a8606e03-6857-44e4-ada9-3d0bb1081a8c/file/id/293758/file_version/name/huge/disposition/inline,Europeana,http://creativecommons.org/publicdomain/mark/1.0/,Germany,IMAGE
/0943108/libvar_ARTICLE_23568,East and War,2069,http://catalog.libvar.bg/view/show_pdf_issue.pl?MATERIAL=article&image_id=516315303.97166413808047465203,Europeana,http://creativecommons.org/publicdomain/zero/1.0/,Bulgaria,IMAGE
/1316/https___www_searchculture_gr_aggregator_edm_momus_000179_616,Murmansk II,2009,http://dam.momus.gr/files/original/43e1702a5b2204a77d7016fe5e2be76d4de9bcab.jpg,Europeana,http://creativecommons.org/licenses/by-sa/4.0/,Greece,IMAGE
/206/item_SQYADVPHGEZIBFHW2HUSUDDXI5GFR5C5,War-savings,2043,https://heidicon.ub.uni-heidelberg.de/api/v1/objects/uuid/d3fa8358-5e2e-4adb-b3f8-ad2b7660cb78/file/id/298496/file_version/name/huge/disposition/inline,Europeana,http://creativecommons.org/publicdomain/mark/1.0/,Germany,IMAGE
/437/item_FFQ65FQKJKLVRAXKEMTZ3J7CN3AZW75G,Zweiter Weltkrieg. Zur Einquartierung. Sowjetunion. Vier Angehörige der deutschen Wehrmacht vor einer Bauernhütte,1997,http://fotothek.slub-dresden.de/fotos/df_hauptkatalog_0212771_039.jpg,Europeana,http://creativecommons.org/publicdomain/mark/1.0/,Germany,IMAGE
/440/item_TVIGW3XGB7WQUCUGK5XJBCHCQFP4M5JL,Zweiter Weltkrieg. Niederlande unter deutscher Besatzung. Drei Wehrmachtsangehörige (wohl bei Den Haag),1999,http://fotothek.slub-dresden.de/fotos/df_hauptkatalog_0212865_029.jpg,Europeana,http://creativecommons.org/publicdomain/mark/1.0/,Germany,IMAGE
/206/item_ES36I36TGRLPXSGVHHWV2MIMZJ5ZE457,The world-lord,2043,https://heidicon.ub.uni-heidelberg.de/api/v1/objects/uuid/e0af5bec-8da9-4ecb-8caf-67ecf75a964f/file/id/295248/file_version/name/huge/disposition/inline,Europeana,http://creativecommons.org/publicdomain/mark/1.0/,Germany,IMAGE
/188/item_6STCRWDYRXWIXX5SCM4TRRKM7B64WUIG,Second World War. Fighting breaks. Soviet Union. Soldiers of the Wehrmacht translating in a inflatable boat,1999,http://fotothek.slub-dresden.de/fotos/df_hauptkatalog_0915168.jpg,Europeana,http://creativecommons.org/publicdomain/mark/1.0/,Germany,IMAGE
/437/item_BVXYA6P4XUF7OLBYLGQWXZYIVAP5XKF7,Second World War. Soviet Union. Portrait of a Man in a Working Jacket and with Screen Hat,1997,http://fotothek.slub-dresden.de/fotos/df_hauptkatalog_0212759_013.jpg,Europeana,http://creativecommons.org/publicdomain/mark/1.0/,Germany,IMAGE
/0940433/_nh2wc3T,"Gazetka Wojenna. 1920, nr 1",1920,http://mbc.malopolska.pl/Content/121910/biblioteka_legionowa_0302_01.pdf,Europeana,http://creativecommons.org/publicdomain/mark/1.0/,Poland,IMAGE
/0940433/_nh2wcmf,"Gazetka Wojenna. 1920, nr 3",1920,http://mbc.malopolska.pl/Content/121912/biblioteka_legionowa_0302_03.pdf,Europeana,http://creativecommons.org/publicdomain/mark/1.0/,Poland,IMAGE
/0940433/_nh2wcml,"Gazetka Wojenna. 1920, nr 7",1920,http://mbc.malopolska.pl/Content/121916/biblioteka_legionowa_0302_07.pdf,Europeana,http://creativecommons.org/publicdomain/mark/1.0/,Poland,IMAGE
/0940433/_nh2wcmp,"War Gazette. 1920, no. 4",1920,http://mbc.malopolska.pl/Content/121913/biblioteka_legionowa_0302_04.pdf,Europeana,http://creativecommons.org/publicdomain/mark/1.0/,Poland,IMAGE
/0940433/_nh2wcmz,"Gazetka Wojenna. 1920, nr 8",1920,http://mbc.malopolska.pl/Content/121917/biblioteka_legionowa_0302_08.pdf,Europeana,http://creativecommons.org/publicdomain/mark/1.0/,Poland,IMAGE
/2020601/https___1914_1918_europeana_eu_contributions_1084,Erdmann Lindner und seine MG-Stellung,2061,https://rhus-209.man.poznan.pl/fcgi-bin/iipsrv.fcgi?IIIF=11/5//2020601/https___1914_1918_europeana_eu_contributions_1084/1084.7035.original.tif/full/full/0/default.jpg,Europeana,http://creativecommons.org/licenses/by-sa/3.0/,Europe,IMAGE
/0940433/_nh2wcm2,"War Gazette. 1920, no. 2",1920,http://mbc.malopolska.pl/Content/121911/biblioteka_legionowa_0302_02.pdf,Europeana,http://creativecommons.org/publicdomain/mark/1.0/,Poland,IMAGE
/0940433/_nh2wcm8,"War Gazette. 1920, no. 5",1920,http://mbc.malopolska.pl/Content/121914/biblioteka_legionowa_0302_05.pdf,Europeana,http://creativecommons.org/publicdomain/mark/1.0/,Poland,IMAGE
/0940433/_nh2wcmk,"Gazetka Wojenna. 1920, nr 6",1920,http://mbc.malopolska.pl/Content/121915/biblioteka_legionowa_0302_06.pdf,Europeana,http://creativecommons.org/publicdomain/mark/1.0/,Poland,IMAGE
/2020601/https___1914_1918_europeana_eu_contributions_2804,Zierteller mit Porträt von Kaiser Wilhelm II.,1914,https://rhus-209.man.poznan.pl/fcgi-bin/iipsrv.fcgi?IIIF=11/5//2020601/https___1914_1918_europeana_eu_contributions_2804/2804.35810.original.tif/full/full/0/default.jpg,Europeana,http://creativecommons.org/licenses/by-sa/3.0/,Europe,IMAGE
/206/item_2ZURGHJTLSFHDWXCCMOTOUVQY34Y75FT,The treadmill of war,2043,https://heidicon.ub.uni-heidelberg.de/api/v1/objects/uuid/b2dacb6d-530f-4609-bceb-2094e1216fc2/file/id/310997/file_version/name/huge/disposition/inline,Europeana,http://creativecommons.org/publicdomain/mark/1.0/,Germany,IMAGE
/2020601/https___1914_1918_europeana_eu_contributions_6424,Karikaturen zum Kriegsalltag,1914,https://rhus-209.man.poznan.pl/fcgi-bin/iipsrv.fcgi?IIIF=11/5//2020601/https___1914_1918_europeana_eu_contributions_6424/6424.85804.original.tif/full/full/0/default.jpg,Europeana,http://creativecommons.org/licenses/by-sa/3.0/,Europe,IMAGE
/08626/1037479000000191061,Kriegsflieger an der Westfront,1940,https://www.filmportal.de/sites/default/files/video/BArch_B_127443_1R_Kriegsflieger_an_der_Westfront.mp4,Europeana,http://creativecommons.org/publicdomain/mark/1.0/,Germany,IMAGE
/0943108/libvar_ARTICLE_20176,Морската война в Тихи океан,2069,http://catalog.libvar.bg/view/show_pdf_issue.pl?MATERIAL=article&image_id=1275121617.6304413511646103025,Europeana,http://creativecommons.org/publicdomain/zero/1.0/,Bulgaria,IMAGE
/437/item_GEZTWFOY73QKI3LRJEZGVJ5OU3AHOXON,Second World War. The Netherlands under German occupation. German Soldier (probably near The Hague),1998,http://fotothek.slub-dresden.de/fotos/df_hauptkatalog_0212837_006.jpg,Europeana,http://creativecommons.org/publicdomain/mark/1.0/,Germany,IMAGE
/206/item_OF2HOWFEDOOPTPY42PCNDAT5ORUCG4XZ,The imps of war,2043,https://heidicon.ub.uni-heidelberg.de/api/v1/objects/uuid/a6cbd29a-551c-4dcf-8ecf-ef26aa411b1e/file/id/294650/file_version/name/huge/disposition/inline,Europeana,http://creativecommons.org/publicdomain/mark/1.0/,Germany,IMAGE
/122/https___www_searchculture_gr_aggregator_edm_ELIA_000100_31_381842,Στο πόλεμο αν πάω,1940,http://eliaserver.elia.org.gr/LSelia/images_View/MS.12.012b.JPG,Europeana,http://creativecommons.org/licenses/by/4.0/,Greece,IMAGE
/2048425/item_GWQXRLH54BF57STN7VKRWVZXSQQGNWGG,“A moment of joy... and painful”: Return home of former Nazi slave and forced laborers at the end of World War II,2007,http://www.ssoar.info/ssoar/bitstream/handle/document/27037/ssoar-bioszeit-2007-2-thonfeld-ein_moment_der_freude_.pdf?sequence=1,Europeana,http://creativecommons.org/licenses/by-sa/4.0/,Germany,IMAGE
/2020601/https___1914_1918_europeana_eu_contributions_5675_attachments_62549,Auszeichnung mit dem EK.II,2061,https://rhus-209.man.poznan.pl/fcgi-bin/iipsrv.fcgi?IIIF=11/5//2020601/https___1914_1918_europeana_eu_contributions_5675_attachments_62549/5675.62549.original.tif/full/full/0/default.jpg,Europeana,http://creativecommons.org/licenses/by-sa/3.0/,Europe,IMAGE
/440/item_XFXCDAWQ3QUL5AC4JBMFR5OVENJH7QEI,Second World War. Quarters. Soviet Union. Woman with two young children and two young girls,1999,http://fotothek.slub-dresden.de/fotos/df_hauptkatalog_0212747_002.jpg,Europeana,http://creativecommons.org/publicdomain/mark/1.0/,Germany,IMAGE
/440/item_USHY3AQLRCMWWY6HI7KPBICOS4B2BGXA,Zweiter Weltkrieg. Niederlande unter deutscher Besatzung. Wehrmachtsangehöriger zu Pferde (wohl bei Den Haag),1999,http://fotothek.slub-dresden.de/fotos/df_hauptkatalog_0212856_035.jpg,Europeana,http://creativecommons.org/publicdomain/mark/1.0/,Germany,IMAGE
/9200231/BibliographicResource_3000060327528,Kontroll-Versammlungen des ausgebildeten Landsturms II. Aufgebots,1914,http://content.staatsbibliothek-berlin.de/dms/PPN767490517/1200/0/00000001.jpg,Europeana,http://creativecommons.org/publicdomain/mark/1.0/,Germany,IMAGE
/2020601/https___1914_1918_europeana_eu_contributions_18438_attachments_211037,Kaiser Wilhelm II Parole-Postkarte 1914,1914,https://rhus-209.man.poznan.pl/fcgi-bin/iipsrv.fcgi?IIIF=11/5//2020601/https___1914_1918_europeana_eu_contributions_18438_attachments_211037/18438.211037.original.tif/full/full/0/default.jpg,Europeana,http://creativecommons.org/licenses/by-sa/3.0/,Europe,IMAGE
/463/item_RW3KQKOK75J5KVPS7WACB5MTTTLHHDB6,Zweiter Weltkrieg. Frontbilder. Sowjetunion. Gruppe von Angehörigen der deutschen Wehrmacht in grasbewachsener Hügellandschaft,2027,http://fotothek.slub-dresden.de/fotos/df_hauptkatalog_0212758_005.jpg,Europeana,http://creativecommons.org/publicdomain/mark/1.0/,Germany,IMAGE
/0940431/_nn8X7WZ,"Najnowsze Dzieje Polski : materiały i studia z okresu II wojny światowej T. 2 (1959), Od Redakcji",1959,http://rcin.org.pl/Content/44868/WA303_59231_A237-2-1959-NDPII_od-red.pdf,Europeana,http://creativecommons.org/publicdomain/mark/1.0/,Poland,IMAGE
/437/item_HAF2ERVGNJPVP75PQZDFXSMT4SK4DD4D,"Zweiter Weltkrieg. Frontbilder. Sowjetunion. Angehöriger der deutschen Wehrmacht im Eingang zum Erdbunker ""Hilde""",1998,http://fotothek.slub-dresden.de/fotos/df_hauptkatalog_0212764_003.jpg,Europeana,http://creativecommons.org/publicdomain/mark/1.0/,Germany,IMAGE
/2020601/https___1914_1918_europeana_eu_contributions_2387,"Joseph Küsgens, Erster Weltkrieg",1914,https://rhus-209.man.poznan.pl/fcgi-bin/iipsrv.fcgi?IIIF=11/5//2020601/https___1914_1918_europeana_eu_contributions_2387/2387.31312.original_Page0000.tif/full/full/0/default.jpg,Europeana,http://creativecommons.org/licenses/by-sa/3.0/,Europe,IMAGE
/0940431/_nn8X7X2,"Najnowsze Dzieje Polski : materiały i studia z okresu II wojny światowej T. 3 (1959), Strony tytułowe, spis treści",1959,http://rcin.org.pl/Content/44874/WA303_7263_A237-3-1959-NDPII_spis.pdf,Europeana,http://creativecommons.org/publicdomain/mark/1.0/,Poland,IMAGE
/188/item_7B3DL4XK6QOO5RXD27ASPEAGSQ6SOAS4,Second World War. After the fighting. Twelve birch woods for fallen German soldiers (probably in Ukraine),1999,http://fotothek.slub-dresden.de/fotos/df_hauptkatalog_0915150.jpg,Europeana,http://creativecommons.org/publicdomain/mark/1.0/,Germany,IMAGE
/9200317/BibliographicResource_3000094096171,Münster (Allemagne) II 50 pfennigs : Monnaies de guerre,2064,http://www.numistral.fr/ark:/12148/btv1b102345387.f1.highres,Europeana,http://creativecommons.org/licenses/by/4.0/,France,IMAGE
/9200317/BibliographicResource_3000094096157,Münster (Allemagne) II 10 pfennigs : Monnaies de guerre,2064,http://www.numistral.fr/ark:/12148/btv1b10234537s.f1.highres,Europeana,http://creativecommons.org/licenses/by/4.0/,France,IMAGE
/9200317/BibliographicResource_3000094096385,Minden (Allemagne) II 5 pfennigs : Monnaies de guerre,2064,http://www.numistral.fr/ark:/12148/btv1b10234530n.f1.highres,Europeana,http://creativecommons.org/licenses/by/4.0/,France,IMAGE
/9200317/BibliographicResource_3000094096182,Münster (Allemagne) II 5 pfennigs : Monnaies de guerre,2064,http://www.numistral.fr/ark:/12148/btv1b10234536b.f1.highres,Europeana,http://creativecommons.org/licenses/by/4.0/,France,IMAGE
/954/Culturalia_9ca6d312_e1b4_4425_addd_19c4f693888f,Al Treilea Reich (II),2037,https://resource.culturalia.ro/public/2001/01/01/_BC-BJ_2020_09%20Septembrie%202020_Paula%20Savin_BJBC_Savin_Paula-2020-09__gen/00533-Ateneu-2015-04-23.pdf,Europeana,http://creativecommons.org/licenses/by-sa/4.0/,Romania,IMAGE
/122/https___www_searchculture_gr_aggregator_edm_ELIA_000100_22_426955,Γεώργιος Β'.,1914,http://eliaserver.elia.org.gr/LSelia/images_View/1E01.039.jpg,Europeana,http://creativecommons.org/licenses/by/4.0/,Greece,IMAGE
/0943108/libvar_ARTICLE_23187,Справедлив мир или разрушителна война,2069,http://catalog.libvar.bg/view/show_pdf_issue.pl?MATERIAL=article&image_id=271783308.8766413771564422722,Europeana,http://creativecommons.org/publicdomain/zero/1.0/,Bulgaria,IMAGE
/188/item_7IIEAWULIAAEMTX6HSHMJGR5CSKIASZ4,Second World War. The Netherlands under German occupation. Portrait of a German Soldier (probably near The Hague),1999,http://fotothek.slub-dresden.de/fotos/df_hauptkatalog_0212868_029.jpg,Europeana,http://creativecommons.org/publicdomain/mark/1.0/,Germany,IMAGE
/1368/https___www_searchculture_gr_aggregator_edm_DigTelloglio_000196_256086_,“Ο πόλεμος που ρήμαξε την Ευρώπη”,1979,https://exhibition.telogliondigital.gr/extra_large/88596_1.jpg,Europeana,http://creativecommons.org/licenses/by-sa/4.0/,Greece,IMAGE
/440/item_YUAJW7L37BBD6I42MCMHTPUC5XS7GRNN,Zweiter Weltkrieg. Niederlande unter deutscher Besatzung. Porträt eines Wehrmachtsangehörigen (wohl bei Den Haag),1999,http://fotothek.slub-dresden.de/fotos/df_hauptkatalog_0212865_001.jpg,Europeana,http://creativecommons.org/publicdomain/mark/1.0/,Germany,IMAGE
/2020601/https___1914_1918_europeana_eu_contributions_1711,Eisernes Kreuz II. Klasse,2061,https://rhus-209.man.poznan.pl/fcgi-bin/iipsrv.fcgi?IIIF=11/5//2020601/https___1914_1918_europeana_eu_contributions_1711/1711.19458.original.tif/full/full/0/default.jpg,Europeana,http://creativecommons.org/licenses/by-sa/3.0/,Europe,IMAGE
/188/item_BINR6C7S2USHFYGADXNLE3M6P4I2VLFV,Second World War. The Netherlands under German occupation. Portrait of a German Soldier (probably near The Hague),1999,http://fotothek.slub-dresden.de/fotos/df_hauptkatalog_0212868_028.jpg,Europeana,http://creativecommons.org/publicdomain/mark/1.0/,Germany,IMAGE
/0943108/libvar_ARTICLE_23547,The Siege War and its Annoying Complications: Is Modern War Dear on the Evidence of the Numbers? Parallel to the World Wars,2069,http://catalog.libvar.bg/view/show_pdf_issue.pl?MATERIAL=article&image_id=1328289199.9731613807863024503,Europeana,http://creativecommons.org/publicdomain/zero/1.0/,Bulgaria,IMAGE
/2048421/item_XH7DOX6HBFFIT355JFEBXRQJVYMLKTNL,Sicherheitstoranlage II Achmer/Mittellandkanal,2066,https://izw-medienarchiv.baw.de/api/v1/objects/uuid/b873f58d-a783-4863-a0a6-e735dcc71568/file/id/20362/file_version/name/original/disposition/inline,Europeana,http://creativecommons.org/licenses/by/4.0/,Germany,IMAGE
/437/item_MKXODICLSFGR5TUXRMW4AWTMILSR732D,Zweiter Weltkrieg. Sowjetunion. Blick über ein Feld mit Mais und Sonnenblumen zu einer Ansiedlung,1998,http://fotothek.slub-dresden.de/fotos/df_hauptkatalog_0212759_011.jpg,Europeana,http://creativecommons.org/publicdomain/mark/1.0/,Germany,IMAGE
/2020601/https___1914_1918_europeana_eu_contributions_14163,Kriegskarten des Leutnants Jonas Heinrich,2061,https://rhus-209.man.poznan.pl/fcgi-bin/iipsrv.fcgi?IIIF=11/5//2020601/https___1914_1918_europeana_eu_contributions_14163/14163.144211.original.tif/full/full/0/default.jpg,Europeana,http://creativecommons.org/licenses/by-sa/3.0/,Europe,IMAGE
/440/item_ORKN6HN3KBZLWVYZNLLTE7P5OI66AJZR,Second World War. Quarters. Ukraine. German Soldier and Young Farmer in front of a Farmhouse,1998,http://fotothek.slub-dresden.de/fotos/df_hauptkatalog_0212838_037.jpg,Europeana,http://creativecommons.org/publicdomain/mark/1.0/,Germany,IMAGE
/440/item_SA7YTQEITXH6XDUDIEE2N62HR5SRHPWF,Zweiter Weltkrieg. Niederlande unter deutscher Besatzung. Porträt zweier Wehrmachtsangehöriger (wohl bei Den Haag),1998,http://fotothek.slub-dresden.de/fotos/df_hauptkatalog_0212864_044.jpg,Europeana,http://creativecommons.org/publicdomain/mark/1.0/,Germany,IMAGE
/437/item_HCE5OYDDG2224R6QAFXEH36WMZZCBF2S,Zweiter Weltkrieg. Zur Einquartierung. In einem Dorf. Kleinkind und Katze mit Jungen auf einem Ziehwagen,1998,http://fotothek.slub-dresden.de/fotos/df_hauptkatalog_0212768_023.jpg,Europeana,http://creativecommons.org/publicdomain/mark/1.0/,Germany,IMAGE
/122/https___www_searchculture_gr_aggregator_edm_ELIA_000100_33_516840,Νέος κόσμος,2040,http://eliaserver.elia.org.gr/LSelia/images_View/%CE%95%CE%A6.%CE%9F%CE%9C.%CE%9B.%CE%9A04.28.JPG,Europeana,http://creativecommons.org/licenses/by/4.0/,Greece,IMAGE
/2021633/AtlantisPubliek_detail_aspx_xmldescid_14629367,Prisoner of War index card van krijgsgevangene Heinrich Schlaghecken.,1945,http://denbosch.hosting.deventit.net/HttpHandler/icoon.ico?file=21130219,Europeana,http://creativecommons.org/licenses/by-sa/3.0/nl/,Netherlands,IMAGE
/9200231/BibliographicResource_3000060329800,"Wilhelm II., deutscher Kaiser und Prinz Heinrich von Preußen",1916,http://content.staatsbibliothek-berlin.de/dms/PPN766630811/1200/0/00000001.jpg,Europeana,http://creativecommons.org/publicdomain/mark/1.0/,Germany,IMAGE
/2020601/https___1914_1918_europeana_eu_contributions_604,Besitzausweis Eisernes Kreuz II. Klasse Arthur Götze,2061,https://rhus-209.man.poznan.pl/fcgi-bin/iipsrv.fcgi?IIIF=11/5//2020601/https___1914_1918_europeana_eu_contributions_604/604.1432.original.tif/full/full/0/default.jpg,Europeana,http://creativecommons.org/licenses/by-sa/3.0/,Europe,IMAGE
/0940431/_nn8X7gs,"Najnowsze Dzieje Polski : materiały i studia z okresu II wojny światowej T. 5 (1961), Strony tytułowe, spis treści",1961,http://rcin.org.pl/Content/44876/WA303_7272_A237-5-1961-NDPII_spis.pdf,Europeana,http://creativecommons.org/publicdomain/mark/1.0/,Poland,IMAGE
/0940431/_nn8X7cp,"Recent history of Poland: materials and studies from World War II T. 9 (1965), Title pages, Contents",1965,http://rcin.org.pl/Content/44880/WA303_7282_A237-9-1965-NDPII_spis.pdf,Europeana,http://creativecommons.org/publicdomain/mark/1.0/,Poland,IMAGE
/0940431/_nn8X7Xm,"Recent history of Poland: materials and studies from World War II T. 2 (1959), Title pages, table of contents",1959,http://rcin.org.pl/Content/44873/WA303_7261_A237-2-1959-NDPII_spis.pdf,Europeana,http://creativecommons.org/publicdomain/mark/1.0/,Poland,IMAGE
/0940431/_nn8X7X4,"Najnowsze Dzieje Polski : materiały i studia z okresu II wojny światowej T. 1 (1957), Strony tytułowe, Spis treści",1957,http://rcin.org.pl/Content/44872/WA303_7239_A237-1-1957-NDPII_spis.pdf,Europeana,http://creativecommons.org/publicdomain/mark/1.0/,Poland,IMAGE
/9200317/BibliographicResource_3000094096471,"Wilhelm I, Friedrich III, William II: Medals and decorations",2064,http://www.numistral.fr/ark:/12148/btv1b10234617b.f1.highres,Europeana,http://creativecommons.org/licenses/by/4.0/,France,IMAGE
/0943108/libvar_ARTICLE_19631,Подводниците в сегашната война,2069,http://catalog.libvar.bg/view/show_pdf_issue.pl?MATERIAL=article&image_id=427593771.65508413493511994604,Europeana,http://creativecommons.org/publicdomain/zero/1.0/,Bulgaria,IMAGE
/954/Culturalia_8648ce36_60a3_7f4a_be6f_faa31dc4ec55,Țarul Nicolae al II-lea,2037,https://resource.culturalia.ro/public/2000/01/01/_B-BMB_2021_05%20mai_Baze%20de%20date_Ivan_mai_2021_BMB_biblioteca-digitala-Ivan-Florenta1_biblioteca-digitala-portabila-Ivan-Florenta1/Gazeta_Ilustrata_an04_1915_06_27_n029_009.pdf,Europeana,http://creativecommons.org/licenses/by-sa/4.0/,Romania,IMAGE
/916105/bhm_photo_UMFA53513_0271,Commemoration in over ilandfluted war victims,2033,https://mm.dimu.org/image/022sAYdfqWVd?dimension=1200x1200,Europeana,http://creativecommons.org/publicdomain/mark/1.0/,Sweden,IMAGE
/0940431/_nn8X7gg,"Recent history of Poland: materials and studies from World War II T. 7 (1963), Title pages, Contents",1963,http://rcin.org.pl/Content/44878/WA303_7275_A237-7-1963-NDPII_spis.pdf,Europeana,http://creativecommons.org/publicdomain/mark/1.0/,Poland,IMAGE
/0940431/_nn8X7gd,"Recent history of Poland: materials and studies from World War II T. 6 (1962), Title pages, Contents",1962,http://rcin.org.pl/Content/44877/WA303_7273_A237-6-1962-NDPII_spis.pdf,Europeana,http://creativecommons.org/publicdomain/mark/1.0/,Poland,IMAGE
/0940431/_nn8X7c6,"Najnowsze Dzieje Polski : materiały i studia z okresu II wojny światowej T. 10 (1966), Strony tytułowe, Spis treści",1966,http://rcin.org.pl/Content/44881/WA303_7308_A237-10-1966-NDPII_spis.pdf,Europeana,http://creativecommons.org/publicdomain/mark/1.0/,Poland,IMAGE
/0940431/_nn8X7c0,"Recent history of Poland: materials and studies from World War II T. 8 (1964), Title pages, Contents",1964,http://rcin.org.pl/Content/44879/WA303_7279_A237-8-1964-NDPII_spis.pdf,Europeana,http://creativecommons.org/publicdomain/mark/1.0/,Poland,IMAGE
/2020601/https___1914_1918_europeana_eu_contributions_9322,La grande guerre à ARRAS,2061,https://rhus-209.man.poznan.pl/fcgi-bin/iipsrv.fcgi?IIIF=11/5//2020601/https___1914_1918_europeana_eu_contributions_9322/9322.88541.original.tif/full/full/0/default.jpg,Europeana,http://creativecommons.org/licenses/by-sa/3.0/,Europe,IMAGE
/401/item_GCQHFKBZ4ZXWQDSL7FZ5JHVVCTANBFO2,II üle-eestiline pikamaasõit,1959,https://www.muis.ee/digitaalhoidla/api/meedia/originaal?id=222415cf-57bc-4089-a1e2-21a3ca1600e7,Europeana,http://creativecommons.org/publicdomain/zero/1.0/,Estonia,IMAGE
/0940431/_nn8X7h4,"Najnowsze Dzieje Polski : materiały i studia z okresu II wojny światowej T. 11 (1967), Strony tytułowe, Spis treści",1967,http://rcin.org.pl/Content/44882/WA303_7313_A237-11-1967-NDPII_spis.pdf,Europeana,http://creativecommons.org/publicdomain/mark/1.0/,Poland,IMAGE
/0940431/_nn8X7hg,"Recent history of Poland: materials and studies from World War II T. 12 (1968), Title pages, table of contents",1968,http://rcin.org.pl/Content/44883/WA303_7317_A237-12-1968-NDPII_spis.pdf,Europeana,http://creativecommons.org/publicdomain/mark/1.0/,Poland,IMAGE
/0940431/_nn8X7gx,"Najnowsze Dzieje Polski : materiały i studia z okresu II wojny światowej T. 4 (1960), Strony tytułowe, spis treści",1960,http://rcin.org.pl/Content/44875/WA303_7270_A237-4-1960-NDPII_spis.pdf,Europeana,http://creativecommons.org/publicdomain/mark/1.0/,Poland,IMAGE
/1316/https___www_searchculture_gr_aggregator_edm_momus_000179_10994,Τοκετός I,1944,http://dam.momus.gr/files/original/6cd24aa8897b5b5a6014310444b1ce8933d1e1c3.jpg,Europeana,http://creativecommons.org/licenses/by-sa/4.0/,Greece,IMAGE
/9200231/BibliographicResource_3000060330536,Nachrichtenblatt der Ausschüsse für Kriegsaufklärung im Bereiche des II. Armeekorps,1918,http://content.staatsbibliothek-berlin.de/dms/PPN749371455/1200/0/00000001.jpg,Europeana,http://creativecommons.org/publicdomain/mark/1.0/,Germany,IMAGE
/9200231/BibliographicResource_3000060330083,Nachrichtenblatt der Ausschüsse für Kriegsaufklärung im Bereiche des II. Armeekorps,1918,http://content.staatsbibliothek-berlin.de/dms/PPN749369671/1200/0/00000001.jpg,Europeana,http://creativecommons.org/publicdomain/mark/1.0/,Germany,IMAGE
/9200231/BibliographicResource_3000060329587,Nachrichtenblatt der Ausschüsse für Kriegsaufklärung im Bereiche des II. Armeekorps,1918,http://content.staatsbibliothek-berlin.de/dms/PPN749371773/1200/0/00000001.jpg,Europeana,http://creativecommons.org/publicdomain/mark/1.0/,Germany,IMAGE
/9200231/BibliographicResource_3000060327825,"Von Mücke, Kommandant S. M. S. Ayesha ""Emden II""",1915,http://content.staatsbibliothek-berlin.de/dms/PPN770484565/1200/0/00000001.jpg,Europeana,http://creativecommons.org/publicdomain/mark/1.0/,Germany,IMAGE
/1316/https___www_searchculture_gr_aggregator_edm_momus_000179_10996,Πιετά ΙΙ,1944,http://dam.momus.gr/files/original/f80ca3a2dd45703282b67ad78c1a95dc1505a6d7.jpg,Europeana,http://creativecommons.org/licenses/by-sa/4.0/,Greece,IMAGE
/2020601/https___1914_1918_europeana_eu_contributions_4025_attachments_48249,"Zimmer hundert elf K.II, Krefeld POW camp",1916,https://rhus-209.man.poznan.pl/fcgi-bin/iipsrv.fcgi?IIIF=11/5//2020601/https___1914_1918_europeana_eu_contributions_4025_attachments_48249/4025.48249.original.tif/full/full/0/default.jpg,Europeana,http://creativecommons.org/licenses/by-sa/3.0/,Europe,IMAGE
/954/Culturalia_6d544d49_b9e3_4ad0_bba2_2e4ea49ed3b6,Destine paralele (II),2037,https://resource.culturalia.ro/public/2001/01/01/_BC-BJ_2020_08%20August%202020_Paula%20Savin_BJBC_Savin_Paula_2020-08__gen/00523-Ateneu-2014-04-23.pdf,Europeana,http://creativecommons.org/licenses/by-sa/4.0/,Romania,IMAGE
/2048128/836532,Barátnők jelmezben II.,1935,https://mandadb.hu/common/file-servlet/document/1277373/default/doc_url/161506.jpg,Europeana,http://creativecommons.org/licenses/by-sa/4.0/,Hungary,IMAGE
/2051906/data_euscreenXL_https___www_openbeelden_nl_media_778768,War food 1945,2044,https://www.openbeelden.nl/files/07/78/797940.778772.OORLOGSVOEDSE-FHD00Z03EDL_118000_232040.mp4,Europeana,http://creativecommons.org/publicdomain/mark/1.0/,Netherlands,IMAGE
/1316/https___www_searchculture_gr_aggregator_edm_momus_000179_10998,Σταύρωση ΙΙ,1944,http://dam.momus.gr/files/original/586288f6b715c56fc66ebec4b8f725ac2028207c.jpg,Europeana,http://creativecommons.org/licenses/by-sa/4.0/,Greece,IMAGE
/0940433/_nhwhbbb,Świat powojenny i Polska,1937,http://mbc.malopolska.pl/Content/125409/Roman%20Dmowski%20-%20%C5%9Awiat%20powojenny%20i%20Polska.pdf,Europeana,http://creativecommons.org/publicdomain/mark/1.0/,Poland,IMAGE
/188/item_2YHQG7DBYEVTWAXOBGFRMRS5DAJJY4C7,Second World War. Soviet Union. Fighting breaks. Locals and soldiers pushing a hay car through a muddy ford,1998,http://fotothek.slub-dresden.de/fotos/df_hauptkatalog_0915167.jpg,Europeana,http://creativecommons.org/publicdomain/mark/1.0/,Germany,IMAGE
/9200231/BibliographicResource_3000060331351,Nachrichtenblatt der Ausschüsse für Kriegsaufklärung im Bereiche des II. Armeekorps,1918,http://content.staatsbibliothek-berlin.de/dms/PPN74937019X/1200/0/00000001.jpg,Europeana,http://creativecommons.org/publicdomain/mark/1.0/,Germany,IMAGE
/9200231/BibliographicResource_3000060331053,Nachrichtenblatt der Ausschüsse für Kriegsaufklärung im Bereiche des II. Armeekorps,1917,http://content.staatsbibliothek-berlin.de/dms/PPN749365250/1200/0/00000001.jpg,Europeana,http://creativecommons.org/publicdomain/mark/1.0/,Germany,IMAGE
/9200231/BibliographicResource_3000060329790,Nachrichtenblatt der Ausschüsse für Kriegsaufklärung im Bereiche des II. Armeekorps,1917,http://content.staatsbibliothek-berlin.de/dms/PPN749365005/1200/0/00000001.jpg,Europeana,http://creativecommons.org/publicdomain/mark/1.0/,Germany,IMAGE
/9200231/BibliographicResource_3000060329277,Nachrichtenblatt der Ausschüsse für Kriegsaufklärung im Bereiche des II. Armeekorps,1918,http://content.staatsbibliothek-berlin.de/dms/PPN749370564/1200/0/00000001.jpg,Europeana,http://creativecommons.org/publicdomain/mark/1.0/,Germany,IMAGE
/2020601/https___1914_1918_europeana_eu_contributions_2328,"""Ekaha"" Kriegs-Notizbuch von Friedrich Reinboth",1916,https://rhus-209.man.poznan.pl/fcgi-bin/iipsrv.fcgi?IIIF=11/5//2020601/https___1914_1918_europeana_eu_contributions_2328/2328.30676.original.tif/full/full/0/default.jpg,Europeana,http://creativecommons.org/licenses/by-sa/3.0/,Europe,IMAGE
/188/item_CAOTJHDMCM622SVMRZVK2V2OPQ4OMFQA,Zweiter Weltkrieg. Niederlande unter deutscher Besatzung. Junge Frau an einem Fenster (wohl bei Den Haag),1999,http://fotothek.slub-dresden.de/fotos/df_hauptkatalog_0212851_019.jpg,Europeana,http://creativecommons.org/publicdomain/mark/1.0/,Germany,IMAGE
/954/Culturalia_447d74b0_7b54_5546_bde0_813436ec056f,Neologismul în limba română - II,2037,https://resource.culturalia.ro/public/2000/01/01/_B-BMB_2021_05%20mai_Baze%20de%20date_Irinciuc_mai_2021_BMB_Biblioteca-digitala-portabila/Destin_Revista_de_cultura_rom_Nr8_9_1954_0165-0181.pdf,Europeana,http://creativecommons.org/licenses/by-sa/4.0/,Romania,IMAGE
/9200231/BibliographicResource_2000092034437,Das Kriegslazarett II. Armeekorps sechs Wochen in französischer Gefangenschaft,1914,http://content.staatsbibliothek-berlin.de/dms/PPN726106070/1200/0/00000001.jpg,Europeana,http://creativecommons.org/publicdomain/mark/1.0/,Germany,IMAGE
/2020601/https___1914_1918_europeana_eu_contributions_21865,Flucht aus russischer Kriegsgefangenschaft,1914,https://europeana1914-1918.s3.amazonaws.com/attachments/260645/21865.260645.original.jpeg,Europeana,http://creativecommons.org/licenses/by-sa/3.0/,Europe,IMAGE
/1368/https___www_searchculture_gr_aggregator_edm_DigTelloglio_000196_256122_,‘Η Ιαπωνία εξωθεί την Αμερική σε πόλεμο”,1979,https://exhibition.telogliondigital.gr/extra_large/88636_1.jpg,Europeana,http://creativecommons.org/licenses/by-sa/4.0/,Greece,IMAGE
/0943108/libvar_ARTICLE_24021,Последната фаза на войната,2069,http://catalog.libvar.bg/view/show_pdf_issue.pl?MATERIAL=article&image_id=905214933.74040713826156695424,Europeana,http://creativecommons.org/publicdomain/zero/1.0/,Bulgaria,IMAGE
/0940432/_nnf7969,Rokitno - Stabsquartier II/L.J.R. 9,1916,http://pbc.biaman.pl/Content/23190/ksf5764_f_025.pdf,Europeana,http://creativecommons.org/publicdomain/mark/1.0/,Poland,IMAGE
/2048425/item_VEQINNGHGMT6EFBGSYAQIDI2NUYAKO4A,"Alte Pfade der Integration und der Versuch, nach dem Zweiten Weltkrieg neue Wege einzuschlagen: das Beispiel der Infrastrukturen in Europa",2007,http://www.ssoar.info/ssoar/bitstream/handle/document/6292/ssoar-hsr-2007-no_4__no_122-ambrosius_et_al-alte_pfade_der_integration_und.pdf?sequence=1,Europeana,http://creativecommons.org/licenses/by/4.0/,Germany,IMAGE
/188/item_5UELI7CUO3ENCZBB2XIL7CJNMJ5NXTKV,Zweiter Weltkrieg. Holland. Wehrmachtsangehörige vor einem Güterwaggon vor der Abreise an die Ostfront,1999,http://fotothek.slub-dresden.de/fotos/df_hauptkatalog_0212746_020.jpg,Europeana,http://creativecommons.org/publicdomain/mark/1.0/,Germany,IMAGE
/2020601/https___1914_1918_europeana_eu_contributions_12516,FRAD004-022. La guerre d'Alfred Mundinger,1916,https://rhus-209.man.poznan.pl/fcgi-bin/iipsrv.fcgi?IIIF=11/5//2020601/https___1914_1918_europeana_eu_contributions_12516/12516.131498.original.tif/full/full/0/default.jpg,Europeana,http://creativecommons.org/licenses/by-sa/3.0/,Europe,IMAGE
/188/item_6NZ4SYVLP5OTJQIXFF4BUMJBRNVTB24H,Zweiter Weltkrieg. Niederlande unter deutscher Besatzung. Doppelporträt von zwei Wehrmachtsangehörigen (wohl bei Den Haag),1999,http://fotothek.slub-dresden.de/fotos/df_hauptkatalog_0212843_025.jpg,Europeana,http://creativecommons.org/publicdomain/mark/1.0/,Germany,IMAGE
/2021639/L1798,"""W.O.II:"" mensenmassa",2054,http://weert.hosting.deventit.net/HttpHandler/icoon.ico?file=206149561,Europeana,http://creativecommons.org/licenses/by-sa/3.0/nl/,Netherlands,IMAGE
/2020601/https___1914_1918_europeana_eu_contributions_7039,Prizonier în îngheţata Siberie,1914,https://rhus-209.man.poznan.pl/fcgi-bin/iipsrv.fcgi?IIIF=11/5//2020601/https___1914_1918_europeana_eu_contributions_7039/7039.73036.original.tif/full/full/0/default.jpg,Europeana,http://creativecommons.org/licenses/by-sa/3.0/,Europe,IMAGE
/2020601/https___1914_1918_europeana_eu_contributions_16912,Album mit Bildern von Franz Joseph und Wilhelm II,1914,https://rhus-209.man.poznan.pl/fcgi-bin/iipsrv.fcgi?IIIF=11/5//2020601/https___1914_1918_europeana_eu_contributions_16912/16912.184323.original.tif/full/full/0/default.jpg,Europeana,http://creativecommons.org/licenses/by-sa/3.0/,Europe,IMAGE
/122/https___www_searchculture_gr_aggregator_edm_ELIA_000100_22_426977,Ο Γεώργιος Β'.,1944,http://eliaserver.elia.org.gr/LSelia/images_View/1E01.050.jpg,Europeana,http://creativecommons.org/licenses/by/4.0/,Greece,IMAGE
/2020601/https___1914_1918_europeana_eu_contributions_6020,Memoria sulla Grande Guerra,2061,https://rhus-209.man.poznan.pl/fcgi-bin/iipsrv.fcgi?IIIF=11/5//2020601/https___1914_1918_europeana_eu_contributions_6020/6020.69292.original.tif/full/full/0/default.jpg,Europeana,http://creativecommons.org/licenses/by-sa/3.0/,Europe,IMAGE
/2048425/item_KAKGT2VUCQSQPGEATKAF3I2WVU5NB3X5,Kindheiten im Nationalsozialismus und Zweiten Weltkrieg: das Zusammenwirken von NS-Erziehung und Bombenangriffen,2012,http://www.ssoar.info/ssoar/bitstream/handle/document/39238/ssoar-bioszeit-2012-1-quindeau_et_al-Kindheiten_im_Nationalsozialismus_und_Zweiten.pdf?sequence=1,Europeana,http://creativecommons.org/licenses/by-sa/4.0/,Germany,IMAGE
/2048421/item_UUMR7DT3VXT2ZGURTSYKUBNKQ6IGCCES,"Streckenausbau Mittellandkanal, Sicherheitstor II/Achmer",2066,https://izw-medienarchiv.baw.de/api/v1/objects/uuid/5b3e30f2-0e2f-41ba-a36b-13ae63a5f544/file/id/1684/file_version/name/original/disposition/inline,Europeana,http://creativecommons.org/licenses/by/4.0/,Germany,IMAGE
/2020601/https___1914_1918_europeana_eu_contributions_2800,Eisernes Kreuz II. Klasse,1914,https://rhus-209.man.poznan.pl/fcgi-bin/iipsrv.fcgi?IIIF=11/5//2020601/https___1914_1918_europeana_eu_contributions_2800/2800.35801.original.tif/full/full/0/default.jpg,Europeana,http://creativecommons.org/licenses/by-sa/3.0/,Europe,IMAGE
/9200317/BibliographicResource_3000094096291,"Guillaume II : Médailles et décorations / Ziegler, Max (1879-...?) ; Ball, R.",2064,http://www.numistral.fr/ark:/12148/btv1b10234388j.f1.highres,Europeana,http://creativecommons.org/licenses/by/4.0/,France,IMAGE
/2020601/https___1914_1918_europeana_eu_contributions_6265,Cărţi poştale din perioada războiului,1916,https://rhus-209.man.poznan.pl/fcgi-bin/iipsrv.fcgi?IIIF=11/5//2020601/https___1914_1918_europeana_eu_contributions_6265/6265.71102.original.tif/full/full/0/default.jpg,Europeana,http://creativecommons.org/licenses/by-sa/3.0/,Europe,IMAGE
/0943108/libvar_ARTICLE_19680,Maritime War: (Overview of losses for the first year of the war),2069,http://catalog.libvar.bg/view/show_pdf_issue.pl?MATERIAL=article&image_id=511048776.63099713494463081105,Europeana,http://creativecommons.org/publicdomain/zero/1.0/,Bulgaria,IMAGE
/463/item_NZWVDHGST627BLWIZEEOU5RJSHMOEGKF,Zweiter Weltkrieg. Kampfpausen. Sowjetunion. Zwei Wehrmachtsangehörige mit einem Pferdegespann (wohl während eines Stellungswechsels),2027,http://fotothek.slub-dresden.de/fotos/df_hauptkatalog_0670758.jpg,Europeana,http://creativecommons.org/publicdomain/mark/1.0/,Germany,IMAGE
/954/Culturalia_9b6cf278_d631_4f13_881d_7b794e7b5f1d,Vol. II. : Mărturisiri,1941,https://resource.culturalia.ro/public/2001/01/01/_CJ-BJOG_2021_08%20August%202021_BJC-Vescan-Liana-2021-08__gen/00420-IIGB8178-BJC-Marturisiri-II-Rosetti-sa.pdf,Europeana,http://creativecommons.org/licenses/by-sa/4.0/,Romania,IMAGE
/2020601/https___1914_1918_europeana_eu_contributions_20457_attachments_230234,Photographie de Guillaume II et son état major,2061,https://rhus-209.man.poznan.pl/fcgi-bin/iipsrv.fcgi?IIIF=11/5//2020601/https___1914_1918_europeana_eu_contributions_20457_attachments_230234/20457.230234.original.tif/full/full/0/default.jpg,Europeana,http://creativecommons.org/licenses/by-sa/3.0/,Europe,IMAGE
/440/item_S53DPBXPMTYLXHZGBPH7FYVTGEWLBMIG,Second World War. Front images. Soviet Union. Four German Soldiers in front of the Entrance to a Bunker,1998,http://fotothek.slub-dresden.de/fotos/df_hauptkatalog_0212764_029.jpg,Europeana,http://creativecommons.org/publicdomain/mark/1.0/,Germany,IMAGE
/470/https___www_esbirky_cz_detail_3464678,Anežka Kulíčková z Vlašimi II,2071,https://www.esbirky.cz/img.php?id=3464680,Europeana,http://creativecommons.org/licenses/by/4.0/,Czech Republic,IMAGE
/2020601/https___1914_1918_europeana_eu_contributions_14618,"Kriegs-Chronik 1914-1918, Bernhard Hinkenjann",1914,https://rhus-209.man.poznan.pl/fcgi-bin/iipsrv.fcgi?IIIF=11/5//2020601/https___1914_1918_europeana_eu_contributions_14618/14618.148895.original.tif/full/full/0/default.jpg,Europeana,http://creativecommons.org/licenses/by-sa/3.0/,Europe,IMAGE
/9200317/BibliographicResource_3000094096484,1 kopeck 1915 (coll. Westerkamp) / Russie Nicolas II,2064,http://www.numistral.fr/ark:/12148/btv1b102345995.f1.highres,Europeana,http://creativecommons.org/licenses/by/4.0/,France,IMAGE
/9200317/BibliographicResource_3000094096071,15 kopecks 1915 (coll. Westerkamp) / Russie Alexandre II,2064,http://www.numistral.fr/ark:/12148/btv1b102345921.f1.highres,Europeana,http://creativecommons.org/licenses/by/4.0/,France,IMAGE
/9200317/BibliographicResource_3000094096066,5 kopecks 1915 (coll. Westerkamp) / Russie Nicolas II,2064,http://www.numistral.fr/ark:/12148/btv1b102345978.f1.highres,Europeana,http://creativecommons.org/licenses/by/4.0/,France,IMAGE
/122/https___www_searchculture_gr_aggregator_edm_ELIA_000100_31_385774,Άσε τον παληόκοσμο να λέη,1940,http://eliaserver.elia.org.gr/LSelia/images_View/MS.4.018%20(2).jpg,Europeana,http://creativecommons.org/licenses/by/4.0/,Greece,IMAGE
/0943108/libvar_ARTICLE_19871,Two years of sea war,2069,http://catalog.libvar.bg/view/show_pdf_issue.pl?MATERIAL=article&image_id=1331051341.7162613499442593011,Europeana,http://creativecommons.org/publicdomain/zero/1.0/,Bulgaria,IMAGE
/9200317/BibliographicResource_3000094096124,10 kopecks 1915 (coll. Westerkamp) / Russie Nicolas II,2064,http://www.numistral.fr/ark:/12148/btv1b102346017.f1.highres,Europeana,http://creativecommons.org/licenses/by/4.0/,France,IMAGE
/2020601/https___1914_1918_europeana_eu_contributions_6234,Familia Cazana - povestiri despre razboi,1916,https://rhus-209.man.poznan.pl/fcgi-bin/iipsrv.fcgi?IIIF=11/5//2020601/https___1914_1918_europeana_eu_contributions_6234/6234.72737.original.tif/full/full/0/default.jpg,Europeana,http://creativecommons.org/licenses/by-sa/3.0/,Europe,IMAGE
/9200317/BibliographicResource_3000094096446,Wilhelm II croix de fer : Médailles et décorations / M & W ST,2064,http://www.numistral.fr/ark:/12148/btv1b102344270.f1.highres,Europeana,http://creativecommons.org/licenses/by/4.0/,France,IMAGE
/9200317/BibliographicResource_3000094096458,1 kopeck 1914 (coll. Westerkamp) / Russie Nicolas II,2064,http://www.numistral.fr/ark:/12148/btv1b10234598q.f1.highres,Europeana,http://creativecommons.org/licenses/by/4.0/,France,IMAGE
/9200317/BibliographicResource_3000094096051,5 kopecks 1914 (coll. Westerkamp) / Russie Nicolas II,2064,http://www.numistral.fr/ark:/12148/btv1b10234596t.f1.highres,Europeana,http://creativecommons.org/licenses/by/4.0/,France,IMAGE
/9200317/BibliographicResource_3000094096041,20 kopecks 1914 (coll. Westerkamp) / Russie Nicolas II,2064,http://www.numistral.fr/ark:/12148/btv1b102347168.f1.highres,Europeana,http://creativecommons.org/licenses/by/4.0/,France,IMAGE
/9200317/BibliographicResource_3000094096355,Demi kopeck 1915 (coll. Westerkamp) / Russie Nicolas II,2064,http://www.numistral.fr/ark:/12148/btv1b10234600s.f1.highres,Europeana,http://creativecommons.org/licenses/by/4.0/,France,IMAGE
/437/item_HRKWYBS3B5SHM3BNYOQ2TLFMHIOCMW2F,Zweiter Weltkrieg. Niederlande unter deutscher Besatzung. Drei Wehrmachtsangehörige in einem Dientsraum (wohl bei Den Haag),1998,http://fotothek.slub-dresden.de/fotos/df_hauptkatalog_0212865_031.jpg,Europeana,http://creativecommons.org/publicdomain/mark/1.0/,Germany,IMAGE
/2020601/https___1914_1918_europeana_eu_contributions_6924,Kriegschronik vom Unteroffizier Johann Steckann,1914,https://rhus-209.man.poznan.pl/fcgi-bin/iipsrv.fcgi?IIIF=11/5//2020601/https___1914_1918_europeana_eu_contributions_6924/6924.96078.original.tif/full/full/0/default.jpg,Europeana,http://creativecommons.org/licenses/by-sa/3.0/,Europe,IMAGE
/0943110/libvar_ARTICLE_28758,New Zealand losses in the current war,2070,http://catalog.libvar.bg/view/show_pdf_issue.pl?MATERIAL=article&image_id=1329057285.085314139835521222,Europeana,http://creativecommons.org/publicdomain/zero/1.0/,Bulgaria,IMAGE
/916105/bhm_photo_UMFA53513_0403,Minnesmärke över ilandflutna krigsoffer,2033,https://mm.dimu.org/image/012sAYdfqrS4?dimension=1200x1200,Europeana,http://creativecommons.org/publicdomain/mark/1.0/,Sweden,IMAGE
/206/item_UG754VIHNW7GRC7FOZYLAJFFV4G4H2V7,"She. ""This be a terrible war, doctor.""",2043,https://heidicon.ub.uni-heidelberg.de/api/v1/objects/uuid/311413a3-ab7e-45e4-b84c-572f04e852f1/file/id/294002/file_version/name/huge/disposition/inline,Europeana,http://creativecommons.org/publicdomain/mark/1.0/,Germany,IMAGE
/437/item_DITO2ATRF5AQFRISGNBASJ4G5T2BQOQQ,Second World War. The Netherlands under German occupation. The Hague. Street to Scheveningen with row of houses (1920/1940),1997,http://fotothek.slub-dresden.de/fotos/df_hauptkatalog_0212863_016.jpg,Europeana,http://creativecommons.org/publicdomain/mark/1.0/,Germany,IMAGE
/2020601/https___1914_1918_europeana_eu_contributions_11412,Kriegsfotos Walter Naumann - lose Negative,1914,https://rhus-209.man.poznan.pl/fcgi-bin/iipsrv.fcgi?IIIF=11/5//2020601/https___1914_1918_europeana_eu_contributions_11412/11412.116968.original.tif/full/full/0/default.jpg,Europeana,http://creativecommons.org/licenses/by-sa/3.0/,Europe,IMAGE
/1269/mnha260511,Boîte antidotes MK II pour gaz moutarde,,"https://collections.mnaha.lu/api/v1/records/mnha260511/files/images/mnha260511_311235.jpg/full/!460,460/0/default.jpg",Europeana,http://creativecommons.org/publicdomain/mark/1.0/,Luxembourg,IMAGE
/2048421/item_B63LSOA5JGHV4O4IWPAYEFGAZHXRHC4N,"Bamberger Staatshafen, Becken II/Main-Donau-Kanal",1962,https://izw-medienarchiv.baw.de/api/v1/objects/uuid/82d4fc4e-72c3-435f-a98d-d7321d01ac5d/file/id/20586/file_version/name/original/disposition/inline,Europeana,http://creativecommons.org/licenses/by/4.0/,Germany,IMAGE
/774/_160988861913200,Höyrylaiva Bore II -laivamalli,2070,https://museo.disec.fi/Yksa4/download/160988861913200/file/62f4072a-aec7-4302-914a-1236394bda4a/,Europeana,http://creativecommons.org/licenses/by/4.0/,Finland,IMAGE
/916105/bhm_photo_UMFA53513_0233,Minnesmärke över ilandflutna krigsoffer,2033,https://mm.dimu.org/image/042sAYdfqBPq?dimension=1200x1200,Europeana,http://creativecommons.org/publicdomain/mark/1.0/,Sweden,IMAGE
/9200317/BibliographicResource_3000094096308,"Münster (Allemagne) II 2 pfennigs : Monnaies de guerre / Berg & Nolte, Lüdenscheid",2064,http://www.numistral.fr/ark:/12148/btv1b102345402.f1.highres,Europeana,http://creativecommons.org/licenses/by/4.0/,France,IMAGE
/9200317/BibliographicResource_3000094095987,"I. Les Belligérants ; II. La France et l'Alsace / Th. Blondé,...",1917,http://www.numistral.fr/ark:/12148/bpt6k9437250c.f1.highres,Europeana,http://creativecommons.org/licenses/by/4.0/,France,IMAGE
/9200317/BibliographicResource_3000094096252,"Münster (Allemagne) II 10 pfennigs : Monnaies de guerre / Berg & Nolte, Lüdenscheid",2064,http://www.numistral.fr/ark:/12148/btv1b10234542z.f1.highres,Europeana,http://creativecommons.org/licenses/by/4.0/,France,IMAGE
/9200317/BibliographicResource_3000094096248,"Münster (Allemagne) II 5 pfennigs : Monnaies de guerre / Berg & Nolte, Lüdenscheid",2064,http://www.numistral.fr/ark:/12148/btv1b10234541h.f1.highres,Europeana,http://creativecommons.org/licenses/by/4.0/,France,IMAGE
/463/item_SLIEG52U3Y72OPSA3LPRJEQY642ZJPHC,Second World War. The Netherlands under German occupation. German Soldier with a Native Girl (probably near The Hague),2027,http://fotothek.slub-dresden.de/fotos/df_hauptkatalog_0212850_032.jpg,Europeana,http://creativecommons.org/publicdomain/mark/1.0/,Germany,IMAGE
/122/https___www_searchculture_gr_aggregator_edm_ELIA_000100_29_326082,"Κόσμος που έρχεται, ο",2040,http://eliaserver.elia.org.gr/LSelia/images_View/THP.30.61%20(2).JPG,Europeana,http://creativecommons.org/licenses/by/4.0/,Greece,IMAGE
/2048425/item_W5DAEGYNP3BIXV7SO4EZ36KUJKEPEQOO,Collecting and interpreting qualitative research-elicited data for longitudinal analysis: the case of oral history data on World War II forced labourers,2009,http://www.ssoar.info/ssoar/bitstream/handle/document/28716/ssoar-hsr-2009-no_3__no_129-thonfeld-collecting_and_interpreting_qualitative_research-elicited.pdf?sequence=1,Europeana,http://creativecommons.org/licenses/by/4.0/,Germany,IMAGE
/440/item_X7SJ5H4YIXDIWFKE2NBJ6YJIE2EVUAOA,Second World War. The Netherlands under German occupation. German Soldier with a Native Girl (probably near The Hague),1999,http://fotothek.slub-dresden.de/fotos/df_hauptkatalog_0212865_037.jpg,Europeana,http://creativecommons.org/publicdomain/mark/1.0/,Germany,IMAGE
/2020601/https___1914_1918_europeana_eu_contributions_2803,Zierteller mit Porträts Kaiser Wilhelm II. und Kronprinz Rupprecht von Bayern,1914,https://rhus-209.man.poznan.pl/fcgi-bin/iipsrv.fcgi?IIIF=11/5//2020601/https___1914_1918_europeana_eu_contributions_2803/2803.35809.original.tif/full/full/0/default.jpg,Europeana,http://creativecommons.org/licenses/by-sa/3.0/,Europe,IMAGE
/9200231/BibliographicResource_3000060329333,"Kriegsbuch ... | 1914 = [1. Band der Weltkriegsgeschichte] | Die Geschichte des Weltkriegs auf den Schlachtfeldern Frankreichs, von Lüttich bis Antwerpen, zum Kanal, von Tannenberg bis Warschau, im Orient und über den Meeren",1914,http://content.staatsbibliothek-berlin.de/dms/PPN742732215/1200/0/00000001.jpg,Europeana,http://creativecommons.org/publicdomain/mark/1.0/,Germany,IMAGE
/2020601/https___1914_1918_europeana_eu_contributions_2425,Rekruten kurz nach Ausrufung der Republik,1918,https://rhus-209.man.poznan.pl/fcgi-bin/iipsrv.fcgi?IIIF=11/5//2020601/https___1914_1918_europeana_eu_contributions_2425/2425.31314.original.tif/full/full/0/default.jpg,Europeana,http://creativecommons.org/licenses/by-sa/3.0/,Europe,IMAGE
/437/item_KQ6GM456KOGE6ZENCZ5YFKNFZW35EFGW,Zweiter Weltkrieg. Niederlande unter deutscher Besatzung. Angehöriger der deutschen Wehrmacht vor einem Wohnhaus (wohl bei Den Haag),1998,http://fotothek.slub-dresden.de/fotos/df_hauptkatalog_0212836_031.jpg,Europeana,http://creativecommons.org/publicdomain/mark/1.0/,Germany,IMAGE
/2020601/https___1914_1918_europeana_eu_contributions_11835_attachments_121491,Vorläufiger Ausweis Eisernes Kreuz II. Klasse für Leutnant Broch,2061,https://rhus-209.man.poznan.pl/fcgi-bin/iipsrv.fcgi?IIIF=11/5//2020601/https___1914_1918_europeana_eu_contributions_11835_attachments_121491/11835.121491.original.tif/full/full/0/default.jpg,Europeana,http://creativecommons.org/licenses/by-sa/3.0/,Europe,IMAGE
/2020601/https___1914_1918_europeana_eu_contributions_17725,Makaranin u vihoru rata,2061,https://rhus-209.man.poznan.pl/fcgi-bin/iipsrv.fcgi?IIIF=11/5//2020601/https___1914_1918_europeana_eu_contributions_17725/17725.202553.original.tif/full/full/0/default.jpg,Europeana,http://creativecommons.org/licenses/by-sa/3.0/,Europe,IMAGE
/463/item_UHPMLHCK54T4P5XP6AKDJIOLRXTW55HE,Zweiter Weltkrieg. Niederlande unter deutscher Besatzung. Porträt eines Wehrmachtsangehörigen auf einer Weide (wohl bei Den Haag),2027,http://fotothek.slub-dresden.de/fotos/df_hauptkatalog_0212843_028.jpg,Europeana,http://creativecommons.org/publicdomain/mark/1.0/,Germany,IMAGE
/440/item_QH4YZLB62UKAUCWNFNFVKEQ7FXJII2GE,Zweiter Weltkrieg. Niederlande unter deutscher Besatzung. Angehöriger der deutschen Wehrmacht vor einem Wohnhaus (wohl bei Den Haag),1998,http://fotothek.slub-dresden.de/fotos/df_hauptkatalog_0212836_026.jpg,Europeana,http://creativecommons.org/publicdomain/mark/1.0/,Germany,IMAGE
/2020601/https___1914_1918_europeana_eu_contributions_4903,Northern Bank – War Memorials / Roll of Honour,2061,https://rhus-209.man.poznan.pl/fcgi-bin/iipsrv.fcgi?IIIF=11/5//2020601/https___1914_1918_europeana_eu_contributions_4903/4903.54345.original.tif/full/full/0/default.jpg,Europeana,http://creativecommons.org/licenses/by-sa/3.0/,Europe,IMAGE
/511/libvar_ARTICLE_42950,Радиотелеграми  : 2. II. 1917 г.,2059,http://catalog.libvar.bg/view/show_pdf_issue.pl?MATERIAL=article&image_id=186935012.63156615296530593722,Europeana,http://creativecommons.org/publicdomain/zero/1.0/,Bulgaria,IMAGE
/511/libvar_ARTICLE_42966,Радиотелеграми  : 5. II. 1917 г.,2059,http://catalog.libvar.bg/view/show_pdf_issue.pl?MATERIAL=article&image_id=483701844.79301115296543785922,Europeana,http://creativecommons.org/publicdomain/zero/1.0/,Bulgaria,IMAGE
/511/libvar_ARTICLE_42982,Радиотелеграми  : 6. II. 1917 г.,2059,http://catalog.libvar.bg/view/show_pdf_issue.pl?MATERIAL=article&image_id=35783000.3155415296563763222,Europeana,http://creativecommons.org/publicdomain/zero/1.0/,Bulgaria,IMAGE
/511/libvar_ARTICLE_43002,Радиотелеграми  : 6. II. 1917 г.,2059,http://catalog.libvar.bg/view/show_pdf_issue.pl?MATERIAL=article&image_id=42105543.443921515296633102822,Europeana,http://creativecommons.org/publicdomain/zero/1.0/,Bulgaria,IMAGE
/511/libvar_ARTICLE_43068,Радиотелеграми  : 8. II. 1917 г.,2059,http://catalog.libvar.bg/view/show_pdf_issue.pl?MATERIAL=article&image_id=1495255339.95115299130155025,Europeana,http://creativecommons.org/publicdomain/zero/1.0/,Bulgaria,IMAGE
/511/libvar_ARTICLE_43174,Радиотелеграми  : 17. II. 1917 г.,2059,http://catalog.libvar.bg/view/show_pdf_issue.pl?MATERIAL=article&image_id=765300300.35748615300870211027,Europeana,http://creativecommons.org/publicdomain/zero/1.0/,Bulgaria,IMAGE
/511/libvar_ARTICLE_42941,Радиотелеграми  : 1. II. 1917 г.,2059,http://catalog.libvar.bg/view/show_pdf_issue.pl?MATERIAL=article&image_id=81518743.196203715296504275322,Europeana,http://creativecommons.org/publicdomain/zero/1.0/,Bulgaria,IMAGE
/511/libvar_ARTICLE_43127,Радиотелеграми  : 8. II. 1917 г.,2059,http://catalog.libvar.bg/view/show_pdf_issue.pl?MATERIAL=article&image_id=1418754019.1877815300003940626,Europeana,http://creativecommons.org/publicdomain/zero/1.0/,Bulgaria,IMAGE
/511/libvar_ARTICLE_43154,Радиотелеграми  : 14. II. 1917 г.,2059,http://catalog.libvar.bg/view/show_pdf_issue.pl?MATERIAL=article&image_id=1096051852.2763515300184400726,Europeana,http://creativecommons.org/publicdomain/zero/1.0/,Bulgaria,IMAGE
/511/libvar_ARTICLE_43178,Радиотелеграми  : 19. II. 1917 г.,2059,http://catalog.libvar.bg/view/show_pdf_issue.pl?MATERIAL=article&image_id=813835342.20654315300884203327,Europeana,http://creativecommons.org/publicdomain/zero/1.0/,Bulgaria,IMAGE
/511/libvar_ARTICLE_43190,Радиотелеграми  : 24. II. 1917 г.,2059,http://catalog.libvar.bg/view/show_pdf_issue.pl?MATERIAL=article&image_id=1094914535.502315301042105627,Europeana,http://creativecommons.org/publicdomain/zero/1.0/,Bulgaria,IMAGE
/511/libvar_ARTICLE_43198,Радиотелеграми  : 26. II. 1917 г.,2059,http://catalog.libvar.bg/view/show_pdf_issue.pl?MATERIAL=article&image_id=193169071.56332615301838600428,Europeana,http://creativecommons.org/publicdomain/zero/1.0/,Bulgaria,IMAGE
/511/libvar_ARTICLE_45572,Радиотелеграми  : 24. II. 1918 година,2059,http://catalog.libvar.bg/view/show_pdf_issue.pl?MATERIAL=article&image_id=1154084853.2145715417500105309,Europeana,http://creativecommons.org/publicdomain/zero/1.0/,Bulgaria,IMAGE
/2020601/https___1914_1918_europeana_eu_contributions_18270,Franziska Ritter aus Görlitz wird Kriegswitwe,2061,https://rhus-209.man.poznan.pl/fcgi-bin/iipsrv.fcgi?IIIF=11/5//2020601/https___1914_1918_europeana_eu_contributions_18270/18270.219605.original.tif/full/full/0/default.jpg,Europeana,http://creativecommons.org/licenses/by-sa/3.0/,Europe,IMAGE
/437/item_XFGXQSAB32BFSUBTOGZL2WG4IZLCEBR6,Zweiter Weltkrieg. Niederlande unter deutscher Besatzung. Angehöriger der deutschen Wehrmacht vor einem Wohnhaus (wohl bei Den Haag),1998,http://fotothek.slub-dresden.de/fotos/df_hauptkatalog_0212860_023.jpg,Europeana,http://creativecommons.org/publicdomain/mark/1.0/,Germany,IMAGE
/511/libvar_ARTICLE_43071,Радиотелеграми  : 7. II. 1917 г.,2059,http://catalog.libvar.bg/view/show_pdf_issue.pl?MATERIAL=article&image_id=792330278.34265515299160994125,Europeana,http://creativecommons.org/publicdomain/zero/1.0/,Bulgaria,IMAGE
/511/libvar_ARTICLE_43132,Радиотелеграми  : 8. II. 1917 г.,2059,http://catalog.libvar.bg/view/show_pdf_issue.pl?MATERIAL=article&image_id=1129733154.9353615300015362526,Europeana,http://creativecommons.org/publicdomain/zero/1.0/,Bulgaria,IMAGE
/511/libvar_ARTICLE_43159,Радиотелеграми  : 14. II. 1917 г.,2059,http://catalog.libvar.bg/view/show_pdf_issue.pl?MATERIAL=article&image_id=720909963.94266615300191401926,Europeana,http://creativecommons.org/publicdomain/zero/1.0/,Bulgaria,IMAGE
/511/libvar_ARTICLE_43168,Радиотелеграми  : 16. II. 1917 г.,2059,http://catalog.libvar.bg/view/show_pdf_issue.pl?MATERIAL=article&image_id=965170703.20384515300840842127,Europeana,http://creativecommons.org/publicdomain/zero/1.0/,Bulgaria,IMAGE
/511/libvar_ARTICLE_43182,Радиотелеграми  : 21. II. 1917 г.,2059,http://catalog.libvar.bg/view/show_pdf_issue.pl?MATERIAL=article&image_id=181033436.86521415301020232027,Europeana,http://creativecommons.org/publicdomain/zero/1.0/,Bulgaria,IMAGE
/511/libvar_ARTICLE_43187,Радиотелеграми  : 23. II. 1917 г.,2059,http://catalog.libvar.bg/view/show_pdf_issue.pl?MATERIAL=article&image_id=1083598589.9419115301027853327,Europeana,http://creativecommons.org/publicdomain/zero/1.0/,Bulgaria,IMAGE
/511/libvar_ARTICLE_43194,Радиотелеграми  : 26. II. 1917 г.,2059,http://catalog.libvar.bg/view/show_pdf_issue.pl?MATERIAL=article&image_id=1141730771.4820715301741152128,Europeana,http://creativecommons.org/publicdomain/zero/1.0/,Bulgaria,IMAGE
/511/libvar_ARTICLE_43200,Радиотелеграми  : 26. II. 1917 г.,2059,http://catalog.libvar.bg/view/show_pdf_issue.pl?MATERIAL=article&image_id=179532080.20793315306014000303,Europeana,http://creativecommons.org/publicdomain/zero/1.0/,Bulgaria,IMAGE
/91609/SMVK_VKM_fotografi_113466,"Byhövding, krigsdans, fotografi, photograph",2060,https://collections.smvk.se/carlotta-vkm/web/image/zoom/1329684/image.jpg,Europeana,http://creativecommons.org/publicdomain/zero/1.0/,Sweden,IMAGE
/1368/https___www_searchculture_gr_aggregator_edm_DigTelloglio_000196_256157_,“Ο κεραυνοβόλος πόλεμος κι η τραγική άνοιξη του”,1979,https://exhibition.telogliondigital.gr/extra_large/88671_1.jpg,Europeana,http://creativecommons.org/licenses/by-sa/4.0/,Greece,IMAGE
/2020601/https___1914_1918_europeana_eu_contributions_6891_attachments_72600,Ingekaderde foto met Koning Albert II en Maarschalk Foch,2061,https://rhus-209.man.poznan.pl/fcgi-bin/iipsrv.fcgi?IIIF=11/5//2020601/https___1914_1918_europeana_eu_contributions_6891_attachments_72600/6891.72600.original.tif/full/full/0/default.jpg,Europeana,http://creativecommons.org/licenses/by-sa/3.0/,Europe,IMAGE
/2020601/https___1914_1918_europeana_eu_contributions_13075,Besitzzeugnis des Eisernen Kreuzes II. Klasse,2061,https://rhus-209.man.poznan.pl/fcgi-bin/iipsrv.fcgi?IIIF=11/5//2020601/https___1914_1918_europeana_eu_contributions_13075/13075.132149.original.tif/full/full/0/default.jpg,Europeana,http://creativecommons.org/licenses/by-sa/3.0/,Europe,IMAGE
/1316/https___www_searchculture_gr_aggregator_edm_momus_000179_375,Θύμα ΙΙ,1996,http://dam.momus.gr/files/original/3cdc466b55bb40971c7bb2212dc358652eeab501.jpg,Europeana,http://creativecommons.org/licenses/by-sa/4.0/,Greece,IMAGE
/9200231/BibliographicResource_3000006447711,Festschrift Weihnachten 1915 dem II. Bataillon Leibg.I.R. No 115 gewidmet,1916,http://content.staatsbibliothek-berlin.de/dms/PPN731811437/1200/0/00000001.jpg,Europeana,http://creativecommons.org/publicdomain/mark/1.0/,Germany,IMAGE
/511/libvar_ARTICLE_42960,Радиотелеграми  : 8. II. 1917 г.,2059,http://catalog.libvar.bg/view/show_pdf_issue.pl?MATERIAL=article&image_id=1352666375.7990915296539025122,Europeana,http://creativecommons.org/publicdomain/zero/1.0/,Bulgaria,IMAGE
/511/libvar_ARTICLE_43138,Радиотелеграми  : 13. II. 1917 г.,2059,http://catalog.libvar.bg/view/show_pdf_issue.pl?MATERIAL=article&image_id=1161373549.1755715300027544526,Europeana,http://creativecommons.org/publicdomain/zero/1.0/,Bulgaria,IMAGE
/511/libvar_ARTICLE_43171,Радиотелеграми  : 16. II. 1917 г.,2059,http://catalog.libvar.bg/view/show_pdf_issue.pl?MATERIAL=article&image_id=1261998804.3731915300849843627,Europeana,http://creativecommons.org/publicdomain/zero/1.0/,Bulgaria,IMAGE
/2020601/https___1914_1918_europeana_eu_contributions_17406,De vlucht van de familie Verbeke: van Antwerpen naar Sint-Annaland,1914,https://rhus-209.man.poznan.pl/fcgi-bin/iipsrv.fcgi?IIIF=11/5//2020601/https___1914_1918_europeana_eu_contributions_17406/17406.183371.original.tif/full/full/0/default.jpg,Europeana,http://creativecommons.org/licenses/by-sa/3.0/,Europe,IMAGE
/2020601/https___1914_1918_europeana_eu_contributions_19266,"Deutsche Kriegszeitung - Illustrierte Wochenausgabe, herausgegeben vom Berliner Lokal-Anzeiger",2061,https://rhus-209.man.poznan.pl/fcgi-bin/iipsrv.fcgi?IIIF=11/5//2020601/https___1914_1918_europeana_eu_contributions_19266/19266.217775.original.tif/full/full/0/default.jpg,Europeana,http://creativecommons.org/licenses/by-sa/3.0/,Europe,IMAGE
/9200231/BibliographicResource_2000092036565,Denkwürdige Kriegsworte Kaiser Wilhelm II. und ihre Wirkung ein Ruf an Alle!,1916,http://content.staatsbibliothek-berlin.de/dms/PPN671542435/1200/0/00000001.jpg,Europeana,http://creativecommons.org/publicdomain/mark/1.0/,Germany,IMAGE
/206/item_ALO7CTQYYBXPV24NYIW3VKR7JGDVGHA7,What the war office has to put up with,2043,https://heidicon.ub.uni-heidelberg.de/api/v1/objects/uuid/1a2c5aff-b709-4466-b1a4-94988cdd5a59/file/id/295151/file_version/name/huge/disposition/inline,Europeana,http://creativecommons.org/publicdomain/mark/1.0/,Germany,IMAGE
/9200231/BibliographicResource_3000060328935,Unser Saalfeld und der Krieg,1914,http://content.staatsbibliothek-berlin.de/dms/PPN77015820X/1200/0/00000001.jpg,Europeana,http://creativecommons.org/publicdomain/mark/1.0/,Germany,IMAGE
/1368/https___www_searchculture_gr_aggregator_edm_DigTelloglio_000196_256223_,“Ο συμμοριτοπόλεμος. Πως άρχισε και πως ετελείωσε”,1979,https://exhibition.telogliondigital.gr/extra_large/88705_1.jpg,Europeana,http://creativecommons.org/licenses/by-sa/4.0/,Greece,IMAGE
/2020601/https___1914_1918_europeana_eu_contributions_6376,Die Kriegschronik des Infanteristen Paul Schmidt,2061,https://rhus-209.man.poznan.pl/fcgi-bin/iipsrv.fcgi?IIIF=11/5//2020601/https___1914_1918_europeana_eu_contributions_6376/6376.79685.original.tif/full/full/0/default.jpg,Europeana,http://creativecommons.org/licenses/by-sa/3.0/,Europe,IMAGE
/2020601/https___1914_1918_europeana_eu_contributions_15798,Un diacono cattolico costretto alla guerra,2061,https://rhus-209.man.poznan.pl/fcgi-bin/iipsrv.fcgi?IIIF=11/5//2020601/https___1914_1918_europeana_eu_contributions_15798/15798.167470.original.tif/full/full/0/default.jpg,Europeana,http://creativecommons.org/licenses/by-sa/3.0/,Europe,IMAGE
/91609/SMVK_VKM_fotografi_1300686,"krigsutrustning, inföding, porträtt, docka, fotografi, photograph",1943,https://collections.smvk.se/carlotta-vkm/web/image/zoom/1302044/image.jpg,Europeana,http://creativecommons.org/publicdomain/zero/1.0/,Sweden,IMAGE
/2020601/https___1914_1918_europeana_eu_contributions_15227,Kriegstagebücher von Eduard Scheer,2061,https://rhus-209.man.poznan.pl/fcgi-bin/iipsrv.fcgi?IIIF=11/5//2020601/https___1914_1918_europeana_eu_contributions_15227/15227.158923.original.tif/full/full/0/default.jpg,Europeana,http://creativecommons.org/licenses/by-sa/3.0/,Europe,IMAGE
/2020601/https___1914_1918_europeana_eu_contributions_14688,"Kriegstagebuch von Kurt Hundt, Teil 1",1914,https://rhus-209.man.poznan.pl/fcgi-bin/iipsrv.fcgi?IIIF=11/5//2020601/https___1914_1918_europeana_eu_contributions_14688/14688.163720.original.tif/full/full/0/default.jpg,Europeana,http://creativecommons.org/licenses/by-sa/3.0/,Europe,IMAGE
/2020601/https___1914_1918_europeana_eu_contributions_16481,Scherf met afbeelding Wilhelm 2,2061,https://rhus-209.man.poznan.pl/fcgi-bin/iipsrv.fcgi?IIIF=11/5//2020601/https___1914_1918_europeana_eu_contributions_16481/16481.173533.original.tif/full/full/0/default.jpg,Europeana,http://creativecommons.org/licenses/by-sa/3.0/,Europe,IMAGE
/9200317/BibliographicResource_3000094096440,"Viribus Unitis 1914, William II, Franz Joseph I (coll. Westerkamp): Medals and decorations",2064,http://www.numistral.fr/ark:/12148/btv1b102346820.f1.highres,Europeana,http://creativecommons.org/licenses/by/4.0/,France,IMAGE
/9200317/BibliographicResource_3000094096148,"Selm (Westph.) camp de prisonniers. Mine Hermann I-II 10 pfennigs : Monnaies de guerre / Gefangenen-lager Zeche Hermann I/II, Selm in Westphalie",2064,http://www.numistral.fr/ark:/12148/btv1b102345637.f1.highres,Europeana,http://creativecommons.org/licenses/by/4.0/,France,IMAGE
/440/item_VEISORKWQUZV3M4O7DYJ5TOMOBKORC44,Second World War. The Netherlands under German occupation. German Soldier in front of a Public Building (probably near The Hague),1999,http://fotothek.slub-dresden.de/fotos/df_hauptkatalog_0212862_009.jpg,Europeana,http://creativecommons.org/publicdomain/mark/1.0/,Germany,IMAGE
/122/https___www_searchculture_gr_aggregator_edm_ELIA_000100_29_337408,Λάζαρος ο Β΄,2040,http://eliaserver.elia.org.gr/LSelia/images_View/THP.AM.12.24.JPG,Europeana,http://creativecommons.org/licenses/by/4.0/,Greece,IMAGE
/511/libvar_ARTICLE_43156,Телеграми  : 13. II. 1917 г.,2059,http://catalog.libvar.bg/view/show_pdf_issue.pl?MATERIAL=article&image_id=556005583.88137415300187191126,Europeana,http://creativecommons.org/publicdomain/zero/1.0/,Bulgaria,IMAGE
/440/item_TAKU3SOPWCDRQ4UORPMQOVRSQCM5W777,Zweiter Weltkrieg. Niederlande unter deutscher Besatzung. Angehöriger der deutschen Wehrmacht vor einem öffentlichen Gebäude (wohl bei Den Haag),1999,http://fotothek.slub-dresden.de/fotos/df_hauptkatalog_0212862_011.jpg,Europeana,http://creativecommons.org/publicdomain/mark/1.0/,Germany,IMAGE
/188/item_2LXAYF7L7QHAQMK72BJ72OHB4ZJHDDCJ,Second World War. The Netherlands under German occupation. German Soldier in front of a Public Building (probably near The Hague),1998,http://fotothek.slub-dresden.de/fotos/df_hauptkatalog_0212862_021.jpg,Europeana,http://creativecommons.org/publicdomain/mark/1.0/,Germany,IMAGE
/954/Culturalia_8c05513e_69a1_492b_d7af_ad3c0a3c81e6,Capitolul II. Refugiul de la Iași (1916-1918),2037,https://resource.culturalia.ro/public/2000/01/01/_07-CSF_extragere-6-publicatii--2022-08-01/11-Cultura-si-Civilizatie-la-Dunarea-de-Jos-XI-1993-03.pdf,Europeana,http://creativecommons.org/licenses/by-sa/4.0/,Romania,IMAGE
/9200317/BibliographicResource_3000094096083,"Médailles et décorations satirique Nicolas II : Médailles et décorations / Eberbach, Walther (1866-1944)",2064,http://www.numistral.fr/ark:/12148/btv1b10234354h.f1.highres,Europeana,http://creativecommons.org/licenses/by/4.0/,France,IMAGE
/9200231/BibliographicResource_3000060331416,Besuch des Großherzogs Friedrich II. von Baden bei General von Fabeck im Osten,1916,http://content.staatsbibliothek-berlin.de/dms/PPN766372812/1200/0/00000001.jpg,Europeana,http://creativecommons.org/publicdomain/mark/1.0/,Germany,IMAGE
/2020601/https___1914_1918_europeana_eu_contributions_12068,"Ioan  Lazarescu si ""Marea Bataie""",1914,https://rhus-209.man.poznan.pl/fcgi-bin/iipsrv.fcgi?IIIF=11/5//2020601/https___1914_1918_europeana_eu_contributions_12068/12068.140165.original.tif/full/full/0/default.jpg,Europeana,http://creativecommons.org/licenses/by-sa/3.0/,Europe,IMAGE
/2021009/_CF031B748CBC997F4CBE92CA0683F01B,Sodan jälkeen korjattu Sallan junarata,1995,https://mpfinlandrepox.zetcom.app/imagehelper/download?id=789643&size=extra_large&org=43094,Europeana,http://creativecommons.org/licenses/by/4.0/,Finland,IMAGE
/117/_CA56DDF3_8FAB_4058_912C_7992CC8F6E57,merkki,2040,https://mpfinlandrepox.zetcom.app/imagehelper/download?id=3867037&size=extra_large&org=88101,Europeana,http://creativecommons.org/licenses/by/4.0/,Finland,IMAGE
/437/item_IQMSQVT52YHM6MNAC775E3SKAQ4TD4TE,"Zweiter Weltkrieg. Niederlande unter deutscher Besatzung. Porträt eines Wehrmachtsangehörigen, aus einem Fenster schauend (wohl bei Den Haag)",1998,http://fotothek.slub-dresden.de/fotos/df_hauptkatalog_0212850_022.jpg,Europeana,http://creativecommons.org/publicdomain/mark/1.0/,Germany,IMAGE
/511/libvar_ARTICLE_43129,Разни телеграми  : 9. II. 1917 г.,2059,http://catalog.libvar.bg/view/show_pdf_issue.pl?MATERIAL=article&image_id=1380818349.7676715300005680926,Europeana,http://creativecommons.org/publicdomain/zero/1.0/,Bulgaria,IMAGE
/2021639/L1794,"""W.O.II: De vernielde Scheveningse pier""",2054,http://weert.hosting.deventit.net/HttpHandler/icoon.ico?file=206170322,Europeana,http://creativecommons.org/licenses/by-sa/3.0/nl/,Netherlands,IMAGE
/2020601/https___1914_1918_europeana_eu_contributions_1531,Skizzenbuch Nr. 2 von Erich Bufe,1914,https://rhus-209.man.poznan.pl/fcgi-bin/iipsrv.fcgi?IIIF=11/5//2020601/https___1914_1918_europeana_eu_contributions_1531/1531.20188.original.tif/full/full/0/default.jpg,Europeana,http://creativecommons.org/licenses/by-sa/3.0/,Europe,IMAGE
/9200231/BibliographicResource_3000006447667,"Kriegsgedichte für die deutsche Jugend ""Wir werden zu siegen wissen!""",1916,http://content.staatsbibliothek-berlin.de/dms/PPN729948994/1200/0/00000001.jpg,Europeana,http://creativecommons.org/publicdomain/mark/1.0/,Germany,IMAGE
/2020601/https___1914_1918_europeana_eu_contributions_18349,Odznaczenia wojskowe i medal pamiątkowy kaprala Paula Nowarka,1914,https://rhus-209.man.poznan.pl/fcgi-bin/iipsrv.fcgi?IIIF=11/5//2020601/https___1914_1918_europeana_eu_contributions_18349/18349.217051.original.tif/full/full/0/default.jpg,Europeana,http://creativecommons.org/licenses/by-sa/3.0/,Europe,IMAGE
/511/libvar_ARTICLE_43088,Разни телеграми  : 8. II. 1917 г.,2059,http://catalog.libvar.bg/view/show_pdf_issue.pl?MATERIAL=article&image_id=767248938.80884315299281570225,Europeana,http://creativecommons.org/publicdomain/zero/1.0/,Bulgaria,IMAGE
/2020601/https___1914_1918_europeana_eu_contributions_2619,Kriegstagebuch 1915-1920 Erich Schmidt *1896,1920,https://rhus-209.man.poznan.pl/fcgi-bin/iipsrv.fcgi?IIIF=11/5//2020601/https___1914_1918_europeana_eu_contributions_2619/2619.259294.original.tif/full/full/0/default.jpg,Europeana,http://creativecommons.org/licenses/by-sa/3.0/,Europe,IMAGE
/1474/libvar_ARTICLE_119592,Гъцкиият крал Георг II посетил фронта,1941,http://catalog.libvar.bg/view/show_pdf_issue.pl?MATERIAL=article&image_id=1176662465.8878217410821885604,Europeana,http://creativecommons.org/publicdomain/zero/1.0/,Bulgaria,IMAGE
/2021802/LIMIS_306935035,"Rusijos imperija. Nikolajus II, 15 kapeikų, 1914 m.",2021,https://www.epaveldas.lt/static/sam-bucket/LIMIS-306935035/thumbnail-original/get.jpg,Europeana,http://creativecommons.org/publicdomain/mark/1.0/,Lithuania,IMAGE
/9200231/BibliographicResource_3000060329733,"Der Weltkrieg Erinnerungen und Eindrücke während der ersten zehn Monate nach den ""Dresdner Nachrichten"" (gegründet 1856)",1915,http://content.staatsbibliothek-berlin.de/dms/PPN736368116/1200/0/00000001.jpg,Europeana,http://creativecommons.org/publicdomain/mark/1.0/,Germany,IMAGE
/2020601/https___1914_1918_europeana_eu_contributions_2617,Gebäckschale mit Bild Kaiser Wilhelm II und Kaiser Franz Joseph,1914,https://rhus-209.man.poznan.pl/fcgi-bin/iipsrv.fcgi?IIIF=11/5//2020601/https___1914_1918_europeana_eu_contributions_2617/2617.33046.original.tif/full/full/0/default.jpg,Europeana,http://creativecommons.org/licenses/by-sa/3.0/,Europe,IMAGE
/2059210/data_sounds_213097052,Radio Herrijzend Nederland 01-10-1945 - Reportage Schiphol II - Schiphol wordt herbouwd,1945,https://soundcloud.com/beeldengeluid/radio-herrijzend-nederland-1-1,Europeana,http://creativecommons.org/publicdomain/mark/1.0/,Netherlands,IMAGE
/2020601/https___1914_1918_europeana_eu_contributions_13313,Eduard Hermann Schoth - Ostfront und Kriegsgefangenschaft,2061,https://rhus-209.man.poznan.pl/fcgi-bin/iipsrv.fcgi?IIIF=11/5//2020601/https___1914_1918_europeana_eu_contributions_13313/13313.135845.original_Page0000.tif/full/full/0/default.jpg,Europeana,http://creativecommons.org/licenses/by-sa/3.0/,Europe,IMAGE
/2020601/https___1914_1918_europeana_eu_contributions_4275,Thomas Walter Frederick Howard,1901,https://rhus-209.man.poznan.pl/fcgi-bin/iipsrv.fcgi?IIIF=11/5//2020601/https___1914_1918_europeana_eu_contributions_4275/4275.50844.original.tif/full/full/0/default.jpg,Europeana,http://creativecommons.org/licenses/by-sa/3.0/,Europe,IMAGE
/2020601/https___1914_1918_europeana_eu_contributions_12671,Kriegstagebuch des Reservehauptmanns Gustav Wittich aus Berlin,1914,https://rhus-209.man.poznan.pl/fcgi-bin/iipsrv.fcgi?IIIF=11/5//2020601/https___1914_1918_europeana_eu_contributions_12671/12671.153801.original.tif/full/full/0/default.jpg,Europeana,http://creativecommons.org/licenses/by-sa/3.0/,Europe,IMAGE
/2020601/https___1914_1918_europeana_eu_contributions_10167,FRBNBU-052 Journal de guerre de Maurice WARTEL,2061,https://rhus-209.man.poznan.pl/fcgi-bin/iipsrv.fcgi?IIIF=11/5//2020601/https___1914_1918_europeana_eu_contributions_10167/10167.98404.original.tif/full/full/0/default.jpg,Europeana,http://creativecommons.org/licenses/by-sa/3.0/,Europe,IMAGE
/511/libvar_ARTICLE_43148,Разни телеграми  : 12. II. 1917 г.,2059,http://catalog.libvar.bg/view/show_pdf_issue.pl?MATERIAL=article&image_id=866609426.13423315300172874826,Europeana,http://creativecommons.org/publicdomain/zero/1.0/,Bulgaria,IMAGE
/2020601/https___1914_1918_europeana_eu_contributions_15229,Fotografien vom Kriegsgeschehen von Eduard Scheer,2061,https://rhus-209.man.poznan.pl/fcgi-bin/iipsrv.fcgi?IIIF=11/5//2020601/https___1914_1918_europeana_eu_contributions_15229/15229.159110.original.tif/full/full/0/default.jpg,Europeana,http://creativecommons.org/licenses/by-sa/3.0/,Europe,IMAGE
/2020601/https___1914_1918_europeana_eu_contributions_13652,Alwin Metz´ Bericht von seiner Gefangennahme,2061,https://rhus-209.man.poznan.pl/fcgi-bin/iipsrv.fcgi?IIIF=11/5//2020601/https___1914_1918_europeana_eu_contributions_13652/13652.148619.original.tif/full/full/0/default.jpg,Europeana,http://creativecommons.org/licenses/by-sa/3.0/,Europe,IMAGE
/2020601/https___1914_1918_europeana_eu_contributions_17132,"John Henry Hutchings, 20th Hussars, Sergeant Master Tailor",1878,https://rhus-209.man.poznan.pl/fcgi-bin/iipsrv.fcgi?IIIF=11/5//2020601/https___1914_1918_europeana_eu_contributions_17132/17132.179853.original.tif/full/full/0/default.jpg,Europeana,http://creativecommons.org/licenses/by-sa/3.0/,Europe,IMAGE
/123/https___www_searchculture_gr_aggregator_edm_medusa_000114_3_10620manifest,Αναμνηστική φωτογραφία στρατιωτών μετά τον ελληνοϊταλικό πόλεμο,1941,https://medusa.libver.gr/iguana/iiif/image/mnt/vsmart_srv/assets_rw/3_10620_TIFF/0016.tif/full/full/0/default.jpg,Europeana,http://creativecommons.org/licenses/by/4.0/,Greece,IMAGE
/2051906/data_euscreenXL_https___www_openbeelden_nl_media_72735,Jopie Waalberg swims two world records,2044,https://www.openbeelden.nl/files/72/72749.72734.BG_6685.mp4,Europeana,http://creativecommons.org/publicdomain/mark/1.0/,Netherlands,IMAGE
/437/item_JLZSAKGE6RMC3SR5EMDBS6NCS7IRPZ4Z,Zweiter Weltkrieg. Niederlande unter deutscher Besatzung. Angehöriger der deutschen Wehrmacht zu Pferde vor einem Gebäude (wohl bei Den Haag),1998,http://fotothek.slub-dresden.de/fotos/df_hauptkatalog_0212840_035.jpg,Europeana,http://creativecommons.org/publicdomain/mark/1.0/,Germany,IMAGE
/954/Culturalia_4d161b2f_ecf9_4672_ba55_3de48753da37,Fascic. II: România sub ocupațiu dușmană,1920,https://resource.culturalia.ro/public/2001/01/01/_CJ-BJOG_2021_08%20August%202021_BJC-Vescan-Liana-2021-08__gen/00419-IIGB8076-BJC-Fasc-II-Romania-sub-Georgianu-1920.pdf,Europeana,http://creativecommons.org/licenses/by-sa/4.0/,Romania,IMAGE
/2020601/https___1914_1918_europeana_eu_contributions_13524,Aus dem Leben des Kaiser Wilhelm II.  in einer Serie von acht zusammengefügten Bildern (1. bis 8.),2061,https://rhus-209.man.poznan.pl/fcgi-bin/iipsrv.fcgi?IIIF=11/5//2020601/https___1914_1918_europeana_eu_contributions_13524/13524.137946.original.tif/full/full/0/default.jpg,Europeana,http://creativecommons.org/licenses/by-sa/3.0/,Europe,IMAGE
/0943108/libvar_ARTICLE_20039,Types of battleships participating in the current war,2069,http://catalog.libvar.bg/view/show_pdf_issue.pl?MATERIAL=article&image_id=478781797.93527413505701132118,Europeana,http://creativecommons.org/publicdomain/zero/1.0/,Bulgaria,IMAGE
/2020601/https___1914_1918_europeana_eu_contributions_6570,Kriegschronik und 2 Fotografien von Hinrich Trede,2061,https://rhus-209.man.poznan.pl/fcgi-bin/iipsrv.fcgi?IIIF=11/5//2020601/https___1914_1918_europeana_eu_contributions_6570/6570.76814.original.tif/full/full/0/default.jpg,Europeana,http://creativecommons.org/licenses/by-sa/3.0/,Europe,IMAGE
/188/item_4CZ5E5BWRJ7YN4JM26TQMZVKY4JBSYWE,Second World War. Fighting breaks. Soviet Union. Five German soldiers sitting at a wooden table on a grassy level playing cards,1999,http://fotothek.slub-dresden.de/fotos/df_hauptkatalog_0212764_028.jpg,Europeana,http://creativecommons.org/publicdomain/mark/1.0/,Germany,IMAGE
/2020601/https___1914_1918_europeana_eu_contributions_18496,Eisernes Kreuz II. Klasse von Max Hagemann,1914,https://rhus-209.man.poznan.pl/fcgi-bin/iipsrv.fcgi?IIIF=11/5//2020601/https___1914_1918_europeana_eu_contributions_18496/18496.217725.original.tif/full/full/0/default.jpg,Europeana,http://creativecommons.org/licenses/by-sa/3.0/,Europe,IMAGE
/117/_FB8FE8B5_4D0F_46BB_944D_49E6CAEE68B0,merkki,2040,https://mpfinlandrepox.zetcom.app/imagehelper/download?id=3849090&size=extra_large&org=88101,Europeana,http://creativecommons.org/licenses/by/4.0/,Finland,IMAGE
/511/libvar_ARTICLE_43169,Разни телеграми  : 15. II. 1917 г.,2059,http://catalog.libvar.bg/view/show_pdf_issue.pl?MATERIAL=article&image_id=509453436.20300615300844382727,Europeana,http://creativecommons.org/publicdomain/zero/1.0/,Bulgaria,IMAGE
/2048421/item_5LNOV2A2OEVYRCJNOUTW7QWOEW3ZAFYA,Hafenbecken II in Büsum/Nordsee nach Fertigstellung,1957,https://izw-medienarchiv.baw.de/api/v1/objects/uuid/b5c48045-073c-4b85-87dd-423f6261120a/file/id/6281/file_version/name/original/disposition/inline,Europeana,http://creativecommons.org/licenses/by/4.0/,Germany,IMAGE
/2020601/https___1914_1918_europeana_eu_contributions_10623,"Le torpillage en 1916 du bateau ""La Provence II"" vu par un cuisinier du bord.",2061,https://rhus-209.man.poznan.pl/fcgi-bin/iipsrv.fcgi?IIIF=11/5//2020601/https___1914_1918_europeana_eu_contributions_10623/10623.103832.original_Page0000.tif/full/full/0/default.jpg,Europeana,http://creativecommons.org/licenses/by-sa/3.0/,Europe,IMAGE
/2020601/https___1914_1918_europeana_eu_contributions_13005,Willi Boldt`s Tagebuch 1914 bis 1918 Feldzug und Militärzeit,2061,https://rhus-209.man.poznan.pl/fcgi-bin/iipsrv.fcgi?IIIF=11/5//2020601/https___1914_1918_europeana_eu_contributions_13005/13005.131658.original.tif/full/full/0/default.jpg,Europeana,http://creativecommons.org/licenses/by-sa/3.0/,Europe,IMAGE
/1368/https___www_searchculture_gr_aggregator_edm_DigTelloglio_000196_256161_,“Ψευτοπόλεμος στα χαρακώματα και προσπάθειες για συμβιβασμό με τον Χίτλερ”,1979,https://exhibition.telogliondigital.gr/extra_large/88676_1.jpg,Europeana,http://creativecommons.org/licenses/by-sa/4.0/,Greece,IMAGE
/440/item_SY5EBEYVPDZLXRNDLHPY4FFAGOPE7NHU,Zweiter Weltkrieg. Niederlande unter deutscher Besatzung. Porträt eines Oberschützen des Heeres der deutschen Wehrmacht (wohl bei Den Haag),1998,http://fotothek.slub-dresden.de/fotos/df_hauptkatalog_0212854_016.jpg,Europeana,http://creativecommons.org/publicdomain/mark/1.0/,Germany,IMAGE
/437/item_EIX7QTHWZ56RQVQ5XFT4HLDGTI6UI6AO,Zweiter Weltkrieg. Niederlande unter deutscher Besatzung. Porträt eines Oberschützen des Heeres der deutschen Wehrmacht (wohl bei Den Haag),1997,http://fotothek.slub-dresden.de/fotos/df_hauptkatalog_0212854_014.jpg,Europeana,http://creativecommons.org/publicdomain/mark/1.0/,Germany,IMAGE
/511/libvar_ARTICLE_43191,Разни телеграми  : 24. II. 1917 г.,2059,http://catalog.libvar.bg/view/show_pdf_issue.pl?MATERIAL=article&image_id=836099507.75918315301043225827,Europeana,http://creativecommons.org/publicdomain/zero/1.0/,Bulgaria,IMAGE
/463/item_UE6XQMPWYZD2OZUO7QB42ZPOPFB256XO,"Second World War. Front images. Two men smoking (on the left, perhaps a local with a German military cap, on the right a German Soldier)",2027,http://fotothek.slub-dresden.de/fotos/df_hauptkatalog_0212765_035.jpg,Europeana,http://creativecommons.org/publicdomain/mark/1.0/,Germany,IMAGE
/2021633/AtlantisPubliek_detail_aspx_xmldescid_957960521,Exterieur boterfabriekje (noordzijde) verwoest door beschietingen tijdens WO II.,2057,http://denbosch.hosting.deventit.net/HttpHandler/icoon.ico?file=958244368,Europeana,http://creativecommons.org/licenses/by-sa/3.0/nl/,Netherlands,IMAGE
/9200231/BibliographicResource_3000006447652,Was wir als Erntehelferinnen erlebt haben zehn Tagebücher junger Mädchen aus dem zweiten Jahre des Weltkriegs,1916,http://content.staatsbibliothek-berlin.de/dms/PPN73053734X/1200/0/00000001.jpg,Europeana,http://creativecommons.org/publicdomain/mark/1.0/,Germany,IMAGE
/2021633/AtlantisPubliek_detail_aspx_xmldescid_958058444,Geroofde klokken uit kerk te Bokhoven tijdens WO II.,2057,http://denbosch.hosting.deventit.net/HttpHandler/icoon.ico?file=958272714,Europeana,http://creativecommons.org/licenses/by-sa/3.0/nl/,Netherlands,IMAGE
/2021633/AtlantisPubliek_detail_aspx_xmldescid_957960426,Kerk te Bokhoven verwoest door beschietingen tijdens WO II.,2057,http://denbosch.hosting.deventit.net/HttpHandler/icoon.ico?file=958244075,Europeana,http://creativecommons.org/licenses/by-sa/3.0/nl/,Netherlands,IMAGE
/437/item_GL7MWDKS6LXE2BCSLON4FWSYJD7N35ZV,"Zweiter Weltkrieg. Niederlande unter deutscher Besatzung. Unterkunft deutscher Wehrmachtsangehöriger (wohl bei Den Haag). Soldat am Fenster, ein Buch lesend",1998,http://fotothek.slub-dresden.de/fotos/df_hauptkatalog_0212856_013.jpg,Europeana,http://creativecommons.org/publicdomain/mark/1.0/,Germany,IMAGE
/2020601/https___1914_1918_europeana_eu_contributions_12718,"Friedrich Alfred Liebig - ""Ach Heti, wär` ich doch erst wieder da!""",1914,https://rhus-209.man.poznan.pl/fcgi-bin/iipsrv.fcgi?IIIF=11/5//2020601/https___1914_1918_europeana_eu_contributions_12718/12718.130777.original_Page0000.tif/full/full/0/default.jpg,Europeana,http://creativecommons.org/licenses/by-sa/3.0/,Europe,IMAGE
/122/https___www_searchculture_gr_aggregator_edm_ELIA_000100_22_530172,"Το αγγλικό πολεμικό HMS Prince George. Ναυπηγήθηκε το 1895. Υπηρέτησε στον Α' Παγκόσμιο Πόλεμο, στα Δαρδανέλλια. Μετονομάστηκε σε Victorious II το 1918. Διαλύθηκε το 1921.",2039,http://eliaserver.elia.org.gr/LSelia/images_View/L307.081.JPG,Europeana,http://creativecommons.org/licenses/by/4.0/,Greece,IMAGE
/2020601/https___1914_1918_europeana_eu_contributions_17353,Die Freunde Willi und Fritz ziehen in den Krieg,2061,https://rhus-209.man.poznan.pl/fcgi-bin/iipsrv.fcgi?IIIF=11/5//2020601/https___1914_1918_europeana_eu_contributions_17353/17353.182211.original.tif/full/full/0/default.jpg,Europeana,http://creativecommons.org/licenses/by-sa/3.0/,Europe,IMAGE
/2048047/Clasate_b2ba495fb13944d0a358d3abe5ddec02,Lascăr Vorel îi scrie fratelui său Constantin Vorel,2042,https://resource.culturalia.ro/imagini-clasate/imagini7/88515dc252024cf19888e4769fd44522.jpg,Europeana,http://creativecommons.org/licenses/by-sa/4.0/,Romania,IMAGE
/2020601/https___1914_1918_europeana_eu_contributions_6449,Leutnant Rolf Holborn gerät in britische Kriegsgefangenschaft,1919,https://rhus-209.man.poznan.pl/fcgi-bin/iipsrv.fcgi?IIIF=11/5//2020601/https___1914_1918_europeana_eu_contributions_6449/6449.104304.original.tif/full/full/0/default.jpg,Europeana,http://creativecommons.org/licenses/by-sa/3.0/,Europe,IMAGE
/2048128/839256,Háttérben a lerombolt Johanniskirche tornya,1913,https://mandadb.hu/common/file-servlet/document/1281073/default/doc_url/164942.jpg,Europeana,http://creativecommons.org/licenses/by-sa/4.0/,Hungary,IMAGE
/2020601/https___1914_1918_europeana_eu_contributions_10215,Eisernes Kreuz II. Klasse von Peter Klaes,1915,https://rhus-209.man.poznan.pl/fcgi-bin/iipsrv.fcgi?IIIF=11/5//2020601/https___1914_1918_europeana_eu_contributions_10215/10215.99066.original.tif/full/full/0/default.jpg,Europeana,http://creativecommons.org/licenses/by-sa/3.0/,Europe,IMAGE
/511/libvar_ARTICLE_42983,Разни телеграми  : 6. II. 1917 г.,2059,http://catalog.libvar.bg/view/show_pdf_issue.pl?MATERIAL=article&image_id=1434084920.1092315296566073622,Europeana,http://creativecommons.org/publicdomain/zero/1.0/,Bulgaria,IMAGE
/0943108/libvar_ARTICLE_25279,Положението на бойните фронтове  : Бюлетин от Щаба на Действующата армия за 16. II. 1918 г.,2069,http://catalog.libvar.bg/view/show_pdf_issue.pl?MATERIAL=article&image_id=1161041204.8291813915870125605,Europeana,http://creativecommons.org/publicdomain/zero/1.0/,Bulgaria,IMAGE
/0943108/libvar_ARTICLE_25302,The Fighting Front: Bulletin from the Army Headquarters for 20. II. 1918,2069,http://catalog.libvar.bg/view/show_pdf_issue.pl?MATERIAL=article&image_id=801253849.12190513916119495205,Europeana,http://creativecommons.org/publicdomain/zero/1.0/,Bulgaria,IMAGE
/0943108/libvar_ARTICLE_25214,The Fighting Front: Bulletin of the Army Headquarters for 7. II. 1918,2069,http://catalog.libvar.bg/view/show_pdf_issue.pl?MATERIAL=article&image_id=499639388.68608713909962095029,Europeana,http://creativecommons.org/publicdomain/zero/1.0/,Bulgaria,IMAGE
/0943108/libvar_ARTICLE_25309,The Fighting Front: Bulletin from the Army Headquarters for 25. II. 1918,2069,http://catalog.libvar.bg/view/show_pdf_issue.pl?MATERIAL=article&image_id=301377235.17804713916782821806,Europeana,http://creativecommons.org/publicdomain/zero/1.0/,Bulgaria,IMAGE
/0943108/libvar_ARTICLE_25320,Положението на бойните фронтове  : Бюлетин от Щаба на Действующата армия за 27. II. 1918 г.,2069,http://catalog.libvar.bg/view/show_pdf_issue.pl?MATERIAL=article&image_id=194330838.3050813922075351812,Europeana,http://creativecommons.org/publicdomain/zero/1.0/,Bulgaria,IMAGE
/2048047/Clasate_339fd6fd1f0d4c8190df4f0097290834,Lascăr Vorel îi scrie fratelui său Constantin Vorel,2042,https://resource.culturalia.ro/imagini-clasate/imagini2/1e1e3566d0fb41f4912e4bb591711d73.jpg,Europeana,http://creativecommons.org/licenses/by-sa/4.0/,Romania,IMAGE
/2048047/Clasate_50c2b53864cc4718bf1651fc2a259043,Lascăr Vorel îi scrie fratelui său Constantin Vorel,2042,https://resource.culturalia.ro/imagini-clasate/imagini3/5f6d21bff1744641ac41b0f6bfa9529b.jpg,Europeana,http://creativecommons.org/licenses/by-sa/4.0/,Romania,IMAGE
/122/https___www_searchculture_gr_aggregator_edm_ELIA_000100_22_426975,Ο Γεώργιος Β' στο γραφείο του.,1944,http://eliaserver.elia.org.gr/LSelia/images_View/1E01.049.jpg,Europeana,http://creativecommons.org/licenses/by/4.0/,Greece,IMAGE
/542/item_5BOXUU3HTDV6HNRUFJZYXNDF4L7PJGKV,Korrespondenz Weizsäckers mit König Wilhelm II.,1909,"https://iiif.deutsche-digitale-bibliothek.de/image/2/fb5b74a6-2bd4-46c5-8b97-d54e51f83631/full/!800,600/0/default.jpg",Europeana,http://creativecommons.org/licenses/by/3.0/,Germany,IMAGE
/2020601/https___1914_1918_europeana_eu_contributions_7803,Un poilu de 18 ans,1914,https://rhus-209.man.poznan.pl/fcgi-bin/iipsrv.fcgi?IIIF=11/5//2020601/https___1914_1918_europeana_eu_contributions_7803/7803.80048.original_Page0000.tif/full/full/0/default.jpg,Europeana,http://creativecommons.org/licenses/by-sa/3.0/,Europe,IMAGE
/2048425/item_OQOSVW4LB36GZSIDDUWGAQCHZXPNBGWW,Human rights of the children of war: case studies of past and present conflicts,2010,http://www.ssoar.info/ssoar/bitstream/handle/document/31077/ssoar-hsr-2010-no_3__no_133-mochmann_et_al-the_human_rights_of_children.pdf?sequence=1,Europeana,http://creativecommons.org/licenses/by/4.0/,Germany,IMAGE
/2048047/Clasate_eb8c68cd10ea407094c801b6995face2,Lascăr Vorel îi scrie fratelui său Constantin Vorel,2042,https://resource.culturalia.ro/imagini-clasate/imagini9/59f023a0611244f6b404d735e6c22b33.jpg,Europeana,http://creativecommons.org/licenses/by-sa/4.0/,Romania,IMAGE
/2020601/https___1914_1918_europeana_eu_contributions_6632,Eisernes Kreuz II. Klasse vom Oberjäger Ernst Hünnebeck,2061,https://rhus-209.man.poznan.pl/fcgi-bin/iipsrv.fcgi?IIIF=11/5//2020601/https___1914_1918_europeana_eu_contributions_6632/6632.92031.original.tif/full/full/0/default.jpg,Europeana,http://creativecommons.org/licenses/by-sa/3.0/,Europe,IMAGE
/440/item_TASNRNQQA6I567AV73TKQPAK2XB7PNGA,Zweiter Weltkrieg. Niederlande unter deutscher Besatzung. Angehöriger der deutschen Wehrmacht mit einer jungen Frau vor einer Düne (wohl bei Den Haag),1999,http://fotothek.slub-dresden.de/fotos/df_hauptkatalog_0212858_025.jpg,Europeana,http://creativecommons.org/publicdomain/mark/1.0/,Germany,IMAGE
/2020601/https___1914_1918_europeana_eu_contributions_1016,Feldpostbriefe Eberhard Müntinga,1916,https://rhus-209.man.poznan.pl/fcgi-bin/iipsrv.fcgi?IIIF=11/5//2020601/https___1914_1918_europeana_eu_contributions_1016/1016.5857.original.tif/full/full/0/default.jpg,Europeana,http://creativecommons.org/licenses/by-sa/3.0/,Europe,IMAGE
/814/https___biblioteka_teatrnn_pl_dlibra_publication_edition_52738_content,Ceny niektórych artykułów w czasie II wojny światowej. Infografika,2014,https://biblioteka.teatrnn.pl/Content/52738,Europeana,http://creativecommons.org/licenses/by-sa/4.0/,Poland,IMAGE
/511/libvar_ARTICLE_43201,Разни телеграми  : 26. II. 1917 г.,2059,http://catalog.libvar.bg/view/show_pdf_issue.pl?MATERIAL=article&image_id=697098379.77133715306016790703,Europeana,http://creativecommons.org/publicdomain/zero/1.0/,Bulgaria,IMAGE
/9200231/BibliographicResource_2000092035061,Zur Erinnerung an das Weihnachtsfest 1914 der 3. Kompagnie des II. Bayer. Landsturm-Infant.-Bataillon Muenchen,1914,http://content.staatsbibliothek-berlin.de/dms/PPN721237126/1200/0/00000001.jpg,Europeana,http://creativecommons.org/publicdomain/mark/1.0/,Germany,IMAGE
/122/https___www_searchculture_gr_aggregator_edm_ELIA_000100_22_439245,Το μνημείο των πεσόντων του νησιού.,2039,http://eliaserver.elia.org.gr/LSelia/images_View/6K22.008.JPG,Europeana,http://creativecommons.org/licenses/by/4.0/,Greece,IMAGE
/2020601/https___1914_1918_europeana_eu_contributions_1206,(Vorläufiges) Besitzzeugnis über ein Eisernes Kreuz II. Klasse,2061,https://rhus-209.man.poznan.pl/fcgi-bin/iipsrv.fcgi?IIIF=11/5//2020601/https___1914_1918_europeana_eu_contributions_1206/1206.8926.original.tif/full/full/0/default.jpg,Europeana,http://creativecommons.org/licenses/by-sa/3.0/,Europe,IMAGE
/2048047/Clasate_8943d1edf1a749dd82b07aed1cdb8bbc,Lascăr Vorel îi scrie fratelui său Constantin Vorel,2042,https://resource.culturalia.ro/imagini-clasate/imagini5/256b7c9eeb5048fdb7f34b6fb5112ab4.jpg,Europeana,http://creativecommons.org/licenses/by-sa/4.0/,Romania,IMAGE
/2020601/https___1914_1918_europeana_eu_contributions_6430,5. Kriegstagebuch von Walter Naumann (Juni-November 1918),2061,https://rhus-209.man.poznan.pl/fcgi-bin/iipsrv.fcgi?IIIF=11/5//2020601/https___1914_1918_europeana_eu_contributions_6430/6430.84412.original.tif/full/full/0/default.jpg,Europeana,http://creativecommons.org/licenses/by-sa/3.0/,Europe,IMAGE
/2048047/Clasate_979df970e1394935bd4de73878b5adb6,Lascăr Vorel îi scrie fratelui său Constantin Vorel,2042,https://resource.culturalia.ro/imagini-clasate/imagini29/167e9a9057c34b95baec0213920af3eb.jpg,Europeana,http://creativecommons.org/licenses/by-sa/4.0/,Romania,IMAGE
/0943108/libvar_ARTICLE_25268,Положението на бойните фронтове  : Бюлетин от Щаба на Действующата армия за 11. II. 1918 г.,2069,http://catalog.libvar.bg/view/show_pdf_issue.pl?MATERIAL=article&image_id=656783784.49582813914373872303,Europeana,http://creativecommons.org/publicdomain/zero/1.0/,Bulgaria,IMAGE
/0943108/libvar_ARTICLE_25194,Position of the Battle Fronts: Bulletin of the Army Headquarters for 1. II. 1918,2069,http://catalog.libvar.bg/view/show_pdf_issue.pl?MATERIAL=article&image_id=1211282538.9965413908950724428,Europeana,http://creativecommons.org/publicdomain/zero/1.0/,Bulgaria,IMAGE
/0943108/libvar_ARTICLE_25203,Position of the Battle Fronts: Bulletin of the Army Headquarters for 5. II. 1918,2069,http://catalog.libvar.bg/view/show_pdf_issue.pl?MATERIAL=article&image_id=201095734.79990413909026685128,Europeana,http://creativecommons.org/publicdomain/zero/1.0/,Bulgaria,IMAGE
/511/libvar_ARTICLE_43004,Разни телеграми  : 6. II. 1917 г.,2059,http://catalog.libvar.bg/view/show_pdf_issue.pl?MATERIAL=article&image_id=386316774.47706115296636913422,Europeana,http://creativecommons.org/publicdomain/zero/1.0/,Bulgaria,IMAGE
/511/libvar_ARTICLE_43069,Разни телеграми  : 8. II. 1917 г.,2059,http://catalog.libvar.bg/view/show_pdf_issue.pl?MATERIAL=article&image_id=97385738.418271315299133555525,Europeana,http://creativecommons.org/publicdomain/zero/1.0/,Bulgaria,IMAGE
/511/libvar_ARTICLE_43199,Разни телеграми  : 28. II. 1917 г.,2059,http://catalog.libvar.bg/view/show_pdf_issue.pl?MATERIAL=article&image_id=273833172.97130515301840710728,Europeana,http://creativecommons.org/publicdomain/zero/1.0/,Bulgaria,IMAGE
/2021639/L1795,"""W.O.II: Herstel Zeedijk Walcheren"" mannen bezig met herstelwerkzaamheden",2054,http://weert.hosting.deventit.net/HttpHandler/icoon.ico?file=206307201,Europeana,http://creativecommons.org/licenses/by-sa/3.0/nl/,Netherlands,IMAGE
/2020601/https___1914_1918_europeana_eu_contributions_6429,2. Kriegstagebuch von Walter Naumann (November-Dezember 1916),2061,https://rhus-209.man.poznan.pl/fcgi-bin/iipsrv.fcgi?IIIF=11/5//2020601/https___1914_1918_europeana_eu_contributions_6429/6429.83820.original.tif/full/full/0/default.jpg,Europeana,http://creativecommons.org/licenses/by-sa/3.0/,Europe,IMAGE
/2020601/https___1914_1918_europeana_eu_contributions_12558,Erinnerungen des Grenadiers Otto Reipert an den Weltkrieg,2061,https://rhus-209.man.poznan.pl/fcgi-bin/iipsrv.fcgi?IIIF=11/5//2020601/https___1914_1918_europeana_eu_contributions_12558/12558.158651.original.tif/full/full/0/default.jpg,Europeana,http://creativecommons.org/licenses/by-sa/3.0/,Europe,IMAGE
/2048425/item_337MREKY4AKTKXHEQYMVLQJVH6WWLFSU,Luftgangster over Germany: The Lynching of American Airmen in the Shadow of the Air War,2018,http://www.ssoar.info/ssoar/bitstream/handle/document/57690/ssoar-hsr-2018-2-hall-Luftgangster_over_Germany_The_Lynching.pdf?sequence=1,Europeana,http://creativecommons.org/licenses/by/4.0/,Germany,IMAGE
/2059210/data_sounds_201989277,Radio Oranje 09-01-1941 - L. De Jong: De nieuwe orde II (Denen en Noren) - 15012,1941,https://soundcloud.com/beeldengeluid/radio-oranje9-jan-1941-l-de,Europeana,http://creativecommons.org/publicdomain/mark/1.0/,Netherlands,IMAGE
/2051906/data_euscreenXL_https___www_openbeelden_nl_media_778669,Removal of German prisoners of war,2044,https://www.openbeelden.nl/files/07/78/797642.778673.BG_28020_MPG_-FHD00Z02DA7_118000_737160.mp4,Europeana,http://creativecommons.org/publicdomain/mark/1.0/,Netherlands,IMAGE
/511/libvar_ARTICLE_43188,Разни телеграми  : 22. II. 1917 г.,2059,http://catalog.libvar.bg/view/show_pdf_issue.pl?MATERIAL=article&image_id=1332572735.0424515301029113527,Europeana,http://creativecommons.org/publicdomain/zero/1.0/,Bulgaria,IMAGE
/511/libvar_ARTICLE_43172,Разни телеграми  : 16. II. 1917 г.,2059,http://catalog.libvar.bg/view/show_pdf_issue.pl?MATERIAL=article&image_id=384073638.13855715300862965827,Europeana,http://creativecommons.org/publicdomain/zero/1.0/,Bulgaria,IMAGE
/9200231/BibliographicResource_3000060329416,"Worte u. Predigt Sr. Maj. Kaiser Wilhelm II., letztere gehalten an Bord der ""Hohenzollern"" ein Mahnruf an sein Volk",1915,http://content.staatsbibliothek-berlin.de/dms/PPN76814700X/1200/0/00000001.jpg,Europeana,http://creativecommons.org/publicdomain/mark/1.0/,Germany,IMAGE
/2020601/https___1914_1918_europeana_eu_contributions_20585,PH007 Deník Josefa Hlaváčka z Prahy,1914,https://rhus-209.man.poznan.pl/fcgi-bin/iipsrv.fcgi?IIIF=11/5//2020601/https___1914_1918_europeana_eu_contributions_20585/20585.234756.original.tif/full/full/0/default.jpg,Europeana,http://creativecommons.org/licenses/by-sa/3.0/,Europe,IMAGE
/0943108/libvar_ARTICLE_25229,Position of the Battle Fronts: Bulletin from Headquarters of the Army for 9. II. 1918,2069,http://catalog.libvar.bg/view/show_pdf_issue.pl?MATERIAL=article&image_id=114746543.37992813914190111603,Europeana,http://creativecommons.org/publicdomain/zero/1.0/,Bulgaria,IMAGE
/0943108/libvar_ARTICLE_25290,Position of the Battle Fronts: Bulletin from Headquarters of the Army for 18. II. 1918,2069,http://catalog.libvar.bg/view/show_pdf_issue.pl?MATERIAL=article&image_id=1213082983.834713916085615605,Europeana,http://creativecommons.org/publicdomain/zero/1.0/,Bulgaria,IMAGE
/2020601/https___1914_1918_europeana_eu_contributions_6432,1. Kriegstagebuch von Walter Naumann (September-November 1914),2061,https://rhus-209.man.poznan.pl/fcgi-bin/iipsrv.fcgi?IIIF=11/5//2020601/https___1914_1918_europeana_eu_contributions_6432/6432.83682.original.tif/full/full/0/default.jpg,Europeana,http://creativecommons.org/licenses/by-sa/3.0/,Europe,IMAGE
/2021633/AtlantisPubliek_detail_aspx_xmldescid_957960539,"Schuur van Gerard van Mil, verwoest door beschietingen tijdens WO II.",2057,http://denbosch.hosting.deventit.net/HttpHandler/icoon.ico?file=958260286,Europeana,http://creativecommons.org/licenses/by-sa/3.0/nl/,Netherlands,IMAGE
/2020601/https___1914_1918_europeana_eu_contributions_17796,Dokumente und Notizen von Alwin Metz aus russischer Kriegsgefangenschaft,1920,https://rhus-209.man.poznan.pl/fcgi-bin/iipsrv.fcgi?IIIF=11/5//2020601/https___1914_1918_europeana_eu_contributions_17796/17796.202944.original.tif/full/full/0/default.jpg,Europeana,http://creativecommons.org/licenses/by-sa/3.0/,Europe,IMAGE
/0943108/libvar_ARTICLE_25241,Положението на бойните фронтове  : Бюлетин от Щаба на Действующата армия за 9. II. 1918 г.,2069,http://catalog.libvar.bg/view/show_pdf_issue.pl?MATERIAL=article&image_id=1156960633.5206513914291610603,Europeana,http://creativecommons.org/publicdomain/zero/1.0/,Bulgaria,IMAGE
/2020601/https___1914_1918_europeana_eu_contributions_20826,II Cartolina di auguri scritta da Beniamino Bisconti,2061,https://rhus-209.man.poznan.pl/fcgi-bin/iipsrv.fcgi?IIIF=11/5//2020601/https___1914_1918_europeana_eu_contributions_20826/20826.235633.original.tif/full/full/0/default.jpg,Europeana,http://creativecommons.org/licenses/by-sa/3.0/,Europe,IMAGE
/2020601/https___1914_1918_europeana_eu_contributions_2468,Zwei-Kaiser Tasse,1914,https://rhus-209.man.poznan.pl/fcgi-bin/iipsrv.fcgi?IIIF=11/5//2020601/https___1914_1918_europeana_eu_contributions_2468/2468.31408.original.tif/full/full/0/default.jpg,Europeana,http://creativecommons.org/licenses/by-sa/3.0/,Europe,IMAGE
/2020601/https___1914_1918_europeana_eu_contributions_13656,Alwin Metz´ 20. Geburtstag in russischer Kriegsgefangenschaft,2061,https://rhus-209.man.poznan.pl/fcgi-bin/iipsrv.fcgi?IIIF=11/5//2020601/https___1914_1918_europeana_eu_contributions_13656/13656.171569.original.tif/full/full/0/default.jpg,Europeana,http://creativecommons.org/licenses/by-sa/3.0/,Europe,IMAGE
/511/libvar_ARTICLE_43175,Разни телеграми  : 15. II. 1917 г.,2059,http://catalog.libvar.bg/view/show_pdf_issue.pl?MATERIAL=article&image_id=1170593447.4812315300876102027,Europeana,http://creativecommons.org/publicdomain/zero/1.0/,Bulgaria,IMAGE
/511/libvar_ARTICLE_43185,Разни телеграми  : 21. II. 1917 г.,2059,http://catalog.libvar.bg/view/show_pdf_issue.pl?MATERIAL=article&image_id=1252223672.6696415301025882927,Europeana,http://creativecommons.org/publicdomain/zero/1.0/,Bulgaria,IMAGE
/437/item_IMEYVUPFBFLC4IQXW3TR4WNU6LJHNXNT,"Gedenktafel mit Pietà für die Toten infolge des 1. und 2. Weltkrieges (1922, O. Glaw, P. Horn; 1966, F. Leweke). Halle, Kirche St. Franziskus und St. Elisabeth",1998,http://fotothek.slub-dresden.de/fotos/df_hauptkatalog_0462521.jpg,Europeana,http://creativecommons.org/licenses/by-sa/4.0/,Germany,IMAGE
/2020601/https___1914_1918_europeana_eu_contributions_13651,Alwin Metz informiert seine Eltern über seine Gefangennahme,2061,https://rhus-209.man.poznan.pl/fcgi-bin/iipsrv.fcgi?IIIF=11/5//2020601/https___1914_1918_europeana_eu_contributions_13651/13651.148609.original.tif/full/full/0/default.jpg,Europeana,http://creativecommons.org/licenses/by-sa/3.0/,Europe,IMAGE
/511/libvar_ARTICLE_43183,Разни телеграми  : 21. II. 1917 г.,2059,http://catalog.libvar.bg/view/show_pdf_issue.pl?MATERIAL=article&image_id=458172201.41041815301022192327,Europeana,http://creativecommons.org/publicdomain/zero/1.0/,Bulgaria,IMAGE
/511/libvar_ARTICLE_43195,Разни телеграми  : 26. II. 1917 г.,2059,http://catalog.libvar.bg/view/show_pdf_issue.pl?MATERIAL=article&image_id=1492274552.391715301743402528,Europeana,http://creativecommons.org/publicdomain/zero/1.0/,Bulgaria,IMAGE
/188/item_N5IMSN5T2TUJ5NA4TQVMDBZZNG5LJ3CJ,Second World War. The Netherlands under German occupation. Two German Soldiers at the Guard in Dunes on the North Sea (probably near The Hague),1999,http://fotothek.slub-dresden.de/fotos/df_hauptkatalog_0212845_005.jpg,Europeana,http://creativecommons.org/publicdomain/mark/1.0/,Germany,IMAGE
/2021802/LIMIS_314327038,"Suomija, 25 peniai, 1916 m.",2020,https://www.epaveldas.lt/static/sam-bucket/LIMIS-314327038/thumbnail-original/get.jpg,Europeana,http://creativecommons.org/publicdomain/mark/1.0/,Lithuania,IMAGE
/2020601/https___1914_1918_europeana_eu_contributions_15873,Kriegstagebuch von Hans-Joachim Röhr aus Görlitz - Band 3,2061,https://rhus-209.man.poznan.pl/fcgi-bin/iipsrv.fcgi?IIIF=11/5//2020601/https___1914_1918_europeana_eu_contributions_15873/15873.168958.original.tif/full/full/0/default.jpg,Europeana,http://creativecommons.org/licenses/by-sa/3.0/,Europe,IMAGE
/122/https___www_searchculture_gr_aggregator_edm_ELIA_000100_22_481043,Ο Γεώργιος Β' σε επίσημη στρατιωτική τελετή.,2039,http://eliaserver.elia.org.gr/LSelia/images_View/VICH.111.JPG,Europeana,http://creativecommons.org/licenses/by/4.0/,Greece,IMAGE
/2020601/https___1914_1918_europeana_eu_contributions_6428,3. Kriegstagebuch von Walter Naumann (Dezember 1916-April 1917),2061,https://rhus-209.man.poznan.pl/fcgi-bin/iipsrv.fcgi?IIIF=11/5//2020601/https___1914_1918_europeana_eu_contributions_6428/6428.83905.original.tif/full/full/0/default.jpg,Europeana,http://creativecommons.org/licenses/by-sa/3.0/,Europe,IMAGE
/2021633/AtlantisPubliek_detail_aspx_xmldescid_15266447,Herdenkingstafel voor de in  WO II omgekomen Joden uit 's-Hertogenbosch.,2057,http://denbosch.hosting.deventit.net/HttpHandler/icoon.ico?file=21431753,Europeana,http://creativecommons.org/licenses/by-sa/3.0/nl/,Netherlands,IMAGE
/2021633/AtlantisPubliek_detail_aspx_xmldescid_957960559,"Kosterij waarin gezin van Zon woonde, verwoest door beschietingen tijdens WO II.",2057,http://denbosch.hosting.deventit.net/HttpHandler/icoon.ico?file=958260295,Europeana,http://creativecommons.org/licenses/by-sa/3.0/nl/,Netherlands,IMAGE
/2020601/https___1914_1918_europeana_eu_contributions_6199,"Caporalului voluntar Onisie Irimie i-a fost conferită medalia ""Ferdinand I""",1916,https://rhus-209.man.poznan.pl/fcgi-bin/iipsrv.fcgi?IIIF=11/5//2020601/https___1914_1918_europeana_eu_contributions_6199/6199.70315.original.tif/full/full/0/default.jpg,Europeana,http://creativecommons.org/licenses/by-sa/3.0/,Europe,IMAGE
/2020601/https___1914_1918_europeana_eu_contributions_17807,Dokumente von Alwin Metz aus der Zeit nach der Kriegsgefangenschaft,2061,https://rhus-209.man.poznan.pl/fcgi-bin/iipsrv.fcgi?IIIF=11/5//2020601/https___1914_1918_europeana_eu_contributions_17807/17807.203234.original.tif/full/full/0/default.jpg,Europeana,http://creativecommons.org/licenses/by-sa/3.0/,Europe,IMAGE
/2020601/https___1914_1918_europeana_eu_contributions_463,Todesnachricht II - Wilhelm Glenz (1886-1918),2061,https://rhus-209.man.poznan.pl/fcgi-bin/iipsrv.fcgi?IIIF=11/5//2020601/https___1914_1918_europeana_eu_contributions_463/463.993.original.tif/full/full/0/default.jpg,Europeana,http://creativecommons.org/licenses/by-sa/3.0/,Europe,IMAGE
/122/https___www_searchculture_gr_aggregator_edm_ELIA_000100_22_456275,"Δεκεμβριανά. ""Ο εμφύλιος πόλεμος είχε αρχίσει"".",1944,http://eliaserver.elia.org.gr/LSelia/images_View/KES.053.JPG,Europeana,http://creativecommons.org/licenses/by/4.0/,Greece,IMAGE
/2020601/https___1914_1918_europeana_eu_contributions_17331,Urkunde Eisernes Kreuz II. Klasse von Johann Schmitz,2061,https://rhus-209.man.poznan.pl/fcgi-bin/iipsrv.fcgi?IIIF=11/5//2020601/https___1914_1918_europeana_eu_contributions_17331/17331.181827.original.tif/full/full/0/default.jpg,Europeana,http://creativecommons.org/licenses/by-sa/3.0/,Europe,IMAGE
/2020601/https___1914_1918_europeana_eu_contributions_14923,"Ernst Theodor Vermathen, soldaat in de Eerste Wereldoorlog",1913,https://rhus-209.man.poznan.pl/fcgi-bin/iipsrv.fcgi?IIIF=11/5//2020601/https___1914_1918_europeana_eu_contributions_14923/14923.155013.original.tif/full/full/0/default.jpg,Europeana,http://creativecommons.org/licenses/by-sa/3.0/,Europe,IMAGE
/2020601/https___1914_1918_europeana_eu_contributions_6426,4. Kriegstagebuch von Walter Naumann (April 1917-Juni 1918),2061,https://rhus-209.man.poznan.pl/fcgi-bin/iipsrv.fcgi?IIIF=11/5//2020601/https___1914_1918_europeana_eu_contributions_6426/6426.83995.original.tif/full/full/0/default.jpg,Europeana,http://creativecommons.org/licenses/by-sa/3.0/,Europe,IMAGE
/2020601/https___1914_1918_europeana_eu_contributions_12796,Kriegstagebuch von Hans-Joachim Röhr aus Görlitz - Band 1,1918,https://rhus-209.man.poznan.pl/fcgi-bin/iipsrv.fcgi?IIIF=11/5//2020601/https___1914_1918_europeana_eu_contributions_12796/12796.168542.original.tif/full/full/0/default.jpg,Europeana,http://creativecommons.org/licenses/by-sa/3.0/,Europe,IMAGE
/2021009/_1B3992A8E1B1A336A12FD558A726A04E,Lapin sodassa Saksan armeijan hävittämän sillan jäännöksiä Kemijärvellä,1994,https://mpfinlandrepox.zetcom.app/imagehelper/download?id=1067740&size=extra_large&org=43094,Europeana,http://creativecommons.org/licenses/by/4.0/,Finland,IMAGE
/2020601/https___1914_1918_europeana_eu_contributions_6610,"Stefan Constantinescu, un erou mort in floarea tineretii",2061,https://rhus-209.man.poznan.pl/fcgi-bin/iipsrv.fcgi?IIIF=11/5//2020601/https___1914_1918_europeana_eu_contributions_6610/6610.75774.original.tif/full/full/0/default.jpg,Europeana,http://creativecommons.org/licenses/by-sa/3.0/,Europe,IMAGE
/2020601/https___1914_1918_europeana_eu_contributions_6627,Eisernes Kreuz II. Klasse und Verleihungsurkunde von Johann Paulus,2061,https://rhus-209.man.poznan.pl/fcgi-bin/iipsrv.fcgi?IIIF=11/5//2020601/https___1914_1918_europeana_eu_contributions_6627/6627.105568.original.tif/full/full/0/default.jpg,Europeana,http://creativecommons.org/licenses/by-sa/3.0/,Europe,IMAGE
/2020601/https___1914_1918_europeana_eu_contributions_16174,Nachrichten des Kriegsministeriums über den Verbleib von Alwin Metz,2061,https://rhus-209.man.poznan.pl/fcgi-bin/iipsrv.fcgi?IIIF=11/5//2020601/https___1914_1918_europeana_eu_contributions_16174/16174.202858.original.tif/full/full/0/default.jpg,Europeana,http://creativecommons.org/licenses/by-sa/3.0/,Europe,IMAGE
/1244/INP_books_19537,Cartea de Aur a eroilor de la Oituz (1916-1918). partea II,2020,https://biblioteca-digitala.ro/reviste/carte/Corneliu-Stoica_Cartea-de-aur-a-eroilor-de-la-oituz-1916-1918_2020_partea-2.pdf,Europeana,http://creativecommons.org/licenses/by-sa/4.0/,Romania,IMAGE
/2021639/5080,"Onthulling van het monument der geallieerde piloten; Campbell, Swanson en Grew, het monument werd geplaatst door de ""War-graves-commision""",2054,http://weert.hosting.deventit.net/HttpHandler/icoon.ico?file=206009666,Europeana,http://creativecommons.org/licenses/by-sa/3.0/nl/,Netherlands,IMAGE
/9200369/webclient_DeliveryManager_pid_2168213_custom_att_2_simple_viewer,"L'Istituto veneto di scienze, lettere ed arti dalla rifondazione alla seconda guerra mondiale, 1838-1946",1996,http://atena.beic.it/webclient/DeliveryManager?pid=2170171&custom_att_2=deeplink,Europeana,http://creativecommons.org/licenses/by-sa/4.0/,Italy,IMAGE
/2021633/AtlantisPubliek_detail_aspx_xmldescid_958059297,Interieur schuur van G. van Mil die tijdens WO II diende als noodkerk.,2057,http://denbosch.hosting.deventit.net/HttpHandler/icoon.ico?file=958273000,Europeana,http://creativecommons.org/licenses/by-sa/3.0/nl/,Netherlands,IMAGE
/2020601/https___1914_1918_europeana_eu_contributions_14853,Karl Gebel - als Kriegsgefangener während des Weltkrieges in Sibirien,1915,https://rhus-209.man.poznan.pl/fcgi-bin/iipsrv.fcgi?IIIF=11/5//2020601/https___1914_1918_europeana_eu_contributions_14853/14853.153253.original.tif/full/full/0/default.jpg,Europeana,http://creativecommons.org/licenses/by-sa/3.0/,Europe,IMAGE
/2020601/https___1914_1918_europeana_eu_contributions_15744,Istoria Razboiului pentru intregirea Romaniei : 1916-1919. Volumul III,1916,https://rhus-209.man.poznan.pl/fcgi-bin/iipsrv.fcgi?IIIF=11/5//2020601/https___1914_1918_europeana_eu_contributions_15744/15744.166620.original.tif/full/full/0/default.jpg,Europeana,http://creativecommons.org/licenses/by-sa/3.0/,Europe,IMAGE
/2021633/AtlantisPubliek_detail_aspx_xmldescid_957960502,"Plafond van schip van kerk te Bokhoven, verwoest door beschietingen tijdens WO II.",2057,http://denbosch.hosting.deventit.net/HttpHandler/icoon.ico?file=958244340,Europeana,http://creativecommons.org/licenses/by-sa/3.0/nl/,Netherlands,IMAGE
/2021633/AtlantisPubliek_detail_aspx_xmldescid_957960877,Kapot geschoten huis van Sjef van Mil aan het einde van WO II.,2057,http://denbosch.hosting.deventit.net/HttpHandler/icoon.ico?file=958260409,Europeana,http://creativecommons.org/licenses/by-sa/3.0/nl/,Netherlands,IMAGE
/2021633/AtlantisPubliek_detail_aspx_xmldescid_957960802,"Restant van boerderij van weduwe van Lambert Vughts, verwoest aan einde WO II.",2057,http://denbosch.hosting.deventit.net/HttpHandler/icoon.ico?file=958260400,Europeana,http://creativecommons.org/licenses/by-sa/3.0/nl/,Netherlands,IMAGE
/2020601/https___1914_1918_europeana_eu_contributions_8702_attachments_96422,02 Bon de sortie (30 juillet 1915) de l 'hôpital temporaire N ° II d'Argentan (Orne),2061,https://rhus-209.man.poznan.pl/fcgi-bin/iipsrv.fcgi?IIIF=11/5//2020601/https___1914_1918_europeana_eu_contributions_8702_attachments_96422/8702.96422.original_Page0000.tif/full/full/0/default.jpg,Europeana,http://creativecommons.org/licenses/by-sa/3.0/,Europe,IMAGE
/9200231/BibliographicResource_3000060327849,Wilhelm vierundzwanzig Stunden später auf dem Schlachtfeld Schon vierundzwanzig Stunden nach der Offensive ist Wilhelm II. auf dem Schlachtfelde gewesen ..,1918,http://content.staatsbibliothek-berlin.de/dms/PPN768063108/1200/0/00000001.jpg,Europeana,http://creativecommons.org/publicdomain/mark/1.0/,Germany,IMAGE
/2020601/https___1914_1918_europeana_eu_contributions_6661,Eisernes Kreuz II. Klasse und Verleihungsurkunde von August Sadzulewski,2061,https://rhus-209.man.poznan.pl/fcgi-bin/iipsrv.fcgi?IIIF=11/5//2020601/https___1914_1918_europeana_eu_contributions_6661/6661.104877.original.tif/full/full/0/default.jpg,Europeana,http://creativecommons.org/licenses/by-sa/3.0/,Europe,IMAGE
/2020601/https___1914_1918_europeana_eu_contributions_15872,Kriegstagebuch von Hans-Joachim Röhr aus Görlitz - Band 2,2061,https://rhus-209.man.poznan.pl/fcgi-bin/iipsrv.fcgi?IIIF=11/5//2020601/https___1914_1918_europeana_eu_contributions_15872/15872.168757.original.tif/full/full/0/default.jpg,Europeana,http://creativecommons.org/licenses/by-sa/3.0/,Europe,IMAGE
/2021633/AtlantisPubliek_detail_aspx_xmldescid_14677645,Bouw van het restaurant bij de herbouw van tijdens WO II opgeblazen hallen.,2057,http://denbosch.hosting.deventit.net/HttpHandler/icoon.ico?file=21153404,Europeana,http://creativecommons.org/licenses/by-sa/3.0/nl/,Netherlands,IMAGE
/2020601/https___1914_1918_europeana_eu_contributions_16170,Gedicht von Alwin Metz verfasst während russischer Kriegsgefangenschaft in Blagoweschtschensk,1919,https://rhus-209.man.poznan.pl/fcgi-bin/iipsrv.fcgi?IIIF=11/5//2020601/https___1914_1918_europeana_eu_contributions_16170/16170.202602.original.tif/full/full/0/default.jpg,Europeana,http://creativecommons.org/licenses/by-sa/3.0/,Europe,IMAGE
/122/https___www_searchculture_gr_aggregator_edm_ELIA_000100_22_426963,Γεώργιος Β'.,2039,http://eliaserver.elia.org.gr/LSelia/images_View/1E01.043.jpg,Europeana,http://creativecommons.org/licenses/by/4.0/,Greece,IMAGE
/2021633/AtlantisPubliek_detail_aspx_xmldescid_957960579,In puin geschoten boerderij van Bart van Eggelen sr. aan einde van WO II.,2057,http://denbosch.hosting.deventit.net/HttpHandler/icoon.ico?file=958260304,Europeana,http://creativecommons.org/licenses/by-sa/3.0/nl/,Netherlands,IMAGE
/2021633/AtlantisPubliek_detail_aspx_xmldescid_957960485,Schade aan plafond van priesterkoor van kerk te Bokhoven door beschietingen tijdens WO II.,2057,http://denbosch.hosting.deventit.net/HttpHandler/icoon.ico?file=958244303,Europeana,http://creativecommons.org/licenses/by-sa/3.0/nl/,Netherlands,IMAGE
/2020601/https___1914_1918_europeana_eu_contributions_13654,Alwin Metz´ erste Mitteilung über seine Gefangenschaft September/November 1915,2061,https://rhus-209.man.poznan.pl/fcgi-bin/iipsrv.fcgi?IIIF=11/5//2020601/https___1914_1918_europeana_eu_contributions_13654/13654.157691.original.tif/full/full/0/default.jpg,Europeana,http://creativecommons.org/licenses/by-sa/3.0/,Europe,IMAGE
/2020601/https___1914_1918_europeana_eu_contributions_6410,"Kriegsfotos Walter Naumann - Negativalbum Nr. 1, Fotos Nr. 1-100",2061,https://rhus-209.man.poznan.pl/fcgi-bin/iipsrv.fcgi?IIIF=11/5//2020601/https___1914_1918_europeana_eu_contributions_6410/6410.87699.original.tif/full/full/0/default.jpg,Europeana,http://creativecommons.org/licenses/by-sa/3.0/,Europe,IMAGE
/2020601/https___1914_1918_europeana_eu_contributions_12838,Zeichnungen von Kriegsereignissen des Schülers Franz Przybyla,1914,https://rhus-209.man.poznan.pl/fcgi-bin/iipsrv.fcgi?IIIF=11/5//2020601/https___1914_1918_europeana_eu_contributions_12838/12838.149845.original.tif/full/full/0/default.jpg,Europeana,http://creativecommons.org/licenses/by-sa/3.0/,Europe,IMAGE
/2021639/L1799,"""W.O. II"": Prins Bernhard tussen twee heren in lopend over en militair terrein",1945,http://weert.hosting.deventit.net/HttpHandler/icoon.ico?file=206352749,Europeana,http://creativecommons.org/licenses/by-sa/3.0/nl/,Netherlands,IMAGE
/2020601/https___1914_1918_europeana_eu_contributions_19768,Fotoalbum J. van den Honert mobilisatie Zeeland 1914-1918 (Deel II),1914,https://rhus-209.man.poznan.pl/fcgi-bin/iipsrv.fcgi?IIIF=11/5//2020601/https___1914_1918_europeana_eu_contributions_19768/19768.226358.original.tif/full/full/0/default.jpg,Europeana,http://creativecommons.org/licenses/by-sa/3.0/,Europe,IMAGE
/542/item_GZHVRQOPNE23KVPTCUO25ROA7MZQMCCA,"Richard Ruoff, Generaloberst, Kommandeur der 8. Armee im II. Weltkrieg, in Uniform, Brustbild in Halbprofil",1910,"https://iiif.deutsche-digitale-bibliothek.de/image/2/db1b4719-64d6-4723-82e7-4f052c42df7a/full/!800,600/0/default.jpg",Europeana,http://creativecommons.org/licenses/by/3.0/,Germany,IMAGE
/2021633/AtlantisPubliek_detail_aspx_xmldescid_957961853,Oostzijde van de in puin geschoten school te Bokhoven aan het einde van WO II.,2057,http://denbosch.hosting.deventit.net/HttpHandler/icoon.ico?file=958260732,Europeana,http://creativecommons.org/licenses/by-sa/3.0/nl/,Netherlands,IMAGE
/9200231/BibliographicResource_2000092035279,Feldgottesdienst vor dem Ausmarsch des II. und III. Bataillons des Feldregiments 180 gehalten zu Gmünd am 5. Aug. 1914 im Hofe der neuen Kaserne,1914,http://content.staatsbibliothek-berlin.de/dms/PPN716641402/1200/0/00000001.jpg,Europeana,http://creativecommons.org/publicdomain/mark/1.0/,Germany,IMAGE
/2021651/https___hdl_handle_net_21_12122_2178141477,Neerhalen van een Engelse Mitchell II van de Royal Air Force (RAF) door Duitse jagers,2056,https://studiezaal.nijmegen.nl/HttpHandler//icoon.ico?file=2178141483,Europeana,http://creativecommons.org/licenses/by-sa/4.0/,Netherlands,IMAGE
/2021639/5082,"Onthulling van het monument der geallieerde piloten; Campbell, Swanson en Grew, het monument werd geplaatst door de ""War-graves-commision"", kranslegging door burgemeester Kortmann",2054,http://weert.hosting.deventit.net/HttpHandler/icoon.ico?file=206315325,Europeana,http://creativecommons.org/licenses/by-sa/3.0/nl/,Netherlands,IMAGE
/2021651/https___hdl_handle_net_21_12122_2178142544,Neerhalen van een Engelse Mitchell II van de Royal Air Force (RAF) door Duitse jagers,2056,https://studiezaal.nijmegen.nl/HttpHandler//icoon.ico?file=2178142550,Europeana,http://creativecommons.org/licenses/by-sa/4.0/,Netherlands,IMAGE
/2020601/https___1914_1918_europeana_eu_contributions_3470,"Mercantile war medal, documentation and ribbons belonging to Daniel Edward Cantwell, from Waterford, Ireland",1914,https://rhus-209.man.poznan.pl/fcgi-bin/iipsrv.fcgi?IIIF=11/5//2020601/https___1914_1918_europeana_eu_contributions_3470/3470.44341.original.tif/full/full/0/default.jpg,Europeana,http://creativecommons.org/licenses/by-sa/3.0/,Europe,IMAGE
/2020601/https___1914_1918_europeana_eu_contributions_14334,"Maria Mohr, Kriegerwitwe und Rotekreuzschwester in der K.u.k. Armee",1919,https://rhus-209.man.poznan.pl/fcgi-bin/iipsrv.fcgi?IIIF=11/5//2020601/https___1914_1918_europeana_eu_contributions_14334/14334.146439.original.tif/full/full/0/default.jpg,Europeana,http://creativecommons.org/licenses/by-sa/3.0/,Europe,IMAGE
/2020601/https___1914_1918_europeana_eu_contributions_6486,Eduard Eck und sein Sohn Franz fallen kurz vor Kriegsende,2061,https://rhus-209.man.poznan.pl/fcgi-bin/iipsrv.fcgi?IIIF=11/5//2020601/https___1914_1918_europeana_eu_contributions_6486/6486.104024.original.tif/full/full/0/default.jpg,Europeana,http://creativecommons.org/licenses/by-sa/3.0/,Europe,IMAGE
/2020601/https___1914_1918_europeana_eu_contributions_6416,"Kriegsfotos Walter Naumann - Negativalbum Nr. 4, Fotos Nr. 301-400",1914,https://rhus-209.man.poznan.pl/fcgi-bin/iipsrv.fcgi?IIIF=11/5//2020601/https___1914_1918_europeana_eu_contributions_6416/6416.116047.original.tif/full/full/0/default.jpg,Europeana,http://creativecommons.org/licenses/by-sa/3.0/,Europe,IMAGE
/2020601/https___1914_1918_europeana_eu_contributions_6420,"Kriegsfotos Walter Naumann - Negativalbum Nr. 2, Fotos 101 bis 200",1914,https://rhus-209.man.poznan.pl/fcgi-bin/iipsrv.fcgi?IIIF=11/5//2020601/https___1914_1918_europeana_eu_contributions_6420/6420.116846.original.tif/full/full/0/default.jpg,Europeana,http://creativecommons.org/licenses/by-sa/3.0/,Europe,IMAGE
/2020601/https___1914_1918_europeana_eu_contributions_6412,"Kriegsfotos Walter Naumann - Negativalbum Nr. 3, Fotos Nr. 201-300",1914,https://rhus-209.man.poznan.pl/fcgi-bin/iipsrv.fcgi?IIIF=11/5//2020601/https___1914_1918_europeana_eu_contributions_6412/6412.116703.original.tif/full/full/0/default.jpg,Europeana,http://creativecommons.org/licenses/by-sa/3.0/,Europe,IMAGE
/2020601/https___1914_1918_europeana_eu_contributions_486,"Vier Brüder im Krieg: Ernst, Gustav († 1914), Martin und Wilhelm Glenz († 1918)",1914,https://rhus-209.man.poznan.pl/fcgi-bin/iipsrv.fcgi?IIIF=11/5//2020601/https___1914_1918_europeana_eu_contributions_486/486.1062.original.tif/full/full/0/default.jpg,Europeana,http://creativecommons.org/licenses/by-sa/3.0/,Europe,IMAGE
/9200231/BibliographicResource_3000006447650,Die Wacht am Rhein . Festschrift zur Feier des Geburtstages Sr. Maj. Kaiser Wilhelm II. im Ersatz-Batl. Res.-Inf.-Rgt. 65. 1859-1916,1916,http://content.staatsbibliothek-berlin.de/dms/PPN735726221/1200/0/00000001.jpg,Europeana,http://creativecommons.org/publicdomain/mark/1.0/,Germany,IMAGE
/07931/diglit_weigel1917_12_17,"Bismarck und seine Zeit: die nachbismarckische Zeit, der Weltkrieg; Bibliothek Horst Kohl, nebst einigen anderen Beiträgen aus den Bibl. Kaemmel u. Matthias; Versteigerung: Montag, den 17. Dezember 1917 (Katalog Nr. 69)",1917,http://diglit.ub.uni-heidelberg.de/image/weigel1917_12_17/00000a.jpg/full/full/0/default.jpg,Europeana,http://creativecommons.org/licenses/by-sa/3.0/de/,Germany,IMAGE
/2021651/https___hdl_handle_net_21_12122_342640,"Een portretfoto van W.A. (Wim) Beerman, politiefunctionaris. Gefusilleerd in W.O.II op 6 juni 1944",1930,https://studiezaal.nijmegen.nl/HttpHandler//icoon.ico?file=14101671,Europeana,http://creativecommons.org/licenses/by-sa/4.0/,Netherlands,IMAGE
/9200231/BibliographicResource_2000092034876,Programm zu der am 28. Januar 1915 abends 8.15 im Club Concordia stattfindenden Geburtstagsfeier S. M. Kaiser Wilhelm II. veranstaltet vom Marine Sanitäts-Detachement Tientsin,1915,http://content.staatsbibliothek-berlin.de/dms/PPN720599318/1200/0/00000001.jpg,Europeana,http://creativecommons.org/publicdomain/mark/1.0/,Germany,IMAGE
/2051906/data_euscreenXL_https___www_openbeelden_nl_media_13858,Exhibition 'Our food in times of war',2044,https://www.openbeelden.nl/files/13/13866.13857.WEEKNUMMER404-HRE00016BD4.ogv,Europeana,http://creativecommons.org/publicdomain/mark/1.0/,Netherlands,IMAGE
/122/https___www_searchculture_gr_aggregator_edm_ELIA_000100_22_511384,Άφιξη παλαιών πολεμιστών για τον εορτασμό της επετείου της μάχης της Κρήτης.,2039,http://eliaserver.elia.org.gr/LSelia/images_View/3K00.055.JPG,Europeana,http://creativecommons.org/licenses/by/4.0/,Greece,IMAGE
/2048425/item_ORTE4AAOR5RAIOLQMV53KQ6AB4ERRLS6,Das polnische Kriegstrauma Katyn: zwischen Instrumentalisierung durch die Kommunisten und Heroisierung der nationalen Opfer durch Polen,2008,http://www.ssoar.info/ssoar/bitstream/handle/document/27029/ssoar-bioszeit-2008-2-ruchniewicz-das_polnische_kriegstrauma_katyn.pdf?sequence=1,Europeana,http://creativecommons.org/licenses/by-sa/4.0/,Germany,IMAGE
/2020601/https___1914_1918_europeana_eu_contributions_448,Verleihungsurkunde Eisernes Kreuz II. Klasse für Wilhelm Glenz (1886-1918),1918,https://rhus-209.man.poznan.pl/fcgi-bin/iipsrv.fcgi?IIIF=11/5//2020601/https___1914_1918_europeana_eu_contributions_448/448.927.original.tif/full/full/0/default.jpg,Europeana,http://creativecommons.org/licenses/by-sa/3.0/,Europe,IMAGE
/122/https___www_searchculture_gr_aggregator_edm_ELIA_000100_22_463873,Επάνοδος του Βασιλέως Κωνσταντίνου Β'.,1919,http://eliaserver.elia.org.gr/LSelia/images_View/L212.054.JPG,Europeana,http://creativecommons.org/licenses/by/4.0/,Greece,IMAGE
/122/https___www_searchculture_gr_aggregator_edm_ELIA_000100_22_419047,Ο Γεώργιος Β' στο Τομπρούκ με Άγγλους αξιωματικούς.,2039,http://eliaserver.elia.org.gr/LSelia/images_View/03.5.P.023.JPG,Europeana,http://creativecommons.org/licenses/by/4.0/,Greece,IMAGE
/122/https___www_searchculture_gr_aggregator_edm_ELIA_000100_22_419045,Ο Γεώργιος Β' στο Τομπρούκ με Άγγλους αξιωματικούς.,2039,http://eliaserver.elia.org.gr/LSelia/images_View/03.5.P.022.JPG,Europeana,http://creativecommons.org/licenses/by/4.0/,Greece,IMAGE
http://www.loc.gov/item/afc9999005.13265/,Modern World War II song,1946,https://tile.loc.gov/image-services/iiif/public:afc:afc9999005-13265:0220/full/pct:50.0/0/default.jpg,Library of Congress,Unknown,united states,IMAGE
http://www.loc.gov/item/afc9999005.33534/,Songs from World War II,1933,https://tile.loc.gov/image-services/iiif/public:afc:afc9999005-33534:0562/full/pct:50.0/0/default.jpg,Library of Congress,Unknown,United States,IMAGE
http://www.loc.gov/item/afc9999005.33535/,Songs from World War II,1933,https://tile.loc.gov/image-services/iiif/public:afc:afc9999005-33535:0563/full/pct:50.0/0/default.jpg,Library of Congress,Unknown,United States,IMAGE
http://www.loc.gov/item/2021670566/,First World War.,1914,https://tile.loc.gov/image-services/iiif/service:gdc:gdcwdl:wd:l_:11:56:2:wdl_11562:lonwdl01_0001/full/pct:6.25/0/default.jpg,Library of Congress,Unknown,United States,IMAGE
http://www.loc.gov/item/afc9999005.18662/,"Mrs. Kingston's part in ranch work, and thoughts about the war (World War II)",1942,https://tile.loc.gov/image-services/iiif/public:afc:afc9999005-18662:0352/full/pct:50.0/0/default.jpg,Library of Congress,Unknown,texas,IMAGE
http://www.loc.gov/item/2021671105/,"James A. Yost World War II Photograph Album, circa 1943--1944.",1943,https://tile.loc.gov/image-services/iiif/service:gdc:gdcwdl:wd:l_:19:23:9:wdl_19239:yost-cover/full/pct:6.25/0/default.jpg,Library of Congress,Unknown,attu island,IMAGE
http://www.loc.gov/item/afc2001001.79047/,"Albert W. Madigan, II Collection",1943,"https://tile.loc.gov/streaming-services/iiif/service:vhp:0790:079047:afc2001001_079047_mv0001001_640x480_800/full/512,/0/300,0/default.jpg",Library of Congress,Unknown,pacific theater,IMAGE
http://www.loc.gov/item/afc2001001.48923/,"Benjamin Evan Colkitt, II Collection",1942,https://tile.loc.gov/storage-services/service/vhp/0489/048923/ph0001001i.jpg,Library of Congress,Unknown,colorado,IMAGE
http://www.loc.gov/item/afc2001001.57384/,"John Houston Oliphint, II Collection",1942,"https://tile.loc.gov/streaming-services/iiif/service:vhp:0573:057384:afc2001001_057384_mv0001001_640x480_800/full/512,/0/300,0/default.jpg",Library of Congress,Unknown,united states,IMAGE
http://www.loc.gov/collections/fsa-owi-color-photographs/about-this-collection/,Farm Security Administration/Office of War Information Color Photographs,1939,https://www.loc.gov/static/collections/fsa-owi-color-photographs/500_500.jpg,Library of Congress,Unknown,united states,IMAGE
http://www.loc.gov/item/afc2001001.93130/,"Frank Hamilton Morrison, II Collection",1942,https://tile.loc.gov/storage-services/service/vhp/0931/093130/ph0001001i.jpg,Library of Congress,Unknown,"camp van dorn, mississippi",IMAGE
http://www.loc.gov/item/afc2001001.98605/,"Keiffer George Garton, II Collection",1943,"https://tile.loc.gov/streaming-services/iiif/service:vhp:0986:098605:afc2001001_098605_mv0001001_640x480_800/full/512,/0/300,0/default.jpg",Library of Congress,Unknown,european theater,IMAGE
http://www.loc.gov/item/afc2001001.112165/,"Jesse Matthew Trice, II Collection",1942,"https://tile.loc.gov/streaming-services/iiif/service:vhp:1121:112165:afc2001001_112165_mv0001001_640x480_800/full/512,/0/300,0/default.jpg",Library of Congress,Unknown,north africa,IMAGE
http://www.loc.gov/item/afc2001001.102421/,"Ewing H. Miller, II Collection",1942,https://tile.loc.gov/storage-services/service/vhp/1024/102421/ph0001001i.jpg,Library of Congress,Unknown,north africa,IMAGE
http://www.loc.gov/collections/fsa-owi-black-and-white-negatives/about-this-collection/,Farm Security Administration/Office of War Information Black-and-White Negatives,1935,https://www.loc.gov/static/collections/fsa-owi-black-and-white-negatives/500_500.jpg,Library of Congress,Unknown,united states,IMAGE
http://www.loc.gov/item/2021670892/,Their Majesties the King and Queen in the Park at Racconigi.,1901,https://tile.loc.gov/image-services/iiif/service:gdc:gdcwdl:wd:l_:17:22:7:wdl_17227:ca_2_01062r/full/pct:12.5/0/default.jpg,Library of Congress,Unknown,racconigi,IMAGE
http://www.loc.gov/item/afc2001001.13902/,Jose Montealegre Collection,1941,https://tile.loc.gov/storage-services/service/vhp/0139/013902/ph0001001i.jpg,Library of Congress,Unknown,california,IMAGE
http://www.loc.gov/item/afc2001001.14337/,Alfons Stammen Collection,1941,https://tile.loc.gov/storage-services/service/vhp/0143/014337/ph0001001i.jpg,Library of Congress,Unknown,china-burma-india (cbi) theater,IMAGE
http://www.loc.gov/item/afc2001001.13224/,Harrison Dodge Collection,1945,https://tile.loc.gov/storage-services/service/vhp/0132/013224/ph0001001i.jpg,Library of Congress,Unknown,pacific theater,IMAGE
http://www.loc.gov/item/afc2001001.14479/,Rudolph Orson Waiton Collection,1941,https://tile.loc.gov/storage-services/service/vhp/0144/014479/ph0001001i.jpg,Library of Congress,Unknown,china-burma-india (cbi) theater,IMAGE
http://www.loc.gov/item/afc2001001.13014/,"Gustav J. Braun, Jr. Collection",1943,https://tile.loc.gov/storage-services/service/vhp/0130/013014/ph0001001i.jpg,Library of Congress,Unknown,european theater,IMAGE
http://www.loc.gov/item/afc2001001.27321/,Jesse Edward Oxendine Collection,1944,https://tile.loc.gov/storage-services/service/vhp/0273/027321/ph0001001i.jpg,Library of Congress,Unknown,france,IMAGE
http://www.loc.gov/item/afc2001001.25385/,Milton J. Ten Have Collection,1944,https://tile.loc.gov/storage-services/service/vhp/0253/025385/ph0001001i.jpg,Library of Congress,Unknown,georgia,IMAGE
http://www.loc.gov/item/afc2001001.13282/,Carlisle E. Evans Collection,1943,https://tile.loc.gov/storage-services/service/vhp/0132/013282/ph0001001i.jpg,Library of Congress,Unknown,guam (mariana islands),IMAGE
http://www.loc.gov/item/afc2001001.13908/,Joan Heslin Moore Collection,1942,https://tile.loc.gov/storage-services/service/vhp/0139/013908/ph0001001i.jpg,Library of Congress,Unknown,new york,IMAGE
http://www.loc.gov/item/afc2001001.25333/,Elmer Schnackenberg Collection,1942,https://tile.loc.gov/storage-services/service/vhp/0253/025333/ph0001001i.jpg,Library of Congress,Unknown,european theater,IMAGE
http://www.loc.gov/item/afc2001001.14725/,Margaret A. Thorngate Collection,1943,https://tile.loc.gov/storage-services/service/vhp/0147/014725/ph0001001i.jpg,Library of Congress,Unknown,"san francisco, california",IMAGE
http://www.loc.gov/item/afc2001001.25014/,William H. Bucklew Collection,1942,https://tile.loc.gov/storage-services/service/vhp/0250/025014/ph0001001i.jpg,Library of Congress,Unknown,european theater,IMAGE
http://www.loc.gov/item/afc2001001.13129/,Lawnie Bealer Coffman Collection,1943,https://tile.loc.gov/storage-services/service/vhp/0131/013129/ph0001001i.jpg,Library of Congress,Unknown,arkansas,IMAGE
http://www.loc.gov/item/afc2001001.14106/,Artemis Evelyn Proskin Collection,1944,https://tile.loc.gov/storage-services/service/vhp/0141/014106/ph0001001i.jpg,Library of Congress,Unknown,california,IMAGE
http://www.loc.gov/item/afc2001001.12854/,Robert M. Alexander Collection,1945,https://tile.loc.gov/storage-services/service/vhp/0128/012854/ph0001001i.jpg,Library of Congress,Unknown,maryland,IMAGE
http://www.loc.gov/item/afc2001001.15804/,Joseph K. Leary Collection,1942,https://tile.loc.gov/storage-services/service/vhp/0158/015804/ph0001001i.jpg,Library of Congress,Unknown,enewetak atoll (marshall islands),IMAGE
http://www.loc.gov/item/afc2001001.14320/,"Jose G. Sol, Jr. Collection",1942,https://tile.loc.gov/storage-services/service/vhp/0143/014320/ph0001001i.jpg,Library of Congress,Unknown,"paris, france",IMAGE
http://www.loc.gov/item/afc2001001.14535/,Clifford H. Wilford Collection,1940,https://tile.loc.gov/storage-services/service/vhp/0145/014535/ph0001001i.jpg,Library of Congress,Unknown,iceland,IMAGE
http://www.loc.gov/item/afc2001001.25068/,Clarence William Dotson Collection,1943,https://tile.loc.gov/storage-services/service/vhp/0250/025068/ph0001001i.jpg,Library of Congress,Unknown,european theater,IMAGE
http://www.loc.gov/item/afc2001001.13535/,Joseph Ichiuji Collection,1941,https://tile.loc.gov/storage-services/service/vhp/0135/013535/ph0001001i.jpg,Library of Congress,Unknown,european theater,IMAGE
http://www.loc.gov/item/afc2001001.12929/,Clyde Smith Barr Collection,1943,https://tile.loc.gov/storage-services/service/vhp/0129/012929/ph0002001i.jpg,Library of Congress,Unknown,united states,IMAGE
http://www.loc.gov/item/2021669214/,The Count d'Eu and Other Brazilian Officers who Took Part in the Paraguayan War.,1870,https://tile.loc.gov/image-services/iiif/service:gdc:gdcwdl:wd:l_:00:07:6:wdl_00076:icon648558/full/pct:6.25/0/default.jpg,Library of Congress,Unknown,brazil,IMAGE
http://www.loc.gov/item/afc2001001.05397/,Rutherford Vincent Brice Collection,1942,https://tile.loc.gov/storage-services/service/vhp/0053/005397/ph0001001i.jpg,Library of Congress,Unknown,georgia,IMAGE
http://www.loc.gov/item/afc2001001.13862/,"Andrew Melendrez, Sr. Collection",1943,https://tile.loc.gov/storage-services/service/vhp/0138/013862/ph0001001i.jpg,Library of Congress,Unknown,california,IMAGE
http://www.loc.gov/item/afc2001001.00146/,Violet Hill Gordon Collection,1942,https://tile.loc.gov/storage-services/service/vhp/0001/000146/ph0001001i.jpg,Library of Congress,Unknown,france,IMAGE
http://www.loc.gov/item/afc2001001.05724/,Dorothy Margaret Jenkins Collection,1944,https://tile.loc.gov/storage-services/service/vhp/0057/005724/ph0002001i.jpg,Library of Congress,Unknown,"camp san luis obispo, california",IMAGE
http://www.loc.gov/item/afc2001001.12523/,Martha Putney Collection,1943,https://tile.loc.gov/storage-services/service/vhp/0125/012523/ph0001001i.jpg,Library of Congress,Unknown,washington d.c.,IMAGE
http://www.loc.gov/item/afc2001001.32011/,Dorothy Margaret Jenkins Collection,1944,https://tile.loc.gov/storage-services/service/vhp/0320/032011/ph0001001i.jpg,Library of Congress,Unknown,"camp san luis obispo, california",IMAGE
http://www.loc.gov/item/2021669602/,"Albazin Youth. Albazin Prisoners of War Professed the Orthodox Religion but Adopted Chinese Language and Customs after Capture by Manchurians in 1685. Beijing, 1874.",1874,https://tile.loc.gov/image-services/iiif/service:gdc:gdcwdl:wd:l_:01:94:1:wdl_01941:0028_icon948199/full/pct:12.5/0/default.jpg,Library of Congress,Unknown,china,IMAGE
http://www.loc.gov/item/2021669603/,"Albazin Child. Albazin Prisoners of War Professed the Orthodox Religion but Adopted Chinese Language and Customs after Captured by Manchurians in 1685. Beijing, 1874.",1874,https://tile.loc.gov/image-services/iiif/service:gdc:gdcwdl:wd:l_:01:94:2:wdl_01942:0028_icon948200/full/pct:12.5/0/default.jpg,Library of Congress,Unknown,china,IMAGE
http://www.loc.gov/item/afc2001001.01728/,John H. Horn Collection,1942,https://tile.loc.gov/storage-services/service/vhp/0017/001728/ph0001001i.jpg,Library of Congress,Unknown,belgium,IMAGE
http://www.loc.gov/item/afc2001001.03067/,Edward Ernest Langer Collection,1942,"https://tile.loc.gov/streaming-services/iiif/service:vhp:0030:003067:afc2001001_003067_mv0001001_640x480_800/full/512,/0/300,0/default.jpg",Library of Congress,Unknown,iowa,IMAGE
http://www.loc.gov/item/afc2001001.37683/,Frances E. Thorpe Collection,1944,https://tile.loc.gov/storage-services/service/vhp/0376/037683/ph0001001i.jpg,Library of Congress,Unknown,new york,IMAGE
http://www.loc.gov/item/2021669110/,"Russian Royal Family at Borodino, 1912.",1912,https://tile.loc.gov/image-services/iiif/service:gdc:gdcwdl:wd:l_:12:90:2:wdl_12902:71dd46a5-63b3-47ab-9438-195f6a2f4922/full/pct:25/0/default.jpg,Library of Congress,Unknown,moscow,IMAGE
http://www.loc.gov/collections/georgia-okeeffe-and-alfred-stieglitz-correspondence/about-this-collection/,Georgia O'Keeffe and Alfred Stieglitz Correspondence,2018,https://www.loc.gov/static/collections/georgia-okeeffe-and-alfred-stieglitz-correspondence/500_500.jpg,Library of Congress,Unknown,ghost ranch,IMAGE
http://www.loc.gov/item/19006487/,"The world war, utterances concerning its issues and conduct, by members of the American academy of arts and letters; printed for its archives and for free circulation.",1919,https://tile.loc.gov/image-services/iiif/public:gdcmassbookdig:worldwarutteranc00amer:worldwarutteranc00amer_0005/full/pct:6.25/0/default.jpg,Library of Congress,Unknown,United States,IMAGE
http://www.loc.gov/item/afc2001001.108519/,Vivian Mildred Corbett Bailey Collection,1943,https://tile.loc.gov/storage-services/service/vhp/1085/108519/ph0001001i.jpg,Library of Congress,Unknown,"fort benning, georgia",IMAGE
http://www.loc.gov/item/2021669844/,Bathing Room in the Women's Quarter of the Makassarese Village Near Master Cornelis in Batavia.,1945,https://tile.loc.gov/image-services/iiif/service:gdc:gdcwdl:wd:l_:02:90:2:wdl_02902:klv001006689/full/pct:12.5/0/default.jpg,Library of Congress,Unknown,jakarta,IMAGE
http://www.loc.gov/item/afc2001001.24013/,James Woolsey Collection,1941,https://tile.loc.gov/storage-services/service/vhp/0240/024013/ph0001001i.jpg,Library of Congress,Unknown,hawaii,IMAGE
http://www.loc.gov/item/afc2001001.24003/,Arthur Buchwald Collection,1942,https://tile.loc.gov/storage-services/service/vhp/0240/024003/ph0001001i.jpg,Library of Congress,Unknown,"parris island, south carolina",IMAGE
http://www.loc.gov/item/afc2001001.48153/,Robert Joseph Grace Collection,1941,https://tile.loc.gov/storage-services/service/vhp/0481/048153/ph0001001i.jpg,Library of Congress,Unknown,ohio,IMAGE
http://www.loc.gov/item/afc2001001.68266/,Leecroy Clifton Collection,1940,https://tile.loc.gov/storage-services/service/vhp/0682/068266/ph0001001i.jpg,Library of Congress,Unknown,germany,IMAGE
http://www.loc.gov/item/19016611/,The American Red Cross in the great war /,1919,https://tile.loc.gov/image-services/iiif/public:gdcmassbookdig:americanredcross01davi:americanredcross01davi_0009/full/pct:12.5/0/default.jpg,Library of Congress,Unknown,United States,IMAGE
http://www.loc.gov/item/afc2001001.120287/,Ray Arley Griffin Collection,1945,"https://tile.loc.gov/streaming-services/iiif/service:vhp:1202:120287:afc2001001_120287_mv0001001_640x480_800/full/512,/0/300,0/default.jpg",Library of Congress,Unknown,korea,IMAGE
http://www.loc.gov/item/afc2001001.01348/,Milton W. Stern Collection,1942,https://tile.loc.gov/storage-services/service/vhp/0013/001348/ph0002001i.jpg,Library of Congress,Unknown,"ridgewell air force base, england",IMAGE
http://www.loc.gov/item/2021670889/,Loading of a 305 Cannon.,1918,https://tile.loc.gov/image-services/iiif/service:gdc:gdcwdl:wd:l_:17:22:4:wdl_17224:mcrr_album_v_3_18b.282/full/pct:12.5/0/default.jpg,Library of Congress,Unknown,italy,IMAGE
http://www.loc.gov/item/afc2001001.58417/,Edwin West Collection,1942,https://tile.loc.gov/storage-services/service/vhp/0584/058417/ph0001001i.jpg,Library of Congress,Unknown,england,IMAGE
http://www.loc.gov/item/afc2001001.05440/,Tracy A. Sugarman Collection,1942,https://tile.loc.gov/storage-services/service/vhp/0054/005440/ph0093001i.jpg,Library of Congress,Unknown,connecticut,IMAGE
http://www.loc.gov/item/afc2001001.56279/,Edward Paul Feigenbaum Collection,1942,https://tile.loc.gov/storage-services/service/vhp/0562/056279/ph0001001i.jpg,Library of Congress,Unknown,italy,IMAGE
http://www.loc.gov/item/afc2001001.67757/,Mike Pachuta Collection,1942,https://tile.loc.gov/storage-services/service/vhp/0677/067757/ph0001001i.jpg,Library of Congress,Unknown,"normandy, france",IMAGE
http://www.loc.gov/item/afc2001001.87313/,Heinz Alfred Herrmann Collection,1942,"https://tile.loc.gov/streaming-services/iiif/service:vhp:0873:087313:afc2001001_087313_mv0001001_640x480_800/full/512,/0/300,0/default.jpg",Library of Congress,Unknown,pacific theater,IMAGE
http://www.loc.gov/item/afc2001001.51117/,A. William Perry Collection,1942,https://tile.loc.gov/storage-services/service/vhp/0511/051117/ph0001001i.jpg,Library of Congress,Unknown,ohio,IMAGE
http://www.loc.gov/item/afc2001001.64192/,Francis Edward Walsh Collection,1942,https://tile.loc.gov/storage-services/service/vhp/0641/064192/ph0001001i.jpg,Library of Congress,Unknown,ohio,IMAGE
http://www.loc.gov/item/afc2001001.67756/,Arthur David Moss Collection,1942,https://tile.loc.gov/storage-services/service/vhp/0677/067756/ph0001001i.jpg,Library of Congress,Unknown,england,IMAGE
http://www.loc.gov/item/afc2001001.57895/,William Harrison Dillard Collection,1943,https://tile.loc.gov/storage-services/service/vhp/0578/057895/ph0001001i.jpg,Library of Congress,Unknown,ohio,IMAGE
http://www.loc.gov/item/afc2001001.56292/,Clyde A. Patterson Collection,1943,https://tile.loc.gov/storage-services/service/vhp/0562/056292/ph0001001i.jpg,Library of Congress,Unknown,pacific theater,IMAGE
http://www.loc.gov/item/afc2001001.64201/,George L. Watson Collection,1943,https://tile.loc.gov/storage-services/service/vhp/0642/064201/ph0001001i.jpg,Library of Congress,Unknown,new york,IMAGE
http://www.loc.gov/item/afc2001001.113746/,Alfred George Schank Collection,1944,"https://tile.loc.gov/streaming-services/iiif/service:vhp:1137:113746:afc2001001_113746_mv0001001_640x480_800/full/512,/0/300,0/default.jpg",Library of Congress,Unknown,"camp croft, south carolina",IMAGE
http://www.loc.gov/item/afc2001001.93438/,Santiago Macias Collection,2001,https://tile.loc.gov/image-services/iiif/service:vhp:0934:093438:ph0001001/full/pct:25/0/default.jpg,Library of Congress,Unknown,italy,IMAGE
http://www.loc.gov/item/afc2001001.73656/,Jack Arthur Lippincott Collection,1943,"https://tile.loc.gov/streaming-services/iiif/service:vhp:0736:073656:afc2001001_073656_mv0001001_640x480_800/full/512,/0/300,0/default.jpg",Library of Congress,Unknown,germany,IMAGE
http://www.loc.gov/item/afc2001001.110965/,Gust C. Kraras Collection,1942,"https://tile.loc.gov/streaming-services/iiif/service:vhp:1109:110965:afc2001001_110965_mv0001001_640x480_800/full/512,/0/300,0/default.jpg",Library of Congress,Unknown,pennsylvania,IMAGE
http://www.loc.gov/item/afc2001001.64185/,Demetri Paris Collection,1942,https://tile.loc.gov/storage-services/service/vhp/0641/064185/ph0001001i.jpg,Library of Congress,Unknown,"fort knox, kentucky",IMAGE
http://www.loc.gov/item/afc2001001.02354/,Irving Oblas Collection,1943,https://tile.loc.gov/storage-services/service/vhp/0023/002354/ph0001001i.jpg,Library of Congress,Unknown,"lido beach, new york",IMAGE
http://www.loc.gov/item/afc2001001.93439/,Alfred Ira Mikelich Collection,1942,https://tile.loc.gov/image-services/iiif/service:vhp:0934:093439:ph0001001/full/pct:25/0/default.jpg,Library of Congress,Unknown,japan,IMAGE
http://www.loc.gov/item/afc2001001.63595/,Philip Ray France Collection,1943,https://tile.loc.gov/storage-services/service/vhp/0635/063595/ph0001001i.jpg,Library of Congress,Unknown,arizona,IMAGE
http://www.loc.gov/item/afc2001001.76878/,Ben Joseph Antonio Collection,1943,https://tile.loc.gov/storage-services/service/vhp/0768/076878/ph0001001i.jpg,Library of Congress,Unknown,"fishguard, wales",IMAGE
http://www.loc.gov/item/afc2001001.48142/,James Edward Frolking Collection,1942,https://tile.loc.gov/storage-services/service/vhp/0481/048142/ph0001001i.jpg,Library of Congress,Unknown,netherlands,IMAGE
http://www.loc.gov/item/afc2001001.64189/,John H. Reichenbach Collection,1943,https://tile.loc.gov/storage-services/service/vhp/0641/064189/ph0001001i.jpg,Library of Congress,Unknown,"fort eustis, virginia",IMAGE
http://www.loc.gov/item/afc2001001.76517/,Robert Lewis Cragg Collection,1943,https://tile.loc.gov/storage-services/service/vhp/0765/076517/ph0001001i.jpg,Library of Congress,Unknown,"camp siebert, alabama",IMAGE
http://www.loc.gov/item/afc2001001.76903/,Robert Charles Scanlan Collection,1943,https://tile.loc.gov/storage-services/service/vhp/0769/076903/ph0001001i.jpg,Library of Congress,Unknown,illinois,IMAGE
http://www.loc.gov/item/afc2001001.92984/,Kenneth K. Kern Collection,2001,"https://tile.loc.gov/streaming-services/iiif/service:vhp:0929:092984:afc2001001_092984_mv0001001_640x480_800/full/512,/0/300,0/default.jpg",Library of Congress,Unknown,pennsylvania,IMAGE
http://www.loc.gov/item/afc2001001.56233/,Frederick Carmen Leporati Collection,1943,https://tile.loc.gov/storage-services/service/vhp/0562/056233/ph0001001i.jpg,Library of Congress,Unknown,pennsylvania,IMAGE
http://www.loc.gov/item/afc2001001.90475/,John Travis Nelson Collection,1941,https://tile.loc.gov/storage-services/service/vhp/0904/090475/ph0001001i.jpg,Library of Congress,Unknown,"pusan, korea",IMAGE
http://www.loc.gov/item/afc2001001.112281/,Milton James Collection,1942,"https://tile.loc.gov/streaming-services/iiif/service:vhp:1122:112281:afc2001001_112281_mv0001001_640x480_800/full/512,/0/300,0/default.jpg",Library of Congress,Unknown,china-burma-india (cbi) theater,IMAGE
http://www.loc.gov/item/afc2001001.124619/,Charles Edwin Rowlands Collection,1943,"https://tile.loc.gov/streaming-services/iiif/service:vhp:1246:124619:afc2001001_124619_mv0001001_640x480_800/full/512,/0/300,0/default.jpg",Library of Congress,Unknown,"camp stewart, georgia",IMAGE
http://www.loc.gov/item/afc2001001.98058/,Vincent J. Speranza Collection,1943,https://tile.loc.gov/storage-services/service/vhp/0980/098058/ph0001001i.jpg,Library of Congress,Unknown,illinois,IMAGE
http://www.loc.gov/item/afc2001001.102974/,Joseph Dominic Drogo Collection,1943,"https://tile.loc.gov/streaming-services/iiif/service:vhp:1029:102974:afc2001001_102974_mv0001001_640x480_800/full/512,/0/300,0/default.jpg",Library of Congress,Unknown,england,IMAGE
http://www.loc.gov/item/afc2001001.48925/,Werner H. Schlaupitz Collection,1943,https://tile.loc.gov/storage-services/service/vhp/0489/048925/ph0001001i.jpg,Library of Congress,Unknown,pacific theater,IMAGE
http://www.loc.gov/item/afc2001001.105683/,John Francis Buritsch Collection,1941,https://tile.loc.gov/storage-services/service/vhp/1056/105683/ph0001001i.jpg,Library of Congress,Unknown,pennsylvania,IMAGE
http://www.loc.gov/item/afc2001001.69599/,Morton Zelickson Collection,1943,"https://tile.loc.gov/streaming-services/iiif/service:vhp:0695:069599:afc2001001_069599_mv0001001_640x480_800/full/512,/0/300,0/default.jpg",Library of Congress,Unknown,pennsylvania,IMAGE
http://www.loc.gov/item/afc2001001.81706/,Joseph Marcus Slater Collection,2001,https://tile.loc.gov/storage-services/service/vhp/0817/081706/ph0001001i.jpg,Library of Congress,Unknown,pennsylvania,IMAGE
http://www.loc.gov/item/afc2001001.124587/,Angelo W. Bokeko Collection,1942,"https://tile.loc.gov/streaming-services/iiif/service:vhp:1245:124587:afc2001001_124587_mv0001001_640x480_800/full/512,/0/300,0/default.jpg",Library of Congress,Unknown,pennsylvania,IMAGE
http://www.loc.gov/item/afc2001001.63529/,Warren C. Schulze Collection,1942,https://tile.loc.gov/storage-services/service/vhp/0635/063529/ph0001001i.jpg,Library of Congress,Unknown,"fort benning and fort gordon, georgia",IMAGE
http://www.loc.gov/item/afc2001001.63531/,William J. Wahl Collection,1943,https://tile.loc.gov/storage-services/service/vhp/0635/063531/ph0001001i.jpg,Library of Congress,Unknown,"kassel and leipzig, germany",IMAGE
http://www.loc.gov/item/afc2001001.63598/,Katherine M. Nolan Collection,1943,https://tile.loc.gov/storage-services/service/vhp/0635/063598/ph0001001i.jpg,Library of Congress,Unknown,england,IMAGE
http://www.loc.gov/item/afc2001001.63530/,William E. Snidow Collection,1943,https://tile.loc.gov/storage-services/service/vhp/0635/063530/ph0001001i.jpg,Library of Congress,Unknown,"fort hood, texas",IMAGE
http://www.loc.gov/item/afc2001001.76525/,Raymond Stephen Warden Collection,1942,https://tile.loc.gov/storage-services/service/vhp/0765/076525/ph0001001i.jpg,Library of Congress,Unknown,holland,IMAGE
http://www.loc.gov/item/afc2001001.60451/,"Clarence C. Jamison, Sr. Collection",1941,https://tile.loc.gov/storage-services/service/vhp/0604/060451/ph0001001i.jpg,Library of Congress,Unknown,"tuskegee army air field, alabama",IMAGE
http://www.loc.gov/item/afc2001001.70348/,Sidney Harlan Gehris Collection,1943,"https://tile.loc.gov/streaming-services/iiif/service:vhp:0703:070348:afc2001001_070348_mv0001001_640x480_800/full/512,/0/300,0/default.jpg",Library of Congress,Unknown,pennsylvania,IMAGE
http://www.loc.gov/item/afc2001001.62991/,James Maurice McNeill Collection,1940,https://tile.loc.gov/storage-services/service/vhp/0629/062991/ph0001001i.jpg,Library of Congress,Unknown,okinawa island (ryukyu islands),IMAGE
http://www.loc.gov/item/afc2001001.76507/,Robert Clifford Childs Collection,1943,https://tile.loc.gov/storage-services/service/vhp/0765/076507/ph0001001i.jpg,Library of Congress,Unknown,tennessee,IMAGE
http://www.loc.gov/item/afc2001001.62985/,Paul Eugene Kohli Collection,1943,https://tile.loc.gov/storage-services/service/vhp/0629/062985/ph0001001i.jpg,Library of Congress,Unknown,"camp shelby, mississippi",IMAGE
http://www.loc.gov/item/afc2001001.60481/,Lawrence E. Grauerholz Collection,1941,https://tile.loc.gov/storage-services/service/vhp/0604/060481/ph0001001i.jpg,Library of Congress,Unknown,"east anglia, england",IMAGE
http://www.loc.gov/item/afc2001001.76902/,Roy Maurice Rogers Collection,1943,https://tile.loc.gov/image-services/iiif/service:vhp:0769:076902:ph0001001/full/pct:25/0/default.jpg,Library of Congress,Unknown,montana,IMAGE
http://www.loc.gov/item/afc2001001.67476/,Wilbur Donald Cook Collection,1944,https://tile.loc.gov/storage-services/service/vhp/0674/067476/ph0001001i.jpg,Library of Congress,Unknown,holland,IMAGE
http://www.loc.gov/item/afc2001001.66242/,Frank W. Towers Collection,1940,https://tile.loc.gov/storage-services/service/vhp/0662/066242/ph0001001i.jpg,Library of Congress,Unknown,"glasgow, scotland",IMAGE
http://www.loc.gov/item/afc2001001.66238/,Louis N. Shearer Collection,1943,https://tile.loc.gov/storage-services/service/vhp/0662/066238/ph0001001i.jpg,Library of Congress,Unknown,"glasgow, scotland",IMAGE
http://www.loc.gov/item/afc2001001.48858/,Robert P. Madison Collection,1942,https://tile.loc.gov/storage-services/service/vhp/0488/048858/ph0001001i.jpg,Library of Congress,Unknown,"fort meade, maryland",IMAGE
http://www.loc.gov/item/afc2001001.67758/,Warren Calvin Sprouse Collection,1944,https://tile.loc.gov/storage-services/service/vhp/0677/067758/ph0001001i.jpg,Library of Congress,Unknown,"fort jackson, south carolina",IMAGE
http://www.loc.gov/item/afc2001001.76886/,"Rufus Duncan Lewis, Jr. Collection",1942,https://tile.loc.gov/image-services/iiif/service:vhp:0768:076886:ph0001001/full/pct:25/0/default.jpg,Library of Congress,Unknown,tennessee,IMAGE
http://www.loc.gov/item/afc2001001.93425/,Janet Cora Downer Collection,1943,https://tile.loc.gov/image-services/iiif/service:vhp:0934:093425:ph0001001/full/pct:25/0/default.jpg,Library of Congress,Unknown,"nellis army air force base, nevada",IMAGE
http://www.loc.gov/item/afc2001001.87398/,James Paul Bradley Collection,1945,"https://tile.loc.gov/streaming-services/iiif/service:vhp:0873:087398:afc2001001_087398_mv0001001_640x480_800/full/512,/0/300,0/default.jpg",Library of Congress,Unknown,"gettysburg, pennsylvania",IMAGE
http://www.loc.gov/item/afc2001001.76915/,Richard H. Switzer Collection,1942,https://tile.loc.gov/image-services/iiif/service:vhp:0769:076915:ph0001001/full/pct:25/0/default.jpg,Library of Congress,Unknown,england,IMAGE
http://www.loc.gov/item/afc2001001.119500/,Louis F. Donoso Collection,1942,"https://tile.loc.gov/streaming-services/iiif/service:vhp:1195:119500:afc2001001_119500_mv0001001_640x480_800/full/512,/0/300,0/default.jpg",Library of Congress,Unknown,california,IMAGE
http://www.loc.gov/item/afc2001001.65284/,Henry Stanley Murowsky Collection,1942,https://tile.loc.gov/storage-services/service/vhp/0652/065284/ph0001001i.jpg,Library of Congress,Unknown,okinawa island (ryukyu islands),IMAGE
http://www.loc.gov/item/afc2001001.63524/,Arthur Girard Saunders Collection,1943,https://tile.loc.gov/storage-services/service/vhp/0635/063524/ph0001001i.jpg,Library of Congress,Unknown,"moton field, alabama",IMAGE
http://www.loc.gov/item/2021668758/,Taiwan Cao Shan wen quan)yi zhuang li de he yang zhe zhong jian zhu zi hao de gong gong yu chang,1920,https://tile.loc.gov/image-services/iiif/service:gdc:gdcwdl:wd:l_:00:78:4:wdl_00784:cca-1-20001-pc-tw-002416200-u/full/pct:12.5/0/default.jpg,Library of Congress,Unknown,china,IMAGE
http://www.loc.gov/item/afc2001001.118406/,"John Nelson Brooks, Sr. Collection",1944,"https://tile.loc.gov/streaming-services/iiif/service:vhp:1184:118406:afc2001001_118406_mv0001001_640x480_800/full/512,/0/300,0/default.jpg",Library of Congress,Unknown,alaska,IMAGE
http://www.loc.gov/item/afc2001001.70349/,Morris D. Metz Collection,1943,"https://tile.loc.gov/streaming-services/iiif/service:vhp:0703:070349:afc2001001_070349_mv0001001_640x480_800/full/512,/0/300,0/default.jpg",Library of Congress,Unknown,pennsylvania,IMAGE
http://www.loc.gov/item/afc2001001.110362/,Dominic William Bramante Collection,1943,"https://tile.loc.gov/streaming-services/iiif/service:vhp:1103:110362:afc2001001_110362_mv0001001_640x480_800/full/512,/0/300,0/default.jpg",Library of Congress,Unknown,"camp stoneman, california",IMAGE
http://www.loc.gov/item/afc2001001.41918/,Vincent J. Stavola Collection,1942,"https://tile.loc.gov/streaming-services/iiif/service:vhp:0419:041918:afc2001001_041918_mv0001001_640x480_800/full/512,/0/300,0/default.jpg",Library of Congress,Unknown,new jersey,IMAGE
http://www.loc.gov/item/afc2001001.63753/,Dominick Daniel Santagata Collection,1942,https://tile.loc.gov/storage-services/service/vhp/0637/063753/ph0001001i.jpg,Library of Congress,Unknown,"normandy, france",IMAGE
http://www.loc.gov/item/afc2001001.76892/,Charles Pierce Nelson Collection,1939,https://tile.loc.gov/image-services/iiif/service:vhp:0768:076892:ph0001001/full/pct:25/0/default.jpg,Library of Congress,Unknown,guadalcanal (solomon islands),IMAGE
http://www.loc.gov/item/afc2001001.63593/,Amos C. Cambron Collection,1942,https://tile.loc.gov/storage-services/service/vhp/0635/063593/ph0001001i.jpg,Library of Congress,Unknown,"camp cooke, california",IMAGE
http://www.loc.gov/item/afc2001001.62982/,"Anthony Wayne Field, III Collection",1943,https://tile.loc.gov/storage-services/service/vhp/0629/062982/ph0001001i.jpg,Library of Congress,Unknown,"camp shelby, mississippi",IMAGE
http://www.loc.gov/item/afc2001001.56930/,Fred Grant Hargesheimer Collection,1941,https://tile.loc.gov/storage-services/service/vhp/0569/056930/ph0001001i.jpg,Library of Congress,Unknown,"garbutt field, australia",IMAGE
http://www.loc.gov/item/afc2001001.119508/,"Justin M. Carisio, Sr. Collection",1943,"https://tile.loc.gov/streaming-services/iiif/service:vhp:1195:119508:afc2001001_119508_mv0001001_640x480_800/full/512,/0/300,0/default.jpg",Library of Congress,Unknown,tinian (northern mariana island),IMAGE
http://www.loc.gov/item/afc2001001.56210/,Robert A. Gerren Collection,1942,"https://tile.loc.gov/streaming-services/iiif/service:vhp:0562:056210:afc2001001_056210_mv0001001_640x480_800/full/512,/0/300,0/default.jpg",Library of Congress,Unknown,italy,IMAGE
http://www.loc.gov/item/2021670582/,"Transfer of the League of Nations to the United Nations, Ceremony with Sean Lester and Wlodzimierz Moderow.",1946,https://tile.loc.gov/image-services/iiif/service:gdc:gdcwdl:wd:l_:11:60:5:wdl_11605:lonwdl44_0001/full/pct:12.5/0/default.jpg,Library of Congress,Unknown,geneva,IMAGE
http://www.loc.gov/item/afc2001001.112306/,Glen Harry Lee Collection,1942,"https://tile.loc.gov/streaming-services/iiif/service:vhp:1123:112306:afc2001001_112306_mv0001001_640x480_800/full/512,/0/300,0/default.jpg",Library of Congress,Unknown,"camp davis, north carolina",IMAGE
http://www.loc.gov/item/afc2001001.63104/,Gilbert Needle Collection,1942,https://tile.loc.gov/storage-services/service/vhp/0631/063104/ph0001001i.jpg,Library of Congress,Unknown,california,IMAGE
http://www.loc.gov/item/afc2001001.93410/,Edward Ah Tye Collection,1942,https://tile.loc.gov/storage-services/service/vhp/0934/093410/ph0001001i.jpg,Library of Congress,Unknown,california,IMAGE
http://www.loc.gov/item/afc2001001.41780/,Harold Audry Fortson Collection,1941,"https://tile.loc.gov/streaming-services/iiif/service:vhp:0417:041780:afc2001001_041780_mv0001001_640x480_800/full/512,/0/300,0/default.jpg",Library of Congress,Unknown,solomon islands,IMAGE
http://www.loc.gov/item/afc2001001.82511/,Anna Mae V. Hays Collection,1942,https://tile.loc.gov/storage-services/service/vhp/0825/082511/ph0001001i.jpg,Library of Congress,Unknown,"fort belvoir, virginia",IMAGE
http://www.loc.gov/item/afc2001001.93019/,"Joseph R. Berardi, Sr. Collection",1941,"https://tile.loc.gov/streaming-services/iiif/service:vhp:0930:093019:afc2001001_093019_mv0001001_640x480_800/full/512,/0/300,0/default.jpg",Library of Congress,Unknown,pennsylvania,IMAGE
http://www.loc.gov/item/afc2001001.100539/,Clark Forrest Apgar Collection,1943,"https://tile.loc.gov/streaming-services/iiif/service:vhp:1005:100539:afc2001001_100539_mv0001001_640x480_800/full/512,/0/300,0/default.jpg",Library of Congress,Unknown,okinawa island (ryukyu islands),IMAGE
http://www.loc.gov/item/afc2001001.96969/,Clifford Elwood Moyer Collection,1942,"https://tile.loc.gov/streaming-services/iiif/service:vhp:0969:096969:afc2001001_096969_mv0001001_640x480_800/full/512,/0/300,0/default.jpg",Library of Congress,Unknown,pennsylvania,IMAGE
http://www.loc.gov/item/2021670724/,Killing Time.,1951,https://tile.loc.gov/image-services/iiif/service:gdc:gdcwdl:wd:l_:14:20:2:wdl_14202:jjs1341/full/pct:3.125/0/default.jpg,Library of Congress,Unknown,bradenton,IMAGE
http://www.loc.gov/item/2021670569/,Joseph Avenol.,1933,https://tile.loc.gov/image-services/iiif/service:gdc:gdcwdl:wd:l_:11:56:6:wdl_11566:lonwdl05_0001/full/pct:12.5/0/default.jpg,Library of Congress,Unknown,france,IMAGE
http://www.loc.gov/item/afc2001001.05844/,Peter Sanfilippo Collection,1941,https://tile.loc.gov/storage-services/service/vhp/0058/005844/ph0001001i.jpg,Library of Congress,Unknown,north africa,IMAGE
http://www.loc.gov/item/afc2001001.31647/,Clara Wilhelmina Emily Hoke Collection,1917,https://tile.loc.gov/storage-services/service/vhp/0316/031647/ph0001001i.jpg,Library of Congress,Unknown,california,IMAGE
http://www.loc.gov/item/2021669736/,Photograph of Richard M. Nixon and Elvis Presley at the White House.,1970,https://tile.loc.gov/image-services/iiif/service:gdc:gdcwdl:wd:l_:02:70:7:wdl_02707:05598_2000_001_pr/full/pct:12.5/0/default.jpg,Library of Congress,Unknown,district of columbia,IMAGE
http://www.loc.gov/item/2021670888/,Coblara. Irregular Albanian Support Soldiers.,1917,https://tile.loc.gov/image-services/iiif/service:gdc:gdcwdl:wd:l_:17:22:3:wdl_17223:mcrr_album_q_2_524_a.m.14214/full/pct:12.5/0/default.jpg,Library of Congress,Unknown,koblar,IMAGE
http://www.loc.gov/item/afc2001001.90984/,James Rudolph Sorenson Collection,1917,https://tile.loc.gov/storage-services/service/vhp/0909/090984/ph0001001i.jpg,Library of Congress,Unknown,kansas,IMAGE
http://www.loc.gov/item/2021670893/,23rd Umberto Regiment.,1915,https://tile.loc.gov/image-services/iiif/service:gdc:gdcwdl:wd:l_:17:24:2:wdl_17242:ca_5_03041/full/pct:12.5/0/default.jpg,Library of Congress,Unknown,italy,IMAGE
http://www.loc.gov/item/afc2001001.04951/,Meda Montana Brendall Collection,1941,https://tile.loc.gov/storage-services/service/vhp/0049/004951/ph0003001i.jpg,Library of Congress,Unknown,"baltimore, maryland",IMAGE
http://www.loc.gov/item/afc2001001.67942/,Henry Walker McIver Collection,1943,https://tile.loc.gov/storage-services/service/vhp/0679/067942/ph0001001i.jpg,Library of Congress,Unknown,algeria,IMAGE
http://www.loc.gov/item/afc2001001.08275/,"Charles Raymond Remsburg, Jr. Collection",1943,https://tile.loc.gov/storage-services/service/vhp/0082/008275/ph0003001i.jpg,Library of Congress,Unknown,georgia,IMAGE
http://www.loc.gov/item/afc2001001.00675/,James Thomas Lingg Collection,1943,https://tile.loc.gov/image-services/iiif/service:vhp:0006:000675:ph0001001/full/pct:12.5/0/default.jpg,Library of Congress,Unknown,washington (state),IMAGE
http://www.loc.gov/item/afc2001001.103457/,John T. Moran Collection,1943,"https://tile.loc.gov/streaming-services/iiif/service:vhp:1034:103457:afc2001001_103457_mv0001001_640x480_800/full/512,/0/300,0/default.jpg",Library of Congress,Unknown,georgia,IMAGE
http://www.loc.gov/item/afc2001001.31638/,Arnold Stephen Hoke Collection,1916,https://tile.loc.gov/storage-services/service/vhp/0316/031638/ph0001001i.jpg,Library of Congress,Unknown,california,IMAGE
http://www.loc.gov/item/afc2001001.02318/,Glenn H. Wyler Collection,1944,https://tile.loc.gov/storage-services/service/vhp/0023/002318/ph0001001i.jpg,Library of Congress,Unknown,"fontainebleau, france",IMAGE
http://www.loc.gov/item/afc2001001.20694/,"Edwin Turner Bowden, Sr. Collection",1917,https://tile.loc.gov/storage-services/service/vhp/0206/020694/ph0001001i.jpg,Library of Congress,Unknown,"leon springs, texas",IMAGE
http://www.loc.gov/item/afc2001001.02503/,"Isaiah A. McCoy, Jr. Collection",1941,https://tile.loc.gov/storage-services/service/vhp/0025/002503/ph0001001i.jpg,Library of Congress,Unknown,maryland,IMAGE
http://www.loc.gov/item/2021670891/,Albanian Front. Building Works.,1916,https://tile.loc.gov/image-services/iiif/service:gdc:gdcwdl:wd:l_:17:22:6:wdl_17226:mcrr_album_r_369a.5435/full/pct:12.5/0/default.jpg,Library of Congress,Unknown,italy,IMAGE
http://www.loc.gov/item/afc2001001.00156/,Stanley S. Lane Collection,1917,https://tile.loc.gov/storage-services/service/vhp/0001/000156/ph0001001i.jpg,Library of Congress,Unknown,north africa,IMAGE
http://www.loc.gov/item/2021669202/,Emperor Nicholas I.,1860,https://tile.loc.gov/image-services/iiif/service:gdc:gdcwdl:wd:l_:17:15:9:wdl_17159:4c0ea63f-b4e0-413d-910a-35e60cef3d10.0001/full/pct:25/0/default.jpg,Library of Congress,Unknown,saint petersburg,IMAGE
http://www.loc.gov/item/2021669204/,"Empress Alexandra Fyodorovna, Wife of Emperor Nicholas I.",1860,https://tile.loc.gov/image-services/iiif/service:gdc:gdcwdl:wd:l_:17:16:2:wdl_17162:255eca58-6209-44ee-a29b-36c7595094da.0001/full/pct:25/0/default.jpg,Library of Congress,Unknown,russian federation,IMAGE
http://www.loc.gov/item/afc2001001.33674/,Virginia C. Allen Collection,1945,https://tile.loc.gov/storage-services/service/vhp/0336/033674/ph0001001i.jpg,Library of Congress,Unknown,tibet,IMAGE
http://www.loc.gov/item/2021669936/,Women Getting their Hair Done at the Chez Marie Beauty Shop.,1939,https://tile.loc.gov/image-services/iiif/service:gdc:gdcwdl:wd:l_:04:02:6:wdl_04026:rc07587_chez_marie_beauty_parlor/full/pct:6.25/0/default.jpg,Library of Congress,Unknown,miami,IMAGE
http://www.loc.gov/item/afc2001001.11072/,Ralph Lysyk Collection,1943,https://tile.loc.gov/storage-services/service/vhp/0110/011072/ph0003001i.jpg,Library of Congress,Unknown,korea,IMAGE
http://www.loc.gov/item/afc2001001.10706/,Charles H. Brown Collection,1942,https://tile.loc.gov/storage-services/service/vhp/0107/010706/ph0001001i.jpg,Library of Congress,Unknown,west virginia,IMAGE
http://www.loc.gov/item/afc2001001.10838/,"Edward M. Ries, Jr. Collection",1940,https://tile.loc.gov/storage-services/service/vhp/0108/010838/ph0001001i.jpg,Library of Congress,Unknown,atlantic ocean,IMAGE
http://www.loc.gov/item/afc2001001.01950/,Bradley William Vaughn Collection,1942,https://tile.loc.gov/storage-services/service/vhp/0019/001950/ph0001001i.jpg,Library of Congress,Unknown,arizona,IMAGE
http://www.loc.gov/item/afc2001001.68548/,Harold R. Pomeroy Collection,1942,https://tile.loc.gov/storage-services/service/vhp/0685/068548/ph0001001i.jpg,Library of Congress,Unknown,washington (state),IMAGE
http://www.loc.gov/item/2021670570/,Sean Lester.,1929,https://tile.loc.gov/image-services/iiif/service:gdc:gdcwdl:wd:l_:11:56:7:wdl_11567:lonwdl06_0001/full/pct:12.5/0/default.jpg,Library of Congress,Unknown,ireland,IMAGE
http://www.loc.gov/item/afc2001001.94460/,Donald Marchand Miller Collection,1943,https://tile.loc.gov/storage-services/service/vhp/0944/094460/ph0001001i.jpg,Library of Congress,Unknown,bosnia,IMAGE
http://www.loc.gov/item/2021669927/,Soldiers Performing Exercises on the Beach.,1942,https://tile.loc.gov/image-services/iiif/service:gdc:gdcwdl:wd:l_:04:01:7:wdl_04017:rc04847_world_war_ii_gas_mask_training/full/pct:6.25/0/default.jpg,Library of Congress,Unknown,united states of america,IMAGE
http://www.loc.gov/item/afc2001001.33536/,Anna M. Linburg Collection,2001,https://tile.loc.gov/storage-services/service/vhp/0335/033536/ph0001001i.jpg,Library of Congress,Unknown,"san francisco, san diego, california",IMAGE
http://www.loc.gov/item/afc2001001.07607/,Leon E. Kent Collection,1946,https://tile.loc.gov/image-services/iiif/service:vhp:0076:007607:ph0001001/full/pct:25/0/default.jpg,Library of Congress,Unknown,european theater,IMAGE
http://www.loc.gov/item/afc2001001.10657/,Walter Takeo Tsukamoto Collection,1943,https://tile.loc.gov/storage-services/service/vhp/0106/010657/ph0001001i.jpg,Library of Congress,Unknown,korea,IMAGE
http://www.loc.gov/item/afc2001001.101236/,James L. Nelson Collection,1943,"https://tile.loc.gov/streaming-services/iiif/service:vhp:1012:101236:afc2001001_101236_mv0001001_640x480_800/full/512,/0/300,0/default.jpg",Library of Congress,Unknown,michigan,IMAGE
http://www.loc.gov/item/afc2001001.06012/,Paul Duncan Cooper Collection,2001,https://tile.loc.gov/storage-services/service/vhp/0060/006012/ph0001001i.jpg,Library of Congress,Unknown,"london, england",IMAGE
http://www.loc.gov/item/afc2001001.07928/,Wendell Homer Willard Collection,1942,https://tile.loc.gov/storage-services/service/vhp/0079/007928/ph0001001i.jpg,Library of Congress,Unknown,united states,IMAGE
http://www.loc.gov/item/afc2001001.03398/,George Crozer Hildebrant Collection,1942,https://tile.loc.gov/storage-services/service/vhp/0033/003398/ph0001001i.jpg,Library of Congress,Unknown,california,IMAGE
http://www.loc.gov/item/afc2001001.02377/,Lester H. Aufmuth Collection,1941,https://tile.loc.gov/storage-services/service/vhp/0023/002377/pm0001001i.jpg,Library of Congress,Unknown,germany,IMAGE
http://www.loc.gov/item/afc2001001.55120/,Lloyd Marvin Wenzel Collection,1942,https://tile.loc.gov/storage-services/service/vhp/0551/055120/ph0001001i.jpg,Library of Congress,Unknown,western europe,IMAGE
http://www.loc.gov/item/afc2001001.101426/,Maxine Mae Gresset Collection,1944,https://tile.loc.gov/storage-services/service/vhp/1014/101426/ph0001001i.jpg,Library of Congress,Unknown,washington (state),IMAGE
http://www.loc.gov/item/afc2001001.09497/,W. Harold Plunkett Collection,1941,https://tile.loc.gov/storage-services/service/vhp/0094/009497/ph0001001i.jpg,Library of Congress,Unknown,north africa,IMAGE
http://www.loc.gov/item/afc2001001.27180/,Carl Albin Hall Collection,1942,https://tile.loc.gov/storage-services/service/vhp/0271/027180/ph0001001i.jpg,Library of Congress,Unknown,leyte island (philippines),IMAGE
http://www.loc.gov/item/afc2001001.00353/,Edwin Kelmel Collection,1943,https://tile.loc.gov/image-services/iiif/service:vhp:0003:000353:ph0001001/full/pct:50/0/default.jpg,Library of Congress,Unknown,"fort mcclellan, alabama",IMAGE
http://www.loc.gov/item/afc2001001.01182/,William Robinson Wilson Collection,1941,https://tile.loc.gov/storage-services/service/vhp/0011/001182/ph0001001i.jpg,Library of Congress,Unknown,"sicily, italy",IMAGE
http://www.loc.gov/item/afc2001001.03415/,Eugene Alfred Payne Collection,1942,https://tile.loc.gov/storage-services/service/vhp/0034/003415/ph0001001i.jpg,Library of Congress,Unknown,united states,IMAGE
http://www.loc.gov/item/afc2001001.100072/,Robert Keith Price Collection,1942,https://tile.loc.gov/storage-services/service/vhp/1000/100072/ph0001001i.jpg,Library of Congress,Unknown,iwo jima,IMAGE
http://www.loc.gov/item/afc2001001.46253/,Kenneth Wilbur Thomas Collection,1942,https://tile.loc.gov/storage-services/service/vhp/0462/046253/ph0001001i.jpg,Library of Congress,Unknown,oklahoma,IMAGE
http://www.loc.gov/item/afc2001001.27092/,Kendall Jordan Fielder Collection,1917,https://tile.loc.gov/storage-services/service/vhp/0270/027092/ph0001001i.jpg,Library of Congress,Unknown,philippines,IMAGE
http://www.loc.gov/item/afc2001001.00386/,William V. Loncaric Collection,1942,https://tile.loc.gov/storage-services/service/vhp/0003/000386/ph0001001i.jpg,Library of Congress,Unknown,oklahoma,IMAGE
http://www.loc.gov/item/afc2001001.20861/,"John Francis Morash, Sr. Collection",1944,"https://tile.loc.gov/streaming-services/iiif/service:vhp:0208:020861:afc2001001_020861_mv0001001_640x480_800/full/512,/0/300,0/default.jpg",Library of Congress,Unknown,korea,IMAGE
http://www.loc.gov/item/afc2001001.33872/,John F. Ryan Collection,1943,https://tile.loc.gov/storage-services/service/vhp/0338/033872/ph0001001i.jpg,Library of Congress,Unknown,pennsylvania,IMAGE
http://www.loc.gov/item/afc2001001.41246/,Hollis Mayo Beeman Collection,1943,https://tile.loc.gov/storage-services/service/vhp/0412/041246/ph0001001i.jpg,Library of Congress,Unknown,holland,IMAGE
http://www.loc.gov/item/afc2001001.00035/,Frederick M. Nathan Collection,1943,"https://tile.loc.gov/streaming-services/iiif/service:vhp:0000:000035:afc2001001_000035_mv0001001_640x480_800/full/512,/0/300,0/default.jpg",Library of Congress,Unknown,california,IMAGE
http://www.loc.gov/item/afc2001001.29212/,Lee L. Laz Collection,1942,https://tile.loc.gov/storage-services/service/vhp/0292/029212/ph0001001i.jpg,Library of Congress,Unknown,pacific theater,IMAGE
http://www.loc.gov/item/afc2001001.05666/,Ralph N. Ciavarro Collection,1944,https://tile.loc.gov/storage-services/service/vhp/0056/005666/ph0001001i.jpg,Library of Congress,Unknown,maiana (gilbert islands),IMAGE
http://www.loc.gov/item/afc2001001.02330/,William J. Lewis Collection,1943,https://tile.loc.gov/image-services/iiif/service:vhp:0023:002330:ph0001001/full/pct:25/0/default.jpg,Library of Congress,Unknown,georgia,IMAGE
http://www.loc.gov/item/afc2001001.04886/,Frank H. Jones Collection,1944,https://tile.loc.gov/storage-services/service/vhp/0048/004886/ph0001001i.jpg,Library of Congress,Unknown,pacific theater,IMAGE
http://www.loc.gov/item/afc2001001.09672/,Charles Ellard Collins Collection,1942,https://tile.loc.gov/storage-services/service/vhp/0096/009672/ph0002001i.jpg,Library of Congress,Unknown,"camp blanding, florida",IMAGE
http://www.loc.gov/item/afc2001001.39635/,Elliott Hugh Lee Collection,1915,https://tile.loc.gov/storage-services/service/vhp/0396/039635/ph0001001i.jpg,Library of Congress,Unknown,france,IMAGE
http://www.loc.gov/item/afc2001001.03335/,Pearl A. Domma Collection,1942,https://tile.loc.gov/storage-services/service/vhp/0033/003335/ph0007001i.jpg,Library of Congress,Unknown,"camp mccain, mississippi",IMAGE
http://www.loc.gov/item/2021669086/,Nevitskoe. Ruins of the Castle.,1920,https://tile.loc.gov/image-services/iiif/service:gdc:gdcwdl:wd:l_:10:04:7:wdl_10047:0003/full/pct:25/0/default.jpg,Library of Congress,Unknown,ukraine,IMAGE
http://www.loc.gov/item/afc2001001.56089/,Robert Gale Edstrom Collection,1942,"https://tile.loc.gov/streaming-services/iiif/service:vhp:0560:056089:afc2001001_056089_mv0001001_640x480_800/full/512,/0/300,0/default.jpg",Library of Congress,Unknown,idaho,IMAGE
http://www.loc.gov/item/afc2001001.18437/,"Herman Field Froeb, Sr. Collection",1942,https://tile.loc.gov/storage-services/service/vhp/0184/018437/ph0001001i.jpg,Library of Congress,Unknown,"durham, north carolina",IMAGE
http://www.loc.gov/item/afc2001001.76409/,Stanley Malamut Collection,1942,https://tile.loc.gov/storage-services/service/vhp/0764/076409/ph0001001i.jpg,Library of Congress,Unknown,pennsylvania,IMAGE
http://www.loc.gov/item/afc2001001.34441/,George J. Laben Collection,1942,https://tile.loc.gov/storage-services/service/vhp/0344/034441/ph0001001i.jpg,Library of Congress,Unknown,china-burma-india (cbi) theater,IMAGE
http://www.loc.gov/item/afc2001001.11033/,Harry Grady Daves Collection,1942,https://tile.loc.gov/storage-services/service/vhp/0110/011033/ph0001001i.jpg,Library of Congress,Unknown,africa,IMAGE
http://www.loc.gov/item/afc2001001.05428/,Bernard I. Rader Collection,1943,https://tile.loc.gov/storage-services/service/vhp/0054/005428/ph0001001i.jpg,Library of Congress,Unknown,new york,IMAGE
http://www.loc.gov/item/afc2001001.12692/,Ralph B. DeForest Collection,1941,https://tile.loc.gov/storage-services/service/vhp/0126/012692/ph0002001i.jpg,Library of Congress,Unknown,algeria,IMAGE
http://www.loc.gov/item/afc2001001.06384/,Paul Raymond Warnick Collection,1943,https://tile.loc.gov/storage-services/service/vhp/0063/006384/ph0001001i.jpg,Library of Congress,Unknown,pennsylvania,IMAGE
http://www.loc.gov/item/afc2001001.02169/,Howard Joseph Herstein Collection,1945,https://tile.loc.gov/storage-services/service/vhp/0021/002169/ph0001001i.jpg,Library of Congress,Unknown,iowa,IMAGE
http://www.loc.gov/item/afc2001001.00475/,George R. Scanlon Collection,1941,https://tile.loc.gov/storage-services/service/vhp/0004/000475/ph0001001i.jpg,Library of Congress,Unknown,algeria,IMAGE
http://www.loc.gov/item/2021670890/,Italian Front in France. Positioning a Machine Gun for an Ambush.,1915,https://tile.loc.gov/image-services/iiif/service:gdc:gdcwdl:wd:l_:17:22:5:wdl_17225:mcrr_album_g_grande_135a.6261/full/pct:12.5/0/default.jpg,Library of Congress,Unknown,france,IMAGE
http://www.loc.gov/item/afc2001001.03357/,Rene J. Defourneaux Collection,1943,https://tile.loc.gov/storage-services/service/vhp/0033/003357/ph0001001i.jpg,Library of Congress,Unknown,pacific theater,IMAGE
http://www.loc.gov/item/afc2001001.42868/,George Mendonsa Collection,1942,https://tile.loc.gov/storage-services/service/vhp/0428/042868/ph0001001i.jpg,Library of Congress,Unknown,rhode island,IMAGE
http://www.loc.gov/item/afc2001001.01775/,"Lloyd Miland Pierson, Jr. Collection",1942,https://tile.loc.gov/storage-services/service/vhp/0017/001775/ph0001001i.jpg,Library of Congress,Unknown,utah,IMAGE
http://www.loc.gov/item/afc2001001.02251/,Orie Yonkers Collection,1942,https://tile.loc.gov/storage-services/service/vhp/0022/002251/ph0001001i.jpg,Library of Congress,Unknown,new hampshire,IMAGE
http://www.loc.gov/item/afc2001001.53855/,Leo Bernard Agers Collection,1941,https://tile.loc.gov/storage-services/service/vhp/0538/053855/ph0001001i.jpg,Library of Congress,Unknown,british isles,IMAGE
http://www.loc.gov/item/afc2001001.63028/,Clinton W. Hammond Collection,1941,https://tile.loc.gov/storage-services/service/vhp/0630/063028/ph0001001i.jpg,Library of Congress,Unknown,"tampa, florida",IMAGE
http://www.loc.gov/item/afc2001001.04555/,Hollis H. New Collection,1943,https://tile.loc.gov/storage-services/service/vhp/0045/004555/ph0001001i.jpg,Library of Congress,Unknown,north africa,IMAGE
http://www.loc.gov/item/afc2001001.68962/,William A. Barr Collection,1943,https://tile.loc.gov/storage-services/service/vhp/0689/068962/ph0001001i.jpg,Library of Congress,Unknown,europe,IMAGE
http://www.loc.gov/item/afc2001001.01767/,Frederick James Gerritz Collection,1943,https://tile.loc.gov/storage-services/service/vhp/0017/001767/pm0001057i.jpg,Library of Congress,Unknown,"scott field, illinois",IMAGE
http://www.loc.gov/item/afc2001001.48291/,"George Lee Hatcher, Jr. Collection",1942,https://tile.loc.gov/storage-services/service/vhp/0482/048291/ph0001001i.jpg,Library of Congress,Unknown,united states,IMAGE
http://www.loc.gov/item/afc2001001.106162/,John J. Gregory Collection,1943,https://tile.loc.gov/storage-services/service/vhp/1061/106162/ph0001001i.jpg,Library of Congress,Unknown,"camp roberts, california",IMAGE
http://www.loc.gov/item/afc2001001.11221/,Edward Arnold Moss Collection,1943,https://tile.loc.gov/storage-services/service/vhp/0112/011221/ph0001001i.jpg,Library of Congress,Unknown,michigan,IMAGE
http://www.loc.gov/item/afc2001001.00836/,George E. Cole Collection,1943,"https://tile.loc.gov/streaming-services/iiif/service:vhp:0008:000836:afc2001001_000836_mv0001001_640x480_800/full/512,/0/300,0/default.jpg",Library of Congress,Unknown,united states,IMAGE
http://www.loc.gov/item/afc2001001.10680/,Norman Saburo Ikari Collection,1942,https://tile.loc.gov/storage-services/service/vhp/0106/010680/ph0001001i.jpg,Library of Congress,Unknown,"fort bragg, north carolina",IMAGE
http://www.loc.gov/item/afc2001001.120297/,Stuart Ellison McKeown Collection,1918,https://tile.loc.gov/storage-services/service/vhp/1202/120297/ph0001001i.jpg,Library of Congress,Unknown,new york,IMAGE
http://www.loc.gov/item/afc2001001.05827/,Willis Blaine Motter Collection,1943,https://tile.loc.gov/storage-services/service/vhp/0058/005827/pm0001001i.jpg,Library of Congress,Unknown,united states,IMAGE
http://www.loc.gov/item/afc2001001.00243/,Claude Taylor Anderson Collection,1942,https://tile.loc.gov/image-services/iiif/service:vhp:0002:000243:ph0001001/full/pct:25/0/default.jpg,Library of Congress,Unknown,england,IMAGE
http://www.loc.gov/item/afc2001001.32475/,Robert K. Bindig Collection,1943,https://tile.loc.gov/storage-services/service/vhp/0324/032475/ph0001001i.jpg,Library of Congress,Unknown,"denver, colorado",IMAGE
http://www.loc.gov/item/afc2001001.00441/,Martin J. Burke Collection,1942,"https://tile.loc.gov/streaming-services/iiif/service:vhp:0004:000441:afc2001001_000441_mv0001001_640x480_800/full/512,/0/300,0/default.jpg",Library of Congress,Unknown,european theater,IMAGE
http://www.loc.gov/item/afc2001001.29808/,"Joseph K. Barrineau, Sr. Collection",1943,https://tile.loc.gov/storage-services/service/vhp/0298/029808/ph0001001i.jpg,Library of Congress,Unknown,missouri,IMAGE
http://www.loc.gov/item/afc2001001.86351/,Charles Thomas Williamson Collection,1945,https://tile.loc.gov/storage-services/service/vhp/0863/086351/ph0001001i.jpg,Library of Congress,Unknown,morocco,IMAGE
http://www.loc.gov/item/afc2001001.119910/,Emil V. Abrahamian Collection,2001,https://tile.loc.gov/storage-services/service/vhp/1199/119910/ph0001001i.jpg,Library of Congress,Unknown,france,IMAGE
http://www.loc.gov/item/afc2001001.33227/,Daniel J. McDonald Collection,1942,https://tile.loc.gov/storage-services/service/vhp/0332/033227/ph0001001i.jpg,Library of Congress,Unknown,illinois,IMAGE
http://www.loc.gov/item/afc2001001.41287/,John C. Try Collection,1942,https://tile.loc.gov/image-services/iiif/service:vhp:0412:041287:ph0001001/full/pct:12.5/0/default.jpg,Library of Congress,Unknown,california,IMAGE
http://www.loc.gov/item/afc2001001.10305/,Joseph Jefferson Mickey Collection,1944,https://tile.loc.gov/storage-services/service/vhp/0103/010305/ph0001001i.jpg,Library of Congress,Unknown,leyte island (philippines),IMAGE
http://www.loc.gov/item/afc2001001.07636/,Dale E. Detrick Collection,1942,https://tile.loc.gov/storage-services/service/vhp/0076/007636/ph0006001i.jpg,Library of Congress,Unknown,netherlands east indies,IMAGE
http://www.loc.gov/item/afc2001001.00254/,Albert O. Morris Collection,1943,https://tile.loc.gov/image-services/iiif/service:vhp:0002:000254:ph0001001/full/pct:25/0/default.jpg,Library of Congress,Unknown,ohio,IMAGE
http://www.loc.gov/item/afc2001001.01621/,Edwin W. Hays Collection,1942,https://tile.loc.gov/storage-services/service/vhp/0016/001621/ph0001001i.jpg,Library of Congress,Unknown,united states,IMAGE
http://www.loc.gov/item/afc2001001.06542/,Ida Weinstein Collection,1942,https://tile.loc.gov/image-services/iiif/service:vhp:0065:006542:ph0001001/full/pct:25/0/default.jpg,Library of Congress,Unknown,"denver, colorado",IMAGE
http://www.loc.gov/item/afc2001001.69410/,Maxie Bolgla Collection,1944,"https://tile.loc.gov/streaming-services/iiif/service:vhp:0694:069410:afc2001001_069410_mv0001001_640x480_800/full/512,/0/300,0/default.jpg",Library of Congress,Unknown,georgia,IMAGE
http://www.loc.gov/item/afc2001001.01809/,Marie Marguerite Cowley-Ross Collection,1958,https://tile.loc.gov/storage-services/service/vhp/0018/001809/ph0002001i.jpg,Library of Congress,Unknown,washington (state),IMAGE
http://www.loc.gov/item/afc2001001.90455/,Louis Charles Gerken Collection,1944,https://tile.loc.gov/storage-services/service/vhp/0904/090455/ph0001001i.jpg,Library of Congress,Unknown,california,IMAGE
http://www.loc.gov/item/afc2001001.18710/,William J. Huebner Collection,1943,"https://tile.loc.gov/streaming-services/iiif/service:vhp:0187:018710:afc2001001_018710_mv0001001_640x480_800/full/512,/0/300,0/default.jpg",Library of Congress,Unknown,connecticut,IMAGE
http://www.loc.gov/item/afc2001001.00414/,"Ralph Reeves Pyle, Jr. Collection",1943,https://tile.loc.gov/storage-services/service/vhp/0004/000414/ph0001001i.jpg,Library of Congress,Unknown,korea,IMAGE
http://www.loc.gov/item/afc2001001.02056/,Malcolm Harvey Stilson Collection,1942,https://tile.loc.gov/storage-services/service/vhp/0020/002056/ph0002001i.jpg,Library of Congress,Unknown,"calcutta, india",IMAGE
http://www.loc.gov/item/afc2001001.29078/,Robert Almond Thompson Collection,1934,"https://tile.loc.gov/streaming-services/iiif/service:vhp:0290:029078:afc2001001_029078_mv0001001_640x480_800/full/512,/0/300,0/default.jpg",Library of Congress,Unknown,"quantico, virginia",IMAGE
http://www.loc.gov/item/afc2001001.15755/,Oscar Lee Brown Collection,1944,https://tile.loc.gov/storage-services/service/vhp/0157/015755/ph0001001i.jpg,Library of Congress,Unknown,"brisbane, australia",IMAGE
http://www.loc.gov/item/afc2001001.26652/,"Frank Jay Moore, Jr. Collection",1942,https://tile.loc.gov/storage-services/service/vhp/0266/026652/ph0001001i.jpg,Library of Congress,Unknown,korea,IMAGE
http://www.loc.gov/item/afc2001001.01180/,Paul Yoder Burns Collection,1942,https://tile.loc.gov/storage-services/service/vhp/0011/001180/ph0001001i.jpg,Library of Congress,Unknown,louisiana,IMAGE
http://www.loc.gov/item/afc2001001.01356/,Ross A. Calvert Collection,1942,https://tile.loc.gov/storage-services/service/vhp/0013/001356/ph0001001i.jpg,Library of Congress,Unknown,"vienna, austria",IMAGE
http://www.loc.gov/item/afc2001001.118159/,William Robert Colton Collection,1943,https://tile.loc.gov/image-services/iiif/service:vhp:1181:118159:ph0001001/full/pct:12.5/0/default.jpg,Library of Congress,Unknown,illinois,IMAGE
http://www.loc.gov/item/afc2001001.08437/,"John Jefferson Graham, Jr. Collection",1940,https://tile.loc.gov/storage-services/service/vhp/0084/008437/ph0001001i.jpg,Library of Congress,Unknown,alaska,IMAGE
http://www.loc.gov/item/afc2001001.54748/,Paul W. Harter Collection,1918,https://tile.loc.gov/storage-services/service/vhp/0547/054748/ph0001001i.jpg,Library of Congress,Unknown,"fort hamilton, new york",IMAGE
http://www.loc.gov/item/afc2001001.66084/,George Alexander Albright Collection,1939,https://tile.loc.gov/storage-services/service/vhp/0660/066084/ph0001001i.jpg,Library of Congress,Unknown,korea,IMAGE
http://www.loc.gov/item/afc2001001.10686/,Peter Kazunori Okada Collection,1943,https://tile.loc.gov/storage-services/service/vhp/0106/010686/ph0001001i.jpg,Library of Congress,Unknown,philippines,IMAGE
http://www.loc.gov/item/afc2001001.24232/,Ruth Deloris Buckley Collection,1940,https://tile.loc.gov/storage-services/service/vhp/0242/024232/ph0001001i.jpg,Library of Congress,Unknown,north africa,IMAGE
http://www.loc.gov/item/afc2001001.55259/,Glenn W. McDole Collection,1940,https://tile.loc.gov/storage-services/service/vhp/0552/055259/ph0001001i.jpg,Library of Congress,Unknown,"palawan, philippines",IMAGE
http://www.loc.gov/item/afc2001001.07720/,Nels Maurice Nelson Collection,1941,"https://tile.loc.gov/streaming-services/iiif/service:vhp:0077:007720:afc2001001_007720_mv0001001_640x480_800/full/512,/0/300,0/default.jpg",Library of Congress,Unknown,arizona,IMAGE
http://www.loc.gov/item/afc2001001.20992/,Walter Letham Zulker Collection,1942,https://tile.loc.gov/storage-services/service/vhp/0209/020992/ph0001001i.jpg,Library of Congress,Unknown,"pearl harbor, hawaii",IMAGE
http://www.loc.gov/item/afc2001001.91489/,Jonathan L. Collens Collection,1942,https://tile.loc.gov/storage-services/service/vhp/0914/091489/ph0001001i.jpg,Library of Congress,Unknown,"camp davis, north carolina",IMAGE
http://www.loc.gov/item/afc2001001.02927/,Marion Ulysses Graham Collection,1942,https://tile.loc.gov/storage-services/service/vhp/0029/002927/ph0001001i.jpg,Library of Congress,Unknown,"quantico, virginia",IMAGE
http://www.loc.gov/item/afc2001001.01202/,"Doane Hage, Jr. Collection",1942,https://tile.loc.gov/storage-services/service/vhp/0012/001202/ph0001001i.jpg,Library of Congress,Unknown,"krems, austria",IMAGE
http://www.loc.gov/item/afc2001001.31890/,Sidney D. White Collection,1943,https://tile.loc.gov/storage-services/service/vhp/0318/031890/ph0001001i.jpg,Library of Congress,Unknown,north africa,IMAGE
http://www.loc.gov/item/afc2001001.87328/,"Robert Francis Toth, Jr. Collection",2003,https://tile.loc.gov/storage-services/service/vhp/0873/087328/ph0001001i.jpg,Library of Congress,Unknown,iraq,IMAGE
http://www.loc.gov/item/afc2001001.30208/,Ernest E. Gallego Collection,1943,https://tile.loc.gov/storage-services/service/vhp/0302/030208/ph0001001i.jpg,Library of Congress,Unknown,italy,IMAGE
http://www.loc.gov/item/afc2001001.38438/,Ralph Edward Jarratt Collection,2001,https://tile.loc.gov/storage-services/service/vhp/0384/038438/ph0001001i.jpg,Library of Congress,Unknown,france,IMAGE
http://www.loc.gov/item/afc2001001.66161/,Hartwell Cornelius Martin Collection,1942,https://tile.loc.gov/image-services/iiif/service:vhp:0661:066161:ph0001001/full/pct:12.5/0/default.jpg,Library of Congress,Unknown,virginia,IMAGE
http://www.loc.gov/item/afc2001001.10179/,Arthur Jibilian Collection,1943,https://tile.loc.gov/image-services/iiif/service:vhp:0101:010179:ph0001001/full/pct:25/0/default.jpg,Library of Congress,Unknown,"bari, italy",IMAGE
http://www.loc.gov/item/2021669938/,Two Women on Water Skis Wearing Tutus and White Gloves.,1960,https://tile.loc.gov/image-services/iiif/service:gdc:gdcwdl:wd:l_:04:02:8:wdl_04028:c681419_cypress_gardens/full/pct:6.25/0/default.jpg,Library of Congress,Unknown,cypress gardens,IMAGE
http://www.loc.gov/item/afc2001001.02220/,"Corbin B. Willis, Jr. Collection",1941,https://tile.loc.gov/storage-services/service/vhp/0022/002220/ph0001001i.jpg,Library of Congress,Unknown,korea,IMAGE
http://www.loc.gov/item/afc2001001.01178/,Absalom H. Kelly Collection,1942,https://tile.loc.gov/storage-services/service/vhp/0011/001178/ph0002001i.jpg,Library of Congress,Unknown,indiana,IMAGE
http://www.loc.gov/item/afc2001001.111811/,Joe T. Thornton Collection,1934,https://tile.loc.gov/storage-services/service/vhp/1118/111811/ph0001001i.jpg,Library of Congress,Unknown,"fort sill, oklahoma",IMAGE
http://www.loc.gov/item/afc2001001.48950/,Dennis Dean Hatzenbuehler Collection,1941,https://tile.loc.gov/storage-services/service/vhp/0489/048950/ph0001001i.jpg,Library of Congress,Unknown,united states,IMAGE
http://www.loc.gov/item/afc2001001.11173/,Edward Wadington Collection,1943,https://tile.loc.gov/storage-services/service/vhp/0111/011173/ph0002001i.jpg,Library of Congress,Unknown,florida,IMAGE
http://www.loc.gov/item/afc2001001.71607/,Neil Dewayne Berry Collection,1943,https://tile.loc.gov/image-services/iiif/service:vhp:0716:071607:ph0001001/full/pct:12.5/0/default.jpg,Library of Congress,Unknown,texas,IMAGE
http://www.loc.gov/item/afc2001001.41784/,Edwin G. Garver Collection,1942,https://tile.loc.gov/storage-services/service/vhp/0417/041784/ph0001001i.jpg,Library of Congress,Unknown,england,IMAGE
http://www.loc.gov/item/afc2001001.59978/,John Quincy Gorbet Collection,1942,https://tile.loc.gov/storage-services/service/vhp/0599/059978/ph0001001i.jpg,Library of Congress,Unknown,california,IMAGE
http://www.loc.gov/item/2021669300/,Consignments Fund.,1870,https://tile.loc.gov/image-services/iiif/service:gdc:gdcwdl:wd:l_:01:29:7:wdl_01297:icon309865_26/full/pct:6.25/0/default.jpg,Library of Congress,Unknown,paris,IMAGE
http://www.loc.gov/item/2021669304/,Red Cross Crossroads.,1870,https://tile.loc.gov/image-services/iiif/service:gdc:gdcwdl:wd:l_:01:30:1:wdl_01301:icon309865_31/full/pct:6.25/0/default.jpg,Library of Congress,Unknown,paris,IMAGE
http://www.loc.gov/item/2021669340/,Corner of Boulevard Saint Martin and Rue de Bondy (Porte Saint Martin).,1870,https://tile.loc.gov/image-services/iiif/service:gdc:gdcwdl:wd:l_:01:33:7:wdl_01337:icon309865_45/full/pct:6.25/0/default.jpg,Library of Congress,Unknown,paris,IMAGE
http://www.loc.gov/item/2021669352/,Ruins near the Pont d'Auteuil and the Gare d'Auteuil. General View of the Destruction.,1870,https://tile.loc.gov/image-services/iiif/service:gdc:gdcwdl:wd:l_:01:36:4:wdl_01364:icon309866_64/full/pct:6.25/0/default.jpg,Library of Congress,Unknown,paris,IMAGE
http://www.loc.gov/item/2021669354/,Ruins near the Pont d'Auteuil and the Gare d'Auteuil. Partial View of the Destruction.,1870,https://tile.loc.gov/image-services/iiif/service:gdc:gdcwdl:wd:l_:01:36:6:wdl_01366:icon309866_65/full/pct:6.25/0/default.jpg,Library of Congress,Unknown,paris,IMAGE
http://www.loc.gov/item/afc2001001.86892/,"Alden Earl Stilson, Jr. Collection",1943,https://tile.loc.gov/storage-services/service/vhp/0868/086892/ph0001001i.jpg,Library of Congress,Unknown,france,IMAGE
http://www.loc.gov/item/afc2001001.15916/,William Leon Rucker Collection,1943,https://tile.loc.gov/storage-services/service/vhp/0159/015916/ph0001001i.jpg,Library of Congress,Unknown,philippines,IMAGE
http://www.loc.gov/item/afc2001001.74655/,Ramon Viera Collection,1945,https://tile.loc.gov/storage-services/service/vhp/0746/074655/ph0001001i.jpg,Library of Congress,Unknown,korea,IMAGE
http://www.loc.gov/item/afc2001001.02658/,Harry W. Leavell Collection,1943,https://tile.loc.gov/storage-services/service/vhp/0026/002658/ph0001001i.jpg,Library of Congress,Unknown,indiana,IMAGE
http://www.loc.gov/item/afc2001001.38364/,Jack Elliott Goeller Collection,1942,https://tile.loc.gov/storage-services/service/vhp/0383/038364/ph0001001i.jpg,Library of Congress,Unknown,"camp croft, south carolina",IMAGE
http://www.loc.gov/item/afc2001001.02706/,James Bernard Thomas Collection,1943,https://tile.loc.gov/storage-services/service/vhp/0027/002706/ph0001001i.jpg,Library of Congress,Unknown,"camp shelby, mississippi",IMAGE
http://www.loc.gov/item/afc2001001.41843/,Chester J. Shoemaker Collection,1942,https://tile.loc.gov/storage-services/service/vhp/0418/041843/ph0001001i.jpg,Library of Congress,Unknown,missouri,IMAGE
http://www.loc.gov/item/afc2001001.05849/,Charles Rosario Restifo Collection,1942,https://tile.loc.gov/storage-services/service/vhp/0058/005849/ph0003001i.jpg,Library of Congress,Unknown,"fort benning, georgia",IMAGE
http://www.loc.gov/item/afc2001001.33206/,Robert Fred Haney Collection,1942,https://tile.loc.gov/storage-services/service/vhp/0332/033206/ph0001001i.jpg,Library of Congress,Unknown,illinois,IMAGE
http://www.loc.gov/item/afc2001001.15915/,Albert Loyd Rucker Collection,1944,https://tile.loc.gov/storage-services/service/vhp/0159/015915/ph0001001i.jpg,Library of Congress,Unknown,leyte island (philippines),IMAGE
http://www.loc.gov/item/afc2001001.39414/,Herschel A. Pahl Collection,1942,"https://tile.loc.gov/streaming-services/iiif/service:vhp:0394:039414:afc2001001_039414_mv0001001_640x480_800/full/512,/0/300,0/default.jpg",Library of Congress,Unknown,"jacksonville, florida",IMAGE
http://www.loc.gov/item/afc2001001.38562/,Enrico Togna Collection,1946,https://tile.loc.gov/storage-services/service/vhp/0385/038562/ph0001001i.jpg,Library of Congress,Unknown,"little creek, virginia",IMAGE
http://www.loc.gov/item/afc2001001.88300/,Bernard Alan Weisberger Collection,1942,https://tile.loc.gov/storage-services/service/vhp/0883/088300/ph0001001i.jpg,Library of Congress,Unknown,illinois,IMAGE
http://www.loc.gov/item/afc2001001.32978/,Desmond Thomas Doss Collection,1942,https://tile.loc.gov/storage-services/service/vhp/0329/032978/ph0001001i.jpg,Library of Congress,Unknown,leyte island (philippines),IMAGE
http://www.loc.gov/item/2021669297/,Consignments Fund (Courtyard).,1870,https://tile.loc.gov/image-services/iiif/service:gdc:gdcwdl:wd:l_:01:29:4:wdl_01294:icon309865_25/full/pct:6.25/0/default.jpg,Library of Congress,Unknown,paris,IMAGE
http://www.loc.gov/item/2021669298/,Hôtel Thiers; View from the Garden.,1870,https://tile.loc.gov/image-services/iiif/service:gdc:gdcwdl:wd:l_:01:29:5:wdl_01295:icon309866_38/full/pct:6.25/0/default.jpg,Library of Congress,Unknown,paris,IMAGE
http://www.loc.gov/item/2021669308/,"Military Post #9, near the Porte d'Auteuil.",1870,https://tile.loc.gov/image-services/iiif/service:gdc:gdcwdl:wd:l_:01:30:5:wdl_01305:icon309866_41/full/pct:6.25/0/default.jpg,Library of Congress,Unknown,paris,IMAGE
http://www.loc.gov/item/2021669317/,Outbuildings of the Castle of Becon.,1870,https://tile.loc.gov/image-services/iiif/service:gdc:gdcwdl:wd:l_:01:31:4:wdl_01314:icon309866_50/full/pct:6.25/0/default.jpg,Library of Congress,Unknown,paris,IMAGE
http://www.loc.gov/item/2021669337/,Hôtel de Ville. Southwestern Pavilion.,1870,https://tile.loc.gov/image-services/iiif/service:gdc:gdcwdl:wd:l_:01:33:4:wdl_01334:icon309865_42/full/pct:6.25/0/default.jpg,Library of Congress,Unknown,paris,IMAGE
http://www.loc.gov/item/2021669338/,Hôtel de Ville. Pavillon de l'Horloge.,1870,https://tile.loc.gov/image-services/iiif/service:gdc:gdcwdl:wd:l_:01:33:5:wdl_01335:icon309865_43/full/pct:6.25/0/default.jpg,Library of Congress,Unknown,paris,IMAGE
http://www.loc.gov/item/2021669342/,Place du Château d'Eau.,1870,https://tile.loc.gov/image-services/iiif/service:gdc:gdcwdl:wd:l_:01:33:9:wdl_01339:icon309865_47/full/pct:6.25/0/default.jpg,Library of Congress,Unknown,paris,IMAGE
http://www.loc.gov/item/afc2001001.84903/,Charles Stanley Otto Collection,1943,https://tile.loc.gov/storage-services/service/vhp/0849/084903/ph0001001i.jpg,Library of Congress,Unknown,"reykjavik, iceland",IMAGE
http://www.loc.gov/item/afc2001001.02008/,Robert Lee Olen Collection,1943,https://tile.loc.gov/storage-services/service/vhp/0020/002008/ph0034001i.jpg,Library of Congress,Unknown,new york,IMAGE
http://www.loc.gov/item/afc2001001.83353/,Garnett Bailey Moneymaker Collection,1937,https://tile.loc.gov/storage-services/service/vhp/0833/083353/ph0001001i.jpg,Library of Congress,Unknown,"washington, dc",IMAGE
http://www.loc.gov/item/afc2001001.69366/,Charles Summers Stevenson Collection,1943,https://tile.loc.gov/storage-services/service/vhp/0693/069366/ph0001001i.jpg,Library of Congress,Unknown,"camp lejeune, north carolina",IMAGE
http://www.loc.gov/item/afc2001001.15747/,Leoma Benjiman Blackmon Collection,1939,https://tile.loc.gov/storage-services/service/vhp/0157/015747/ph0001001i.jpg,Library of Congress,Unknown,"camp lejeune, north carolina",IMAGE
http://www.loc.gov/item/afc2001001.29945/,Herbert Clofine Collection,1942,https://tile.loc.gov/storage-services/service/vhp/0299/029945/ph0001001i.jpg,Library of Congress,Unknown,"fort knox, kentucky",IMAGE
http://www.loc.gov/item/afc2001001.66895/,William R. Sanchez Collection,1940,https://tile.loc.gov/storage-services/service/vhp/0668/066895/ph0001001i.jpg,Library of Congress,Unknown,california,IMAGE
http://www.loc.gov/item/afc2001001.01649/,Bertran F. Wallace Collection,1942,https://tile.loc.gov/storage-services/service/vhp/0016/001649/ph0001001i.jpg,Library of Congress,Unknown,north africa,IMAGE
http://www.loc.gov/item/afc2001001.90151/,Normand Henry Carleton Collection,1942,https://tile.loc.gov/storage-services/service/vhp/0901/090151/ph0001001i.jpg,Library of Congress,Unknown,"camp gordon, georgia",IMAGE
http://www.loc.gov/item/afc2001001.19986/,Elden Chancer Bull Collection,1944,https://tile.loc.gov/storage-services/service/vhp/0199/019986/ph0001001i.jpg,Library of Congress,Unknown,"pearl harbor, hawaii",IMAGE
http://www.loc.gov/item/afc2001001.76724/,James William Lair Collection,1942,"https://tile.loc.gov/streaming-services/iiif/service:vhp:0767:076724:afc2001001_076724_mv0002001_640x480_800/full/512,/0/300,0/default.jpg",Library of Congress,Unknown,thailand,IMAGE
http://www.loc.gov/item/afc2001001.02548/,Frances M. Liberty Collection,1943,https://tile.loc.gov/storage-services/service/vhp/0025/002548/ph0001001i.jpg,Library of Congress,Unknown,"denver, colorado",IMAGE
http://www.loc.gov/item/2021669243/,Partial View of the Destroyed Balcony of the Ministry of Finance.,1870,https://tile.loc.gov/image-services/iiif/service:gdc:gdcwdl:wd:l_:01:24:0:wdl_01240:icon309865_04/full/pct:6.25/0/default.jpg,Library of Congress,Unknown,paris,IMAGE
http://www.loc.gov/item/2021669324/,Neuilly. Maison de la République.,1870,https://tile.loc.gov/image-services/iiif/service:gdc:gdcwdl:wd:l_:01:32:1:wdl_01321:icon309866_55/full/pct:6.25/0/default.jpg,Library of Congress,Unknown,france,IMAGE
http://www.loc.gov/item/2021669343/,Avenue Voltaire. Corner of Avenue des Amandiers.,1870,https://tile.loc.gov/image-services/iiif/service:gdc:gdcwdl:wd:l_:01:34:0:wdl_01340:icon309865_48/full/pct:6.25/0/default.jpg,Library of Congress,Unknown,paris,IMAGE
http://www.loc.gov/item/2021669350/,Gare d'Auteuil.,1870,https://tile.loc.gov/image-services/iiif/service:gdc:gdcwdl:wd:l_:01:36:2:wdl_01362:icon309866_62/full/pct:6.25/0/default.jpg,Library of Congress,Unknown,paris,IMAGE
http://www.loc.gov/item/2021669351/,Railway Bridge near Gare d'Auteuil.,1870,https://tile.loc.gov/image-services/iiif/service:gdc:gdcwdl:wd:l_:01:36:3:wdl_01363:icon309866_63/full/pct:6.25/0/default.jpg,Library of Congress,Unknown,paris,IMAGE
http://www.loc.gov/item/2021669355/,Arches of the Auteuil Viaduct.,1870,https://tile.loc.gov/image-services/iiif/service:gdc:gdcwdl:wd:l_:01:36:7:wdl_01367:icon309866_66/full/pct:6.25/0/default.jpg,Library of Congress,Unknown,paris,IMAGE
http://www.loc.gov/item/2021669969/,Partial View of the Ministry of Finance.,1870,https://tile.loc.gov/image-services/iiif/service:gdc:gdcwdl:wd:l_:07:31:8:wdl_07318:icon309865_06/full/pct:6.25/0/default.jpg,Library of Congress,Unknown,paris,IMAGE
http://www.loc.gov/item/afc2001001.02051/,Kenneth A. Rowe Collection,1942,https://tile.loc.gov/storage-services/service/vhp/0020/002051/ph0001001i.jpg,Library of Congress,Unknown,virginia,IMAGE
http://www.loc.gov/item/afc2001001.09104/,Thomas J. Verran Collection,1945,https://tile.loc.gov/storage-services/service/vhp/0091/009104/ph0001001i.jpg,Library of Congress,Unknown,korea,IMAGE
http://www.loc.gov/item/afc2001001.09610/,Charles R. Sibert Collection,1942,https://tile.loc.gov/storage-services/service/vhp/0096/009610/ph0001001i.jpg,Library of Congress,Unknown,missouri,IMAGE
http://www.loc.gov/item/afc2001001.00799/,Marion Reh Gurfein Collection,1945,https://tile.loc.gov/storage-services/service/vhp/0007/000799/ph0001001i.jpg,Library of Congress,Unknown,new york,IMAGE
http://www.loc.gov/item/afc2001001.47930/,Joseph Ichiuji Collection,1941,https://tile.loc.gov/storage-services/service/vhp/0479/047930/ph0002001i.jpg,Library of Congress,Unknown,"fort lewis, washington",IMAGE
http://www.loc.gov/item/afc2001001.80414/,Bruce A. Kunkel Collection,1942,https://tile.loc.gov/storage-services/service/vhp/0804/080414/ph0001001i.jpg,Library of Congress,Unknown,california,IMAGE
http://www.loc.gov/item/afc2001001.29955/,Philip B. Piazza Collection,1941,https://tile.loc.gov/storage-services/service/vhp/0299/029955/ph0001001i.jpg,Library of Congress,Unknown,south carolina,IMAGE
http://www.loc.gov/item/afc2001001.01132/,Joe Howard Money Collection,1942,https://tile.loc.gov/storage-services/service/vhp/0011/001132/ph0006001i.jpg,Library of Congress,Unknown,"omaha beach, normandy, france",IMAGE
http://www.loc.gov/item/afc2001001.20002/,Donald L. Seesenguth Collection,1943,https://tile.loc.gov/storage-services/service/vhp/0200/020002/ph0001001i.jpg,Library of Congress,Unknown,european theater,IMAGE
http://www.loc.gov/item/afc2001001.07949/,Donald G. Haffeman Collection,1941,https://tile.loc.gov/storage-services/service/vhp/0079/007949/ph0001001i.jpg,Library of Congress,Unknown,european theater,IMAGE
http://www.loc.gov/item/afc2001001.48354/,William H. Rich Collection,1942,https://tile.loc.gov/image-services/iiif/service:vhp:0483:048354:ph0001001/full/pct:12.5/0/default.jpg,Library of Congress,Unknown,korea,IMAGE
http://www.loc.gov/item/afc2001001.113786/,Ralph Coleman Graham Collection,1940,https://tile.loc.gov/storage-services/service/vhp/1137/113786/ph0001001i.jpg,Library of Congress,Unknown,european theater,IMAGE
http://www.loc.gov/item/afc2001001.97189/,Howard C. Williams Collection,1944,"https://tile.loc.gov/streaming-services/iiif/service:vhp:0971:097189:afc2001001_097189_mv0001001_640x480_800/full/512,/0/300,0/default.jpg",Library of Congress,Unknown,"fort sill, oklahoma",IMAGE
http://www.loc.gov/item/afc2001001.102236/,Theodore Garza Collection,1942,"https://tile.loc.gov/streaming-services/iiif/service:vhp:1022:102236:afc2001001_102236_mv0002001_640x480_800/full/512,/0/300,0/default.jpg",Library of Congress,Unknown,france,IMAGE
http://www.loc.gov/item/2021669314/,Castle of Becon.,1870,https://tile.loc.gov/image-services/iiif/service:gdc:gdcwdl:wd:l_:01:31:1:wdl_01311:icon309866_48/full/pct:6.25/0/default.jpg,Library of Congress,Unknown,paris,IMAGE
http://www.loc.gov/item/2021669339/,Restaurant Défieux (Porte Saint Martin).,1870,https://tile.loc.gov/image-services/iiif/service:gdc:gdcwdl:wd:l_:01:33:6:wdl_01336:icon309865_44/full/pct:6.25/0/default.jpg,Library of Congress,Unknown,paris,IMAGE
http://www.loc.gov/item/afc2001001.10535/,Alvie L. Brewer Collection,1944,https://tile.loc.gov/storage-services/service/vhp/0105/010535/ph0002001i.jpg,Library of Congress,Unknown,"fort sill, oklahoma",IMAGE
http://www.loc.gov/item/afc2001001.93035/,"Warren Wealand, Jr. Collection",1952,"https://tile.loc.gov/streaming-services/iiif/service:vhp:0930:093035:afc2001001_093035_mv0001001_640x480_800/full/512,/0/300,0/default.jpg",Library of Congress,Unknown,"fort leonard wood, missouri",IMAGE
http://www.loc.gov/item/afc2001001.38057/,E. Jeanne O'Hare Collection,2001,https://tile.loc.gov/storage-services/service/vhp/0380/038057/ph0001001i.jpg,Library of Congress,Unknown,"dayton, ohio",IMAGE
http://www.loc.gov/item/afc2001001.119979/,Norman Walter Hansen Collection,1944,https://tile.loc.gov/storage-services/service/vhp/1199/119979/ph0001001i.jpg,Library of Congress,Unknown,wyoming,IMAGE
http://www.loc.gov/item/afc2001001.118091/,Billie Julian Crane Collection,1942,https://tile.loc.gov/storage-services/service/vhp/1180/118091/ph0001001i.jpg,Library of Congress,Unknown,indiana,IMAGE
http://www.loc.gov/item/afc2001001.01476/,Mary Sheldon Gill Collection,1942,https://tile.loc.gov/storage-services/service/vhp/0014/001476/ph0001001i.jpg,Library of Congress,Unknown,"swannanoa, north carolina",IMAGE
http://www.loc.gov/item/afc2001001.03986/,John Raymond Getzel Collection,1944,https://tile.loc.gov/storage-services/service/vhp/0039/003986/ph0001001i.jpg,Library of Congress,Unknown,maryland,IMAGE
http://www.loc.gov/item/afc2001001.38023/,Gale E. Garman Collection,1942,https://tile.loc.gov/storage-services/service/vhp/0380/038023/ph0001001i.jpg,Library of Congress,Unknown,"camp wheeler, georgia",IMAGE
http://www.loc.gov/item/afc2001001.18240/,Violet Clara Cowden Collection,1943,https://tile.loc.gov/storage-services/service/vhp/0182/018240/ph0001001i.jpg,Library of Congress,Unknown,"sweetwater, texas",IMAGE
http://www.loc.gov/item/afc2001001.09214/,William S. Allen Collection,1941,https://tile.loc.gov/storage-services/service/vhp/0092/009214/ph0001001i.jpg,Library of Congress,Unknown,united states,IMAGE
http://www.loc.gov/item/afc2001001.105728/,Anthony William Anfuso Collection,1969,https://tile.loc.gov/storage-services/service/vhp/1057/105728/ph0001001i.jpg,Library of Congress,Unknown,pennsylvania,IMAGE
http://www.loc.gov/item/afc2001001.07578/,Edgar Norman Henry Collection,1941,https://tile.loc.gov/storage-services/service/vhp/0075/007578/ph0002001i.jpg,Library of Congress,Unknown,scotland,IMAGE
http://www.loc.gov/item/afc2001001.32813/,"Lewis Clayton Shaw, Jr. Collection",1940,https://tile.loc.gov/storage-services/service/vhp/0328/032813/ph0001001i.jpg,Library of Congress,Unknown,texas,IMAGE
http://www.loc.gov/item/afc2001001.38455/,Leonard Fred Johnson Collection,1941,https://tile.loc.gov/storage-services/service/vhp/0384/038455/ph0001001i.jpg,Library of Congress,Unknown,north africa,IMAGE
http://www.loc.gov/item/2021669289/,Fallen Vendôme Column.,1870,https://tile.loc.gov/image-services/iiif/service:gdc:gdcwdl:wd:l_:01:28:6:wdl_01286:icon309866_31/full/pct:6.25/0/default.jpg,Library of Congress,Unknown,france,IMAGE
http://www.loc.gov/item/2021669306/,Police Headquarters on the Rue de Jérusalem.,1870,https://tile.loc.gov/image-services/iiif/service:gdc:gdcwdl:wd:l_:01:30:3:wdl_01303:icon309865_33/full/pct:6.25/0/default.jpg,Library of Congress,Unknown,france,IMAGE
http://www.loc.gov/item/2021669329/,Neuilly. Rue du Roule. Rubble in the Street.,1870,https://tile.loc.gov/image-services/iiif/service:gdc:gdcwdl:wd:l_:01:32:6:wdl_01326:icon309866_57/full/pct:6.25/0/default.jpg,Library of Congress,Unknown,france,IMAGE
http://www.loc.gov/item/2021669341/,Théâtre de la Porte Saint Martin and Restaurant Défieux.,1870,https://tile.loc.gov/image-services/iiif/service:gdc:gdcwdl:wd:l_:01:33:8:wdl_01338:icon309865_46/full/pct:6.25/0/default.jpg,Library of Congress,Unknown,france,IMAGE
http://www.loc.gov/item/afc2001001.03798/,Lloyd E. Karch Collection,1942,https://tile.loc.gov/storage-services/service/vhp/0037/003798/ph0001001i.jpg,Library of Congress,Unknown,california,IMAGE
http://www.loc.gov/item/afc2001001.09602/,Howard Catton Gilbert Collection,1943,https://tile.loc.gov/storage-services/service/vhp/0096/009602/ph0001001i.jpg,Library of Congress,Unknown,"calcutta, india",IMAGE
http://www.loc.gov/item/afc2001001.66142/,Laura M. Young Collection,1942,https://tile.loc.gov/storage-services/service/vhp/0661/066142/ph0001001i.jpg,Library of Congress,Unknown,fort brady,IMAGE
http://www.loc.gov/item/afc2001001.03521/,Joseph A. Farinholt Collection,1938,https://tile.loc.gov/storage-services/service/vhp/0035/003521/ph0001001i.jpg,Library of Congress,Unknown,holland,IMAGE
http://www.loc.gov/item/afc2001001.25629/,Stan Wojtusik Collection,1943,https://tile.loc.gov/storage-services/service/vhp/0256/025629/ph0001001i.jpg,Library of Congress,Unknown,united states,IMAGE
http://www.loc.gov/item/afc2001001.117648/,Ernest Marion Wade Collection,1931,https://tile.loc.gov/storage-services/service/vhp/1176/117648/ph0001001i.jpg,Library of Congress,Unknown,philippines,IMAGE
http://www.loc.gov/item/afc2001001.10653/,Glenn Walter Nelson Collection,1942,https://tile.loc.gov/storage-services/service/vhp/0106/010653/ph0002001i.jpg,Library of Congress,Unknown,"sasebo, japan",IMAGE
http://www.loc.gov/item/afc2001001.27986/,Harold Eugene Sander Collection,1938,https://tile.loc.gov/storage-services/service/vhp/0279/027986/ph0001001i.jpg,Library of Congress,Unknown,pacific theater,IMAGE
http://www.loc.gov/item/afc2001001.03100/,Hugh William Ostberg Collection,1944,https://tile.loc.gov/storage-services/service/vhp/0031/003100/ph0001001i.jpg,Library of Congress,Unknown,iowa,IMAGE
http://www.loc.gov/item/afc2001001.01785/,"Everett Wesley Singleton, Sr. Collection",1940,https://tile.loc.gov/storage-services/service/vhp/0017/001785/ph0004001i.jpg,Library of Congress,Unknown,european theater,IMAGE
http://www.loc.gov/item/afc2001001.00450/,"Amory Houghton, Jr. Collection",1944,https://tile.loc.gov/storage-services/service/vhp/0004/000450/ph0001001i.jpg,Library of Congress,Unknown,new york,IMAGE
http://www.loc.gov/item/afc2001001.10180/,Elsie F. Perch Collection,1942,https://tile.loc.gov/storage-services/service/vhp/0101/010180/ph0001001i.jpg,Library of Congress,Unknown,"louisville, kentucky",IMAGE
http://www.loc.gov/item/2021669302/,Rue de Lille.,1870,https://tile.loc.gov/image-services/iiif/service:gdc:gdcwdl:wd:l_:01:29:9:wdl_01299:icon309865_29/full/pct:6.25/0/default.jpg,Library of Congress,Unknown,france,IMAGE
http://www.loc.gov/item/2021669244/,General View of the Ministry of Finance.,1870,https://tile.loc.gov/image-services/iiif/service:gdc:gdcwdl:wd:l_:01:24:1:wdl_01241:icon309865_05/full/pct:6.25/0/default.jpg,Library of Congress,Unknown,france,IMAGE
http://www.loc.gov/item/2021669303/,Rubble on the Rue du Bac.,1870,https://tile.loc.gov/image-services/iiif/service:gdc:gdcwdl:wd:l_:01:30:0:wdl_01300:icon309865_30/full/pct:6.25/0/default.jpg,Library of Congress,Unknown,france,IMAGE
http://www.loc.gov/item/2021669325/,Corner of the Rue Rivoli and Rue Saint-Martin.,1870,https://tile.loc.gov/image-services/iiif/service:gdc:gdcwdl:wd:l_:01:32:2:wdl_01322:icon309865_37/full/pct:6.25/0/default.jpg,Library of Congress,Unknown,france,IMAGE
http://www.loc.gov/item/afc2001001.102288/,Earl Glen Cromwell Collection,1943,https://tile.loc.gov/storage-services/service/vhp/1022/102288/ph0001001i.jpg,Library of Congress,Unknown,"jinamoc island, philippines",IMAGE
http://www.loc.gov/item/afc2001001.02395/,Albert L. Lawson Collection,1943,https://tile.loc.gov/storage-services/service/vhp/0023/002395/ph0001001i.jpg,Library of Congress,Unknown,new york,IMAGE
http://www.loc.gov/item/afc2001001.02409/,Francis W. Flynn Collection,1942,https://tile.loc.gov/storage-services/service/vhp/0024/002409/ph0002001i.jpg,Library of Congress,Unknown,new york,IMAGE
http://www.loc.gov/item/afc2001001.44449/,Felmers O. Chaney Collection,1942,https://tile.loc.gov/storage-services/service/vhp/0444/044449/ph0001001i.jpg,Library of Congress,Unknown,"boston, massachusetts",IMAGE
http://www.loc.gov/item/afc2001001.90449/,Silas Gross Collection,1943,https://tile.loc.gov/storage-services/service/vhp/0904/090449/ph0001001i.jpg,Library of Congress,Unknown,enewetak atoll (marshall islands),IMAGE
http://www.loc.gov/item/afc2001001.00261/,Anne N. Bauer Collection,1942,"https://tile.loc.gov/streaming-services/iiif/service:vhp:0002:000261:afc2001001_000261_mv0001001_640x480_800/full/512,/0/300,0/default.jpg",Library of Congress,Unknown,united states,IMAGE
http://www.loc.gov/item/afc2001001.04377/,Philip Reed Adair Collection,1941,https://tile.loc.gov/storage-services/service/vhp/0043/004377/ph0001001i.jpg,Library of Congress,Unknown,china-burma-india (cbi) theater,IMAGE
http://www.loc.gov/item/2021669743/,"Looking Across Lake Toward Mountains, ""Evening, McDonald Lake, Glacier National Park,"" Montana by Ansel Adams.",1933,https://tile.loc.gov/image-services/iiif/service:gdc:gdcwdl:wd:l_:02:72:2:wdl_02722:14-1331m/full/pct:12.5/0/default.jpg,Library of Congress,Unknown,montana,IMAGE
http://www.loc.gov/item/2021669746/,"Trees with Snow on Branches, ""Half Dome, Apple Orchard, Yosemite,"" California by Ansel Adams.",1933,https://tile.loc.gov/image-services/iiif/service:gdc:gdcwdl:wd:l_:02:72:5:wdl_02725:14-1488m/full/pct:12.5/0/default.jpg,Library of Congress,Unknown,united states of america,IMAGE
http://www.loc.gov/item/2021669299/,"Porte Maillot. The Great Battery from the Left. May 14th, 1871, 5:30 AM, under Fire of Mont Valérien.",1871,https://tile.loc.gov/image-services/iiif/service:gdc:gdcwdl:wd:l_:01:29:6:wdl_01296:icon309866_39/full/pct:6.25/0/default.jpg,Library of Congress,Unknown,france,IMAGE
http://www.loc.gov/item/2021669307/,"Porte Maillot. The Great Battery from the Right. May 14th, 1871, 5:30 AM, under Fire of Mont Valérien.",1871,https://tile.loc.gov/image-services/iiif/service:gdc:gdcwdl:wd:l_:01:30:4:wdl_01304:icon309866_40/full/pct:6.25/0/default.jpg,Library of Congress,Unknown,france,IMAGE
http://www.loc.gov/item/2021669745/,"Taken at Dusk or Dawn from Various Angles During Eruption, ""Old Faithful Geyser, Yellowstone National Park,"" Wyoming (Vertical Orientation) by Ansel Adams.",1933,https://tile.loc.gov/image-services/iiif/service:gdc:gdcwdl:wd:l_:02:72:4:wdl_02724:14-1486m/full/pct:12.5/0/default.jpg,Library of Congress,Unknown,united states of america,IMAGE
http://www.loc.gov/item/afc2001001.108053/,Robert L. Drew Collection,1943,"https://tile.loc.gov/streaming-services/iiif/service:vhp:1080:108053:afc2001001_108053_mv0001001_640x480_800/full/512,/0/300,0/default.jpg",Library of Congress,Unknown,european theater,IMAGE
http://www.loc.gov/item/2021669256/,Library of the Louvre.,1870,https://tile.loc.gov/image-services/iiif/service:gdc:gdcwdl:wd:l_:01:25:3:wdl_01253:icon309865_11/full/pct:6.25/0/default.jpg,Library of Congress,Unknown,france,IMAGE
http://www.loc.gov/item/2021669321/,House and Garden on Avenue de Neuilly.,1870,https://tile.loc.gov/image-services/iiif/service:gdc:gdcwdl:wd:l_:01:31:8:wdl_01318:icon309866_53/full/pct:6.25/0/default.jpg,Library of Congress,Unknown,france,IMAGE
http://www.loc.gov/item/2021669323/,Neuilly. Rue Peyronnet: Rubble in the Streets.,1870,https://tile.loc.gov/image-services/iiif/service:gdc:gdcwdl:wd:l_:01:32:0:wdl_01320:icon309866_54/full/pct:6.25/0/default.jpg,Library of Congress,Unknown,france,IMAGE
http://www.loc.gov/item/2021669326/,Neuilly. Rue Peyronnet. Partial View of the Destruction.,1870,https://tile.loc.gov/image-services/iiif/service:gdc:gdcwdl:wd:l_:01:32:3:wdl_01323:icon309866_56/full/pct:6.25/0/default.jpg,Library of Congress,Unknown,france,IMAGE
http://www.loc.gov/item/2021669330/,Avenue de Neuilly.,1870,https://tile.loc.gov/image-services/iiif/service:gdc:gdcwdl:wd:l_:01:32:7:wdl_01327:icon309866_59/full/pct:6.25/0/default.jpg,Library of Congress,Unknown,france,IMAGE
http://www.loc.gov/item/2021669335/,Hôtel de Ville.,1870,https://tile.loc.gov/image-services/iiif/service:gdc:gdcwdl:wd:l_:01:33:2:wdl_01332:icon309865_40/full/pct:6.25/0/default.jpg,Library of Congress,Unknown,france,IMAGE
http://www.loc.gov/item/2021669357/,Paris. Rue Royale. View from the Steps of the Madeleine.,1870,https://tile.loc.gov/image-services/iiif/service:gdc:gdcwdl:wd:l_:01:36:9:wdl_01369:icon309866_67/full/pct:6.25/0/default.jpg,Library of Congress,Unknown,france,IMAGE
http://www.loc.gov/item/afc2001001.00408/,Robert A. Huttemeyer Collection,1943,https://tile.loc.gov/storage-services/service/vhp/0004/000408/ph0001001i.jpg,Library of Congress,Unknown,"normandy, france",IMAGE
http://www.loc.gov/item/afc2001001.83195/,Wilhelm Johanes Schmidt Collection,1943,https://tile.loc.gov/storage-services/service/vhp/0831/083195/ph0001001i.jpg,Library of Congress,Unknown,texas,IMAGE
http://www.loc.gov/item/afc2001001.06881/,"Ben Franklin Dixon, III Collection",1937,"https://tile.loc.gov/streaming-services/iiif/service:vhp:0068:006881:afc2001001_006881_mv0001001_640x480_800/full/512,/0/300,0/default.jpg",Library of Congress,Unknown,australia,IMAGE
http://www.loc.gov/item/2021669250/,Palais Royal.,1870,https://tile.loc.gov/image-services/iiif/service:gdc:gdcwdl:wd:l_:01:24:7:wdl_01247:icon309865_07/full/pct:6.25/0/default.jpg,Library of Congress,Unknown,france,IMAGE
http://www.loc.gov/item/2021669254/,Tuileries Palace; Garden View.,1870,https://tile.loc.gov/image-services/iiif/service:gdc:gdcwdl:wd:l_:01:25:1:wdl_01251:icon309865_08/full/pct:6.25/0/default.jpg,Library of Congress,Unknown,france,IMAGE
http://www.loc.gov/item/2021669255/,Tuileries Palace; Pavillon de Flore.,1870,https://tile.loc.gov/image-services/iiif/service:gdc:gdcwdl:wd:l_:01:25:2:wdl_01252:icon309865_09/full/pct:6.25/0/default.jpg,Library of Congress,Unknown,france,IMAGE
http://www.loc.gov/item/2021669257/,Tuileries Palace; Clock Pavilion.,1870,https://tile.loc.gov/image-services/iiif/service:gdc:gdcwdl:wd:l_:01:25:4:wdl_01254:icon309865_10/full/pct:6.25/0/default.jpg,Library of Congress,Unknown,france,IMAGE
http://www.loc.gov/item/2021669258/,Tuileries Palace; Stairway Leading to the Pavillon de Flore.,1870,https://tile.loc.gov/image-services/iiif/service:gdc:gdcwdl:wd:l_:01:25:5:wdl_01255:icon309865_15/full/pct:6.25/0/default.jpg,Library of Congress,Unknown,france,IMAGE
http://www.loc.gov/item/2021669261/,"Tuileries Palace; Main Hall, Garden Side.",1870,https://tile.loc.gov/image-services/iiif/service:gdc:gdcwdl:wd:l_:01:25:8:wdl_01258:icon309865_13/full/pct:6.25/0/default.jpg,Library of Congress,Unknown,france,IMAGE
http://www.loc.gov/item/2021669262/,Saint-Cloud.,1870,https://tile.loc.gov/image-services/iiif/service:gdc:gdcwdl:wd:l_:01:25:9:wdl_01259:icon309866_04/full/pct:6.25/0/default.jpg,Library of Congress,Unknown,france,IMAGE
http://www.loc.gov/item/2021669268/,Tuileries Palace: View of the Destroyed Interior.,1870,https://tile.loc.gov/image-services/iiif/service:gdc:gdcwdl:wd:l_:01:26:5:wdl_01265:icon309865_17/full/pct:6.25/0/default.jpg,Library of Congress,Unknown,france,IMAGE
http://www.loc.gov/item/2021669280/,Vendôme Column.,1870,https://tile.loc.gov/image-services/iiif/service:gdc:gdcwdl:wd:l_:01:27:7:wdl_01277:icon309866_25/full/pct:6.25/0/default.jpg,Library of Congress,Unknown,france,IMAGE
http://www.loc.gov/item/2021669310/,Cartridge Factory on Avenue Rapp after the Explosion.,1870,https://tile.loc.gov/image-services/iiif/service:gdc:gdcwdl:wd:l_:01:30:7:wdl_01307:icon309866_43/full/pct:6.25/0/default.jpg,Library of Congress,Unknown,france,IMAGE
http://www.loc.gov/item/2021669327/,Corner of the Rue Rivoli and Rue Saint-Martin.,1870,https://tile.loc.gov/image-services/iiif/service:gdc:gdcwdl:wd:l_:01:32:4:wdl_01324:icon309865_38/full/pct:6.25/0/default.jpg,Library of Congress,Unknown,france,IMAGE
http://www.loc.gov/item/2021669328/,Neuilly. Chalet on the Rue Peyronnet.,1870,https://tile.loc.gov/image-services/iiif/service:gdc:gdcwdl:wd:l_:01:32:5:wdl_01325:icon309866_58/full/pct:6.25/0/default.jpg,Library of Congress,Unknown,france,IMAGE
http://www.loc.gov/item/2021669332/,Bois de Boulogne. Chalet des Lacs.,1870,https://tile.loc.gov/image-services/iiif/service:gdc:gdcwdl:wd:l_:01:32:9:wdl_01329:icon309866_61/full/pct:6.25/0/default.jpg,Library of Congress,Unknown,france,IMAGE
http://www.loc.gov/item/afc2001001.34961/,Charles Walter Magneson Collection,1942,https://tile.loc.gov/storage-services/service/vhp/0349/034961/ph0001001i.jpg,Library of Congress,Unknown,germany,IMAGE
http://www.loc.gov/item/afc2001001.02946/,Walter Morris Collection,1941,https://tile.loc.gov/storage-services/service/vhp/0029/002946/ph0001001i.jpg,Library of Congress,Unknown,"fort bragg, north carolina",IMAGE
http://www.loc.gov/item/afc2001001.27108/,Kiyoshi Patrick Okura Collection,2001,"https://tile.loc.gov/streaming-services/iiif/service:vhp:0271:027108:afc2001001_027108_mv0001001_640x480_800/full/512,/0/300,0/default.jpg",Library of Congress,Unknown,maryland,IMAGE
http://www.loc.gov/item/2021669259/,Courtyard of the Tuileries.,1870,https://tile.loc.gov/image-services/iiif/service:gdc:gdcwdl:wd:l_:01:25:6:wdl_01256:icon309865_12/full/pct:6.25/0/default.jpg,Library of Congress,Unknown,france,IMAGE
http://www.loc.gov/item/2021669260/,Saint-Cloud.,1870,https://tile.loc.gov/image-services/iiif/service:gdc:gdcwdl:wd:l_:01:25:7:wdl_01257:icon309866_03/full/pct:6.25/0/default.jpg,Library of Congress,Unknown,france,IMAGE
http://www.loc.gov/item/2021669285/,Palace of the Legion of Honor: View of a Section of the Front of the Building.,1870,https://tile.loc.gov/image-services/iiif/service:gdc:gdcwdl:wd:l_:01:28:2:wdl_01282:icon309865_22/full/pct:6.25/0/default.jpg,Library of Congress,Unknown,france,IMAGE
http://www.loc.gov/item/2021669286/,Palace of the Legion of Honor: Side View.,1870,https://tile.loc.gov/image-services/iiif/service:gdc:gdcwdl:wd:l_:01:28:3:wdl_01283:icon309865_23/full/pct:6.25/0/default.jpg,Library of Congress,Unknown,france,IMAGE
http://www.loc.gov/item/2021669305/,Palais de Justice. Court of Cassation.,1870,https://tile.loc.gov/image-services/iiif/service:gdc:gdcwdl:wd:l_:01:30:2:wdl_01302:icon309865_32/full/pct:6.25/0/default.jpg,Library of Congress,Unknown,france,IMAGE
http://www.loc.gov/item/2021669319/,Palais de Justice.,1870,https://tile.loc.gov/image-services/iiif/service:gdc:gdcwdl:wd:l_:01:31:6:wdl_01316:icon309865_35/full/pct:6.25/0/default.jpg,Library of Congress,Unknown,france,IMAGE
http://www.loc.gov/item/2021669331/,Neuilly. Rue Peyronnet.,1870,https://tile.loc.gov/image-services/iiif/service:gdc:gdcwdl:wd:l_:01:32:8:wdl_01328:icon309866_60/full/pct:6.25/0/default.jpg,Library of Congress,Unknown,france,IMAGE
http://www.loc.gov/item/2021669294/,Court of Auditors.,1870,https://tile.loc.gov/image-services/iiif/service:gdc:gdcwdl:wd:l_:01:29:1:wdl_01291:icon309865_24/full/pct:6.25/0/default.jpg,Library of Congress,Unknown,france,IMAGE
http://www.loc.gov/item/afc2001001.30174/,Robert Sidney Collection,1942,https://tile.loc.gov/storage-services/service/vhp/0301/030174/ph0001001i.jpg,Library of Congress,Unknown,california,IMAGE
http://www.loc.gov/item/afc2001001.94040/,William Edmund Lentsch Collection,1940,https://tile.loc.gov/storage-services/service/vhp/0940/094040/ph0001001i.jpg,Library of Congress,Unknown,south pacific,IMAGE
http://www.loc.gov/item/afc2001001.81897/,John Peter Otten Collection,1943,https://tile.loc.gov/storage-services/service/vhp/0818/081897/ph0001001i.jpg,Library of Congress,Unknown,"harvard, nebraska",IMAGE
http://www.loc.gov/item/2021669309/,Cartridge Factory on Avenue Rapp after the Explosion.,1870,https://tile.loc.gov/image-services/iiif/service:gdc:gdcwdl:wd:l_:01:30:6:wdl_01306:icon309866_42/full/pct:6.25/0/default.jpg,Library of Congress,Unknown,france,IMAGE
http://www.loc.gov/item/2021669322/,Palais de Justice: The Great Hall and Clock Tower.,1870,https://tile.loc.gov/image-services/iiif/service:gdc:gdcwdl:wd:l_:01:31:9:wdl_01319:icon309865_36/full/pct:6.25/0/default.jpg,Library of Congress,Unknown,france,IMAGE
http://www.loc.gov/item/2021669345/,Rapp Cartridge Factory After the Explosion: Avenue Rapp.,1870,https://tile.loc.gov/image-services/iiif/service:gdc:gdcwdl:wd:l_:01:35:7:wdl_01357:icon309866_44/full/pct:6.25/0/default.jpg,Library of Congress,Unknown,france,IMAGE
http://www.loc.gov/item/afc2001001.27702/,John Patrick Stone Collection,1939,"https://tile.loc.gov/streaming-services/iiif/service:vhp:0277:027702:afc2001001_027702_mv0001001_640x480_800/full/512,/0/300,0/default.jpg",Library of Congress,Unknown,"new river, north carolina",IMAGE
http://www.loc.gov/item/afc2001001.24529/,"James Bushfield Robinson, III Collection",1944,https://tile.loc.gov/storage-services/service/vhp/0245/024529/ph0001001i.jpg,Library of Congress,Unknown,"fort bliss, texas",IMAGE
http://www.loc.gov/item/afc2001001.52685/,Edward Dale Green Collection,1942,https://tile.loc.gov/storage-services/service/vhp/0526/052685/ph0001001i.jpg,Library of Congress,Unknown,pacific theater,IMAGE
http://www.loc.gov/item/2021669935/,All-American Girls Professional Baseball League Player Marg Callaghan Sliding into Home Plate as Umpire Norris Ward Watches.,1948,https://tile.loc.gov/image-services/iiif/service:gdc:gdcwdl:wd:l_:04:02:5:wdl_04025:c009833_marg_callaghan_sliding_into_home_plate/full/pct:6.25/0/default.jpg,Library of Congress,Unknown,opa-locka,IMAGE
http://www.loc.gov/item/afc2001001.02005/,Howard F. Schapiro Collection,1942,https://tile.loc.gov/storage-services/service/vhp/0020/002005/ph0001001i.jpg,Library of Congress,Unknown,united states,IMAGE
http://www.loc.gov/item/2021669282/,"Palace of the Legion of Honor, Inner Courtyard.",1870,https://tile.loc.gov/image-services/iiif/service:gdc:gdcwdl:wd:l_:01:27:9:wdl_01279:icon309865_21/full/pct:6.25/0/default.jpg,Library of Congress,Unknown,france,IMAGE
http://www.loc.gov/item/2021669290/,Statue of Napoleon I after the Fall of the Vendôme Column.,1870,https://tile.loc.gov/image-services/iiif/service:gdc:gdcwdl:wd:l_:01:28:7:wdl_01287:icon309866_32/full/pct:6.25/0/default.jpg,Library of Congress,Unknown,france,IMAGE
http://www.loc.gov/item/2021669301/,"Rue du Bac, at the Corner of the Rue de Lille.",1870,https://tile.loc.gov/image-services/iiif/service:gdc:gdcwdl:wd:l_:01:29:8:wdl_01298:icon309865_27/full/pct:6.25/0/default.jpg,Library of Congress,Unknown,france,IMAGE
http://www.loc.gov/item/2021669312/,Last House on the Avenue de Neuilly.,1870,https://tile.loc.gov/image-services/iiif/service:gdc:gdcwdl:wd:l_:01:30:9:wdl_01309:icon309866_46/full/pct:6.25/0/default.jpg,Library of Congress,Unknown,france,IMAGE
http://www.loc.gov/item/2021669316/,View from the Terrace of the Castle of Becon.,1870,https://tile.loc.gov/image-services/iiif/service:gdc:gdcwdl:wd:l_:01:31:3:wdl_01313:icon309866_49/full/pct:6.25/0/default.jpg,Library of Congress,Unknown,france,IMAGE
http://www.loc.gov/item/2021669334/,Rue du Bac.,1870,https://tile.loc.gov/image-services/iiif/service:gdc:gdcwdl:wd:l_:01:33:1:wdl_01331:icon309865_28/full/pct:6.25/0/default.jpg,Library of Congress,Unknown,france,IMAGE
http://www.loc.gov/item/2021669967/,Palace of the Legion of Honor.,1870,https://tile.loc.gov/image-services/iiif/service:gdc:gdcwdl:wd:l_:07:04:6:wdl_07046:icon309865_20/full/pct:6.25/0/default.jpg,Library of Congress,Unknown,france,IMAGE
http://www.loc.gov/item/afc2001001.38815/,Alexander Jefferson Collection,1948,"https://tile.loc.gov/streaming-services/iiif/service:vhp:0388:038815:afc2001001_038815_mv0001001_640x480_800/full/512,/0/300,0/default.jpg",Library of Congress,Unknown,united states,IMAGE
http://www.loc.gov/item/afc2001001.06048/,Thomas T. Moore Collection,1943,https://tile.loc.gov/storage-services/service/vhp/0060/006048/ph0001001i.jpg,Library of Congress,Unknown,japan,IMAGE
http://www.loc.gov/item/afc2001001.10685/,Grant Hayao Ichikawa Collection,1942,https://tile.loc.gov/storage-services/service/vhp/0106/010685/ph0001001i.jpg,Library of Congress,Unknown,"brisbane, australia",IMAGE
http://www.loc.gov/item/afc2001001.00028/,Isabelle V. Cook Collection,1942,https://tile.loc.gov/storage-services/service/vhp/0000/000028/ph0001001i.jpg,Library of Congress,Unknown,north africa,IMAGE
http://www.loc.gov/item/afc2001001.04972/,Grover H. Bradley Collection,1943,https://tile.loc.gov/storage-services/service/vhp/0049/004972/ph0001001i.jpg,Library of Congress,Unknown,"fort bragg, north carolina",IMAGE
http://www.loc.gov/item/2021669245/,Château de Saint-Cloud: Southeastern Pavilion. View from the Main Lounge.,1870,https://tile.loc.gov/image-services/iiif/service:gdc:gdcwdl:wd:l_:01:24:2:wdl_01242:icon309866_07/full/pct:6.25/0/default.jpg,Library of Congress,Unknown,france,IMAGE
http://www.loc.gov/item/2021669246/,Château de Saint-Cloud: Main Southern Stairway.,1870,https://tile.loc.gov/image-services/iiif/service:gdc:gdcwdl:wd:l_:01:24:3:wdl_01243:icon309866_08/full/pct:6.25/0/default.jpg,Library of Congress,Unknown,france,IMAGE
http://www.loc.gov/item/2021669265/,Château de Saint-Cloud: Northeastern Pavilion.,1870,https://tile.loc.gov/image-services/iiif/service:gdc:gdcwdl:wd:l_:01:26:2:wdl_01262:icon309866_06/full/pct:6.25/0/default.jpg,Library of Congress,Unknown,france,IMAGE
http://www.loc.gov/item/afc2001001.76949/,Martin Louis Padalino Collection,1943,https://tile.loc.gov/storage-services/service/vhp/0769/076949/ph0001001i.jpg,Library of Congress,Unknown,"sioux falls, south dakota",IMAGE
http://www.loc.gov/item/2021669295/,Partial View of the Hôtel Thiers.,1870,https://tile.loc.gov/image-services/iiif/service:gdc:gdcwdl:wd:l_:01:29:2:wdl_01292:icon309866_36/full/pct:6.25/0/default.jpg,Library of Congress,Unknown,france,IMAGE
http://www.loc.gov/item/2021669333/,Barricades on the Quai Pelletier and on the Pont d'Arcole (Hôtel de Ville).,1870,https://tile.loc.gov/image-services/iiif/service:gdc:gdcwdl:wd:l_:01:33:0:wdl_01330:icon309865_39/full/pct:6.25/0/default.jpg,Library of Congress,Unknown,france,IMAGE
http://www.loc.gov/item/afc2001001.20698/,Robert Franklin Dunning Collection,1941,https://tile.loc.gov/storage-services/service/vhp/0206/020698/ph0001001i.jpg,Library of Congress,Unknown,"camp edwards, massachusetts",IMAGE
http://www.loc.gov/item/afc2001001.18443/,Eva Romero Jacques Collection,1943,https://tile.loc.gov/storage-services/service/vhp/0184/018443/ph0001001i.jpg,Library of Congress,Unknown,california,IMAGE
http://www.loc.gov/item/afc2001001.102929/,John J. MacDade Collection,1942,https://tile.loc.gov/storage-services/service/vhp/1029/102929/ph0001001i.jpg,Library of Congress,Unknown,colorado,IMAGE
http://www.loc.gov/item/afc2001001.30990/,Thomas Montgomery Sherman Collection,1942,https://tile.loc.gov/storage-services/service/vhp/0309/030990/ph0001001i.jpg,Library of Congress,Unknown,africa,IMAGE
http://www.loc.gov/item/2021669318/,Asnières. Pontoon Bridge.,1870,https://tile.loc.gov/image-services/iiif/service:gdc:gdcwdl:wd:l_:01:31:5:wdl_01315:icon309866_51/full/pct:6.25/0/default.jpg,Library of Congress,Unknown,france,IMAGE
http://www.loc.gov/item/2021669248/,Parc de Saint-Cloud: Bathing Pavilion and Armored Crossing of the Prussians.,1870,https://tile.loc.gov/image-services/iiif/service:gdc:gdcwdl:wd:l_:01:24:5:wdl_01245:icon309866_10/full/pct:6.25/0/default.jpg,Library of Congress,Unknown,france,IMAGE
http://www.loc.gov/item/2021669288/,"Place Vendôme. The First Red Flag, after the Fall of the Column.",1870,https://tile.loc.gov/image-services/iiif/service:gdc:gdcwdl:wd:l_:01:28:5:wdl_01285:icon309866_30/full/pct:6.25/0/default.jpg,Library of Congress,Unknown,france,IMAGE
http://www.loc.gov/item/2021669296/,Main View of the Hôtel Thiers.,1870,https://tile.loc.gov/image-services/iiif/service:gdc:gdcwdl:wd:l_:01:29:3:wdl_01293:icon309866_37/full/pct:6.25/0/default.jpg,Library of Congress,Unknown,france,IMAGE
http://www.loc.gov/item/2021669263/,Château de Saint-Cloud; Western Side.,1870,https://tile.loc.gov/image-services/iiif/service:gdc:gdcwdl:wd:l_:01:26:0:wdl_01260:icon309866_05/full/pct:6.25/0/default.jpg,Library of Congress,Unknown,france,IMAGE
http://www.loc.gov/item/2021669287/,Place Vendôme. The Felling of the Column. Final Measures.,1870,https://tile.loc.gov/image-services/iiif/service:gdc:gdcwdl:wd:l_:01:28:4:wdl_01284:icon309866_29/full/pct:6.25/0/default.jpg,Library of Congress,Unknown,france,IMAGE
http://www.loc.gov/item/2021669315/,The Palais de Justice and Sainte-Chapelle.,1870,https://tile.loc.gov/image-services/iiif/service:gdc:gdcwdl:wd:l_:01:31:2:wdl_01312:icon309865_34/full/pct:6.25/0/default.jpg,Library of Congress,Unknown,france,IMAGE
http://www.loc.gov/item/afc2001001.25502/,Stanley Arnold Goldstein Collection,1940,https://tile.loc.gov/storage-services/service/vhp/0255/025502/ph0001001i.jpg,Library of Congress,Unknown,pacific theater,IMAGE
http://www.loc.gov/item/2021669320/,Neuilly. Rue du Roule. Partial View of Destruction in the Streets.,1870,https://tile.loc.gov/image-services/iiif/service:gdc:gdcwdl:wd:l_:01:31:7:wdl_01317:icon309866_52/full/pct:6.25/0/default.jpg,Library of Congress,Unknown,france,IMAGE
http://www.loc.gov/item/2021669270/,Rue Rivoli; Corner of Place Saint-Germain-l'Auxerrois.,1870,https://tile.loc.gov/image-services/iiif/service:gdc:gdcwdl:wd:l_:01:26:7:wdl_01267:icon309865_19/full/pct:6.25/0/default.jpg,Library of Congress,Unknown,france,IMAGE
http://www.loc.gov/item/2021669249/,Battery of the Montmartre Hills.,1870,https://tile.loc.gov/image-services/iiif/service:gdc:gdcwdl:wd:l_:01:24:6:wdl_01246:icon309866_11/full/pct:6.25/0/default.jpg,Library of Congress,Unknown,france,IMAGE
http://www.loc.gov/item/afc2001001.84110/,"Philip Ralph Michaud, Sr. Collection",1944,"https://tile.loc.gov/streaming-services/iiif/service:vhp:0841:084110:afc2001001_084110_mv0001001_640x480_800/full/512,/0/300,0/default.jpg",Library of Congress,Unknown,"davisville, rhode island",IMAGE
http://www.loc.gov/item/afc2001001.96043/,Arnold M. Bucksbaum Collection,1944,"https://tile.loc.gov/streaming-services/iiif/service:vhp:0960:096043:afc2001001_096043_mv0001001_640x480_800/full/512,/0/300,0/default.jpg",Library of Congress,Unknown,iowa,IMAGE
http://www.loc.gov/item/2021669968/,The Siege of Paris: Historical Album of the Woes of France.,1870,https://tile.loc.gov/image-services/iiif/service:gdc:gdcwdl:wd:l_:07:08:6_:00:1:wdl_07086_001:icon309865_14/full/pct:3.125/0/default.jpg,Library of Congress,Unknown,paris,IMAGE
http://www.loc.gov/item/afc2001001.04299/,George Willis Collection,1943,https://tile.loc.gov/storage-services/service/vhp/0042/004299/ph0001001i.jpg,Library of Congress,Unknown,"glasgow, scotland",IMAGE
http://www.loc.gov/item/2021669284/,Place Vendôme. Preparations for the Column Felling.,1870,https://tile.loc.gov/image-services/iiif/service:gdc:gdcwdl:wd:l_:01:28:1:wdl_01281:icon309866_28/full/pct:6.25/0/default.jpg,Library of Congress,Unknown,france,IMAGE
http://www.loc.gov/item/afc2001001.21125/,Henry C. Jimenez Collection,1942,https://tile.loc.gov/storage-services/service/vhp/0211/021125/ph0001001i.jpg,Library of Congress,Unknown,england,IMAGE
http://www.loc.gov/item/2021669275/,Place Vendôme.,1870,https://tile.loc.gov/image-services/iiif/service:gdc:gdcwdl:wd:l_:01:27:2:wdl_01272:icon309866_20/full/pct:6.25/0/default.jpg,Library of Congress,Unknown,france,IMAGE
http://www.loc.gov/item/2021669313/,Progress on the Porte Maillot.,1870,https://tile.loc.gov/image-services/iiif/service:gdc:gdcwdl:wd:l_:01:31:0:wdl_01310:icon309866_47/full/pct:6.25/0/default.jpg,Library of Congress,Unknown,france,IMAGE
http://www.loc.gov/item/afc2001001.27075/,John A. Herzig Collection,1940,"https://tile.loc.gov/streaming-services/iiif/service:vhp:0270:027075:afc2001001_027075_mv0001001_640x480_800/full/512,/0/300,0/default.jpg",Library of Congress,Unknown,dutch east indies,IMAGE
http://www.loc.gov/item/afc2001001.10596/,Ralph Albertazzie Collection,1943,https://tile.loc.gov/storage-services/service/vhp/0105/010596/ph0001001i.jpg,Library of Congress,Unknown,georgia,IMAGE
http://www.loc.gov/item/2021669937/,Midwinter Crowd at Miami Beach.,1948,https://tile.loc.gov/image-services/iiif/service:gdc:gdcwdl:wd:l_:04:02:7:wdl_04027:c008790_midwinter_crowd_on_beach/full/pct:3.125/0/default.jpg,Library of Congress,Unknown,miami beach,IMAGE
http://www.loc.gov/item/afc2001001.26629/,Stanford R. Inman Collection,1943,"https://tile.loc.gov/streaming-services/iiif/service:vhp:0266:026629:afc2001001_026629_mv0001001_640x480_800/full/512,/0/300,0/default.jpg",Library of Congress,Unknown,kwajalein island (marshall islands),IMAGE
http://www.loc.gov/item/2021669267/,Barricade in the Rue Castiglione.,1870,https://tile.loc.gov/image-services/iiif/service:gdc:gdcwdl:wd:l_:01:26:4:wdl_01264:icon309866_15/full/pct:6.25/0/default.jpg,Library of Congress,Unknown,france,IMAGE
http://www.loc.gov/item/2021669271/,Commander of the Place Vendôme under the Commune.,1870,https://tile.loc.gov/image-services/iiif/service:gdc:gdcwdl:wd:l_:01:26:8:wdl_01268:icon309866_17/full/pct:6.25/0/default.jpg,Library of Congress,Unknown,france,IMAGE
http://www.loc.gov/item/2021669279/,Place Vendôme (Group of Federated Soldiers near the Column).,1870,https://tile.loc.gov/image-services/iiif/service:gdc:gdcwdl:wd:l_:01:27:6:wdl_01276:icon309866_24/full/pct:6.25/0/default.jpg,Library of Congress,Unknown,france,IMAGE
http://www.loc.gov/item/afc2001001.24890/,Charles Jesse Phillips Collection,1943,https://tile.loc.gov/storage-services/service/vhp/0248/024890/ph0001001i.jpg,Library of Congress,Unknown,baltic sea,IMAGE
http://www.loc.gov/item/2021669273/,Place Vendôme and the Barricade in the Rue de la Paix.,1870,https://tile.loc.gov/image-services/iiif/service:gdc:gdcwdl:wd:l_:01:27:0:wdl_01270:icon309866_18/full/pct:6.25/0/default.jpg,Library of Congress,Unknown,france,IMAGE
http://www.loc.gov/item/afc2001001.73465/,"Woodrow Joseph Bergeron, Jr. Collection",1967,https://tile.loc.gov/storage-services/service/vhp/0734/073465/ph0001001i.jpg,Library of Congress,Unknown,"reese air force base, lubbock, tx",IMAGE
http://www.loc.gov/item/afc2001001.02533/,Earl Harvey Morris Collection,1943,https://tile.loc.gov/storage-services/service/vhp/0025/002533/ph0001001i.jpg,Library of Congress,Unknown,"tokyo bay, japan",IMAGE
http://www.loc.gov/item/afc2001001.06422/,Edward A. Wilen Collection,1942,https://tile.loc.gov/storage-services/service/vhp/0064/006422/ph0001001i.jpg,Library of Congress,Unknown,united states,IMAGE
http://www.loc.gov/item/2021669251/,Rue des Rosiers: Montmartre Hills.,1870,https://tile.loc.gov/image-services/iiif/service:gdc:gdcwdl:wd:l_:01:24:8:wdl_01248:icon309866_12/full/pct:6.25/0/default.jpg,Library of Congress,Unknown,france,IMAGE
http://www.loc.gov/item/2021669253/,Barricade in the Rue de Rivoli and Rue Saint-Florentin.,1870,https://tile.loc.gov/image-services/iiif/service:gdc:gdcwdl:wd:l_:01:25:0:wdl_01250:icon309866_14/full/pct:6.25/0/default.jpg,Library of Congress,Unknown,france,IMAGE
http://www.loc.gov/item/2021669269/,Town Hall of the 1st Arrondissement; Place Saint-Germain-l'Auxerrois.,1870,https://tile.loc.gov/image-services/iiif/service:gdc:gdcwdl:wd:l_:01:26:6:wdl_01266:icon309865_18/full/pct:6.25/0/default.jpg,Library of Congress,Unknown,france,IMAGE
http://www.loc.gov/item/2021669272/,"General Staff of the Place Vendôme, under the Commune.",1870,https://tile.loc.gov/image-services/iiif/service:gdc:gdcwdl:wd:l_:01:26:9:wdl_01269:icon309866_16/full/pct:6.25/0/default.jpg,Library of Congress,Unknown,france,IMAGE
http://www.loc.gov/item/2021669274/,Barricade in the Rue de la Paix (Place Vendôme).,1870,https://tile.loc.gov/image-services/iiif/service:gdc:gdcwdl:wd:l_:01:27:1:wdl_01271:icon309866_19/full/pct:6.25/0/default.jpg,Library of Congress,Unknown,france,IMAGE
http://www.loc.gov/item/2021669277/,Place Vendôme (Group of Federated Soldiers near the Barricade in the Rue Castiglione).,1870,https://tile.loc.gov/image-services/iiif/service:gdc:gdcwdl:wd:l_:01:27:4:wdl_01274:icon309866_22/full/pct:6.25/0/default.jpg,Library of Congress,Unknown,france,IMAGE
http://www.loc.gov/item/2021669291/,Place Vendôme; the Left Side of the Barricade in the Rue Castiglione.,1870,https://tile.loc.gov/image-services/iiif/service:gdc:gdcwdl:wd:l_:01:28:8:wdl_01288:icon309866_33/full/pct:6.25/0/default.jpg,Library of Congress,Unknown,france,IMAGE
http://www.loc.gov/item/2021669292/,Place Vendôme; the Right Side of the Barricade in the Rue Castiglione.,1870,https://tile.loc.gov/image-services/iiif/service:gdc:gdcwdl:wd:l_:01:28:9:wdl_01289:icon309866_34/full/pct:6.25/0/default.jpg,Library of Congress,Unknown,france,IMAGE
http://www.loc.gov/item/afc2001001.47769/,Edith Georgianna Wells Collection,1942,https://tile.loc.gov/storage-services/service/vhp/0477/047769/ph0001001i.jpg,Library of Congress,Unknown,european theater,IMAGE
http://www.loc.gov/item/afc2001001.80711/,Donald M. Watson Collection,1942,https://tile.loc.gov/storage-services/service/vhp/0807/080711/ph0001001i.jpg,Library of Congress,Unknown,pennsylvania,IMAGE
http://www.loc.gov/item/afc2001001.64495/,Rubin Abrams Collection,1942,"https://tile.loc.gov/streaming-services/iiif/service:vhp:0644:064495:afc2001001_064495_mv0001001_640x480_800/full/512,/0/300,0/default.jpg",Library of Congress,Unknown,maryland,IMAGE
http://www.loc.gov/item/2021669276/,Place Vendôme; Barricade in the Rue Castiglione.,1870,https://tile.loc.gov/image-services/iiif/service:gdc:gdcwdl:wd:l_:01:27:3:wdl_01273:icon309866_21/full/pct:6.25/0/default.jpg,Library of Congress,Unknown,france,IMAGE
http://www.loc.gov/item/afc2001001.29917/,John Mell Herring Collection,1942,"https://tile.loc.gov/streaming-services/iiif/service:vhp:0299:029917:afc2001001_029917_mv0001001_640x480_800/full/512,/0/300,0/default.jpg",Library of Congress,Unknown,arkansas,IMAGE
http://www.loc.gov/item/afc2001001.26526/,Lowry Haskell Powell Collection,1942,https://tile.loc.gov/storage-services/service/vhp/0265/026526/ph0001001i.jpg,Library of Congress,Unknown,"fort mcclellan, alabama",IMAGE
http://www.loc.gov/item/afc2001001.00447/,Dorothy Cutts Collection,1942,https://tile.loc.gov/storage-services/service/vhp/0004/000447/ph0001001i.jpg,Library of Congress,Unknown,"fort des moines, iowa",IMAGE
http://www.loc.gov/item/2021669311/,Pont de Neuilly and Avenue de Courbevoie.,1870,https://tile.loc.gov/image-services/iiif/service:gdc:gdcwdl:wd:l_:01:30:8:wdl_01308:icon309866_45/full/pct:6.25/0/default.jpg,Library of Congress,Unknown,france,IMAGE
http://www.loc.gov/item/afc2001001.79739/,Daniel William Crowley Collection,1940,https://tile.loc.gov/storage-services/service/vhp/0797/079739/ph0001001i.jpg,Library of Congress,Unknown,united states,IMAGE
http://www.loc.gov/item/2021669278/,"Place Vendôme, Ministry of Justice Courtyard. (Supper Time).",1870,https://tile.loc.gov/image-services/iiif/service:gdc:gdcwdl:wd:l_:01:27:5:wdl_01275:icon309866_23/full/pct:6.25/0/default.jpg,Library of Congress,Unknown,france,IMAGE
http://www.loc.gov/item/2021669281/,Vendôme Column and Felling Machinery.,1870,https://tile.loc.gov/image-services/iiif/service:gdc:gdcwdl:wd:l_:01:27:8:wdl_01278:icon309866_26/full/pct:6.25/0/default.jpg,Library of Congress,Unknown,france,IMAGE
http://www.loc.gov/item/2021669293/,Place Vendôme; the Right Side of the Barricade in the Rue de la Paix.,1870,https://tile.loc.gov/image-services/iiif/service:gdc:gdcwdl:wd:l_:01:29:0:wdl_01290:icon309866_35/full/pct:6.25/0/default.jpg,Library of Congress,Unknown,france,IMAGE
http://www.loc.gov/item/afc2001001.102163/,Donald D. Fida Collection,1942,https://tile.loc.gov/storage-services/service/vhp/1021/102163/ph0001001i.jpg,Library of Congress,Unknown,new york,IMAGE
http://www.loc.gov/item/afc2001001.26808/,Joe Stuart Collection,1943,https://tile.loc.gov/storage-services/service/vhp/0268/026808/ph0001001i.jpg,Library of Congress,Unknown,"camp lejeune, north carolina",IMAGE
http://www.loc.gov/item/afc2001001.01765/,Donald Patrick Finn Collection,1939,https://tile.loc.gov/storage-services/service/vhp/0017/001765/ph0002001i.jpg,Library of Congress,Unknown,"ford island, pearl harbor, hawaii",IMAGE
http://www.loc.gov/item/afc2001001.06062/,Norman Lee Brown Collection,1943,https://tile.loc.gov/storage-services/service/vhp/0060/006062/ph0007001i.jpg,Library of Congress,Unknown,tarawa atoll (gilbert islands),IMAGE
http://www.loc.gov/item/2021669283/,Place Vendôme; General Staff Officers Supervising Felling Measures of the Column.,1870,https://tile.loc.gov/image-services/iiif/service:gdc:gdcwdl:wd:l_:01:28:0:wdl_01280:icon309866_27/full/pct:6.25/0/default.jpg,Library of Congress,Unknown,paris,IMAGE
http://www.loc.gov/item/afc2001001.05365/,Anna Marie Hulick Collection,1943,https://tile.loc.gov/storage-services/service/vhp/0053/005365/ph0008001i.jpg,Library of Congress,Unknown,leyte island (philippines),IMAGE
http://www.loc.gov/item/afc2001001.24214/,Bernard Joe Kramer Collection,1944,https://tile.loc.gov/storage-services/service/vhp/0242/024214/ph0001001i.jpg,Library of Congress,Unknown,"fort leonard wood, missouri",IMAGE
http://www.loc.gov/item/afc2001001.23937/,William A. Bonsall Collection,1942,https://tile.loc.gov/storage-services/service/vhp/0239/023937/ph0001001i.jpg,Library of Congress,Unknown,poland,IMAGE
http://www.loc.gov/item/afc2001001.28340/,Norman Earl Henderson Collection,1943,"https://tile.loc.gov/streaming-services/iiif/service:vhp:0283:028340:afc2001001_028340_mv0001001_640x480_800/full/512,/0/300,0/default.jpg",Library of Congress,Unknown,atlantic ocean,IMAGE
http://www.loc.gov/item/afc2001001.18519/,William Ray Abell Collection,1943,https://tile.loc.gov/storage-services/service/vhp/0185/018519/ph0001001i.jpg,Library of Congress,Unknown,france,IMAGE
http://www.loc.gov/item/12000396/,Reminiscences of an army nurse during the civil war,1911,https://tile.loc.gov/image-services/iiif/public:gdcmassbookdig:reminiscencesofa00smit:reminiscencesofa00smit_0009/full/pct:12.5/0/default.jpg,Library of Congress,Unknown,united states,IMAGE
http://www.loc.gov/item/afc2001001.113823/,Donald Ray Shearer Collection,1945,https://tile.loc.gov/storage-services/service/vhp/1138/113823/ph0001001i.jpg,Library of Congress,Unknown,france,IMAGE
http://www.loc.gov/item/afc2001001.10504/,F. Rosalind Sellmer Collection,1942,https://tile.loc.gov/storage-services/service/vhp/0105/010504/ph0022001i.jpg,Library of Congress,Unknown,"baton rouge, louisiana",IMAGE
http://www.loc.gov/item/2021669252/,Place de la Concorde: Barricade in the Rue de Rivoli and Rue Saint-Florentin.,1870,https://tile.loc.gov/image-services/iiif/service:gdc:gdcwdl:wd:l_:01:24:9:wdl_01249:icon309866_13/full/pct:6.25/0/default.jpg,Library of Congress,Unknown,paris,IMAGE
http://www.loc.gov/item/afc2001001.79737/,Benjamin D. Cooper Collection,1942,https://tile.loc.gov/storage-services/service/vhp/0797/079737/ph0001001i.jpg,Library of Congress,Unknown,connecticut,IMAGE
http://www.loc.gov/item/afc2001001.00094/,Rafael D. Hirtz Collection,1940,https://tile.loc.gov/storage-services/service/vhp/0000/000094/ph0001001i.jpg,Library of Congress,Unknown,european theater,IMAGE
http://www.loc.gov/item/afc2001001.38315/,Judson Benton Baker Collection,1943,https://tile.loc.gov/storage-services/service/vhp/0383/038315/ph0001001i.jpg,Library of Congress,Unknown,"camp hale, colorado",IMAGE
http://www.loc.gov/item/afc2001001.44446/,Roy Daniel Bailey Collection,1944,https://tile.loc.gov/storage-services/service/vhp/0444/044446/ph0001001i.jpg,Library of Congress,Unknown,"fort benning, georgia",IMAGE
http://www.loc.gov/item/afc2001001.86910/,"Harry Walker Zimmerman, Jr. Collection",1943,https://tile.loc.gov/storage-services/service/vhp/0869/086910/ph0001001i.jpg,Library of Congress,Unknown,"normandy, france",IMAGE
http://www.loc.gov/item/afc2001001.48464/,George E. Mazeika Collection,1943,https://tile.loc.gov/storage-services/service/vhp/0484/048464/ph0001001i.jpg,Library of Congress,Unknown,france,IMAGE
http://www.loc.gov/item/afc2001001.12724/,Arthur Lorelli Collection,1943,https://tile.loc.gov/storage-services/service/vhp/0127/012724/ph0001001i.jpg,Library of Congress,Unknown,leyte island (philippines),IMAGE
http://www.loc.gov/item/afc2001001.24079/,William D. Vinson Collection,1943,"https://tile.loc.gov/streaming-services/iiif/service:vhp:0240:024079:afc2001001_024079_mv0001001_640x480_800/full/512,/0/300,0/default.jpg",Library of Congress,Unknown,"south bend, indiana",IMAGE
http://www.loc.gov/item/afc2001001.12382/,George Bowman Scott Collection,1941,https://tile.loc.gov/image-services/iiif/service:vhp:0123:012382:ph0001001/full/pct:50/0/default.jpg,Library of Congress,Unknown,formosa,IMAGE
http://www.loc.gov/item/afc2001001.00136/,Edward Edmond Roy Collection,1943,https://tile.loc.gov/storage-services/service/vhp/0001/000136/ph0001001i.jpg,Library of Congress,Unknown,wyoming,IMAGE
http://www.loc.gov/item/afc2001001.05868/,Howard C. McDonald Collection,1940,https://tile.loc.gov/storage-services/service/vhp/0058/005868/ph0001001i.jpg,Library of Congress,Unknown,"savannah, georgia",IMAGE
http://www.loc.gov/item/afc2001001.79236/,"Homer Charles Doty, Jr. Collection",1944,"https://tile.loc.gov/streaming-services/iiif/service:vhp:0792:079236:afc2001001_079236_mv0001001_640x480_800/full/512,/0/300,0/default.jpg",Library of Congress,Unknown,louisiana,IMAGE
http://www.loc.gov/item/afc2001001.09168/,Nelson Lee Prince Collection,1944,https://tile.loc.gov/storage-services/service/vhp/0091/009168/ph0001001i.jpg,Library of Congress,Unknown,"camp lejeune, north carolina",IMAGE
http://www.loc.gov/item/afc2001001.35186/,James Edwin Hoskins Collection,1918,https://tile.loc.gov/storage-services/service/vhp/0351/035186/ph0001001i.jpg,Library of Congress,Unknown,"camp raritan, new jersey",IMAGE
http://www.loc.gov/item/afc2001001.01599/,Donald G. Cassidy Collection,1942,https://tile.loc.gov/storage-services/service/vhp/0015/001599/ph0001001i.jpg,Library of Congress,Unknown,european theater,IMAGE
http://www.loc.gov/item/afc2001001.31270/,Robert Arthur Winters Collection,1942,https://tile.loc.gov/storage-services/service/vhp/0312/031270/ph0001001i.jpg,Library of Congress,Unknown,leyte island (philippines),IMAGE
http://www.loc.gov/item/2021669047/,Views of Kiev.,1911,https://tile.loc.gov/image-services/iiif/service:gdc:gdcwdl:wd:l_:08:87:9:wdl_08879:0004/full/pct:12.5/0/default.jpg,Library of Congress,Unknown,kiev,IMAGE
http://www.loc.gov/item/afc2001001.00001/,Edward Wallace Hopkins Collection,1943,https://tile.loc.gov/storage-services/service/vhp/0000/000001/ph0001001i.jpg,Library of Congress,Unknown,virginia,IMAGE
http://www.loc.gov/item/afc2001001.65358/,Emil David Edgren Collection,1941,https://tile.loc.gov/storage-services/service/vhp/0653/065358/ph0001001i.jpg,Library of Congress,Unknown,california,IMAGE
http://www.loc.gov/item/afc2001001.88197/,John K. Singlaub Collection,1943,"https://tile.loc.gov/streaming-services/iiif/service:vhp:0881:088197:afc2001001_088197_mv0001001_640x480_800/full/512,/0/300,0/default.jpg",Library of Congress,Unknown,"hainan island, china",IMAGE
http://www.loc.gov/item/afc2001001.99995/,Odra W. Bradley Collection,1942,https://tile.loc.gov/storage-services/service/vhp/0999/099995/ph0001001i.jpg,Library of Congress,Unknown,"fort francis e. warren, wyoming",IMAGE
http://www.loc.gov/item/afc2001001.95415/,Eugene J. Redmond Collection,1944,"https://tile.loc.gov/streaming-services/iiif/service:vhp:0954:095415:afc2001001_095415_mv0001001_640x480_800/full/512,/0/300,0/default.jpg",Library of Congress,Unknown,philippines,IMAGE
http://www.loc.gov/item/afc2001001.67592/,Raymond T. Sadoski Collection,1942,"https://tile.loc.gov/streaming-services/iiif/service:vhp:0675:067592:afc2001001_067592_mv0001001_640x480_800/full/512,/0/300,0/default.jpg",Library of Congress,Unknown,poland,IMAGE
http://www.loc.gov/item/afc2001001.01795/,Robert B. McCollum Collection,1942,https://tile.loc.gov/storage-services/service/vhp/0017/001795/ph0001001i.jpg,Library of Congress,Unknown,washington (state),IMAGE
http://www.loc.gov/item/afc2001001.38017/,Van Domineck Collection,1942,https://tile.loc.gov/storage-services/service/vhp/0380/038017/ph0001001i.jpg,Library of Congress,Unknown,algeria,IMAGE
http://www.loc.gov/item/2021669742/,"View from River Valley, ""Canyon de Chelly"" National Monument, Arizona (Vertical Orientation) by Ansel Adams.",1933,https://tile.loc.gov/image-services/iiif/service:gdc:gdcwdl:wd:l_:02:72:1:wdl_02721:14-1321m/full/pct:12.5/0/default.jpg,Library of Congress,Unknown,arizona,IMAGE
http://www.loc.gov/item/2021669336/,Hôtel de Ville before the Fire.,1870,https://tile.loc.gov/image-services/iiif/service:gdc:gdcwdl:wd:l_:01:33:3:wdl_01333:icon309865_41/full/pct:6.25/0/default.jpg,Library of Congress,Unknown,paris,IMAGE
http://www.loc.gov/item/afc2001001.55978/,Raymond Leon Lippman Collection,1942,https://tile.loc.gov/storage-services/service/vhp/0559/055978/ph0001001i.jpg,Library of Congress,Unknown,"green haven disciplinary barracks, new york",IMAGE
http://www.loc.gov/item/afc2001001.01697/,Raymond B. Dierkes Collection,1943,https://tile.loc.gov/storage-services/service/vhp/0016/001697/ph0003001i.jpg,Library of Congress,Unknown,missouri,IMAGE
http://www.loc.gov/item/afc2001001.28395/,Roland Powell Harper Collection,1943,"https://tile.loc.gov/streaming-services/iiif/service:vhp:0283:028395:afc2001001_028395_mv0001001_640x480_800/full/512,/0/300,0/default.jpg",Library of Congress,Unknown,european theater,IMAGE
http://www.loc.gov/item/2021669109/,Family of Emperor Alexander III.,1893,https://tile.loc.gov/image-services/iiif/service:gdc:gdcwdl:wd:l_:12:90:1:wdl_12901:4a40790c-4c7d-403b-9b70-f833563a83f0/full/pct:25/0/default.jpg,Library of Congress,Unknown,saint petersburg,IMAGE
http://www.loc.gov/item/afc2001001.54010/,Isadore Monnin Collection,1941,https://tile.loc.gov/storage-services/service/vhp/0540/054010/ph0001001i.jpg,Library of Congress,Unknown,northern ireland,IMAGE
http://www.loc.gov/item/afc2001001.00075/,Raymond E. Bailey Collection,1942,"https://tile.loc.gov/streaming-services/iiif/service:vhp:0000:000075:afc2001001_000075_mv0001001_640x480_800/full/512,/0/300,0/default.jpg",Library of Congress,Unknown,"normandy, france",IMAGE
http://www.loc.gov/item/afc2001001.27441/,Andrew Y. Higginbotham Collection,1943,"https://tile.loc.gov/streaming-services/iiif/service:vhp:0274:027441:afc2001001_027441_mv0001001_640x480_800/full/512,/0/300,0/default.jpg",Library of Congress,Unknown,"baltimore, maryland",IMAGE
http://www.loc.gov/item/afc2001001.27506/,Phillip K. Taylor Collection,1942,"https://tile.loc.gov/streaming-services/iiif/service:vhp:0275:027506:afc2001001_027506_mv0001001_640x480_800/full/512,/0/300,0/default.jpg",Library of Congress,Unknown,california,IMAGE
http://www.loc.gov/item/afc2001001.38433/,William Henry Highfill Collection,1943,https://tile.loc.gov/storage-services/service/vhp/0384/038433/ph0001001i.jpg,Library of Congress,Unknown,"fort benning, georgia",IMAGE
http://www.loc.gov/item/afc2001001.41633/,Julius J. Siefring Collection,1942,https://tile.loc.gov/storage-services/service/vhp/0416/041633/ph0001001i.jpg,Library of Congress,Unknown,leyte island (philippines),IMAGE
http://www.loc.gov/item/afc2001001.98251/,Henry Canvel Collection,1943,https://tile.loc.gov/storage-services/service/vhp/0982/098251/ph0001001i.jpg,Library of Congress,Unknown,"mare island, california",IMAGE
http://www.loc.gov/item/afc2001001.64741/,John Burleigh Mead Collection,1942,https://tile.loc.gov/storage-services/service/vhp/0647/064741/ph0001001i.jpg,Library of Congress,Unknown,"santa ana, california",IMAGE
http://www.loc.gov/item/afc2001001.00449/,Nathaniel G. Raley Collection,1942,https://tile.loc.gov/storage-services/service/vhp/0004/000449/ph0001001i.jpg,Library of Congress,Unknown,european theater,IMAGE
http://www.loc.gov/item/afc2001001.07420/,Yukio Kawamoto Collection,1942,https://tile.loc.gov/storage-services/service/vhp/0074/007420/ph0001001i.jpg,Library of Congress,Unknown,bougainville island (solomon islands),IMAGE
http://www.loc.gov/item/afc2001001.28498/,Grant Jiro Hirabayashi Collection,1941,https://tile.loc.gov/storage-services/service/vhp/0284/028498/ph0001001i.jpg,Library of Congress,Unknown,"fort lewis, washington",IMAGE
http://www.loc.gov/item/afc2001001.112362/,Edward Gottlieb Zahler Collection,1942,https://tile.loc.gov/storage-services/service/vhp/1123/112362/ph0001001i.jpg,Library of Congress,Unknown,"hunter army airfield, georgia",IMAGE
http://www.loc.gov/item/afc2001001.45245/,Samuel Franklin Hartman Collection,1942,https://tile.loc.gov/storage-services/service/vhp/0452/045245/ph0001001i.jpg,Library of Congress,Unknown,california,IMAGE
http://www.loc.gov/item/afc2001001.29937/,Kermit A. Bushur Collection,1943,https://tile.loc.gov/storage-services/service/vhp/0299/029937/ph0001001i.jpg,Library of Congress,Unknown,"camp shelby, mississippi",IMAGE
http://www.loc.gov/item/afc2001001.94775/,Louise Marie Burns Collection,1943,"https://tile.loc.gov/streaming-services/iiif/service:vhp:0947:094775:afc2001001_094775_mv0001001_640x480_800/full/512,/0/300,0/default.jpg",Library of Congress,Unknown,"hastings air base, india",IMAGE
http://www.loc.gov/item/afc2001001.86230/,Stanley J. Buczacki Collection,1941,https://tile.loc.gov/storage-services/service/vhp/0862/086230/ph0001001i.jpg,Library of Congress,Unknown,"fort dix, new jersey",IMAGE
http://www.loc.gov/item/2021669045/,Kiev.,1905,https://tile.loc.gov/image-services/iiif/service:gdc:gdcwdl:wd:l_:07:49:9:wdl_07499:0013/full/pct:6.25/0/default.jpg,Library of Congress,Unknown,kiev,IMAGE
http://www.loc.gov/item/afc2001001.19999/,Benjamin Leroy Couillard Collection,1943,https://tile.loc.gov/storage-services/service/vhp/0199/019999/ph0001001i.jpg,Library of Congress,Unknown,"coronado, california",IMAGE
http://www.loc.gov/item/afc2001001.23696/,Augustus Prince Collection,1944,https://tile.loc.gov/storage-services/service/vhp/0236/023696/ph0001001i.jpg,Library of Congress,Unknown,formosa,IMAGE
http://www.loc.gov/item/afc2001001.24482/,Joseph J. Menditto Collection,1942,"https://tile.loc.gov/streaming-services/iiif/service:vhp:0244:024482:afc2001001_024482_mv0001001_640x480_800/full/512,/0/300,0/default.jpg",Library of Congress,Unknown,texas,IMAGE
http://www.loc.gov/item/afc2001001.01848/,Samuel Lionel Boylston Collection,1943,https://tile.loc.gov/storage-services/service/vhp/0018/001848/ph0001001i.jpg,Library of Congress,Unknown,leyte island (philippines),IMAGE
http://www.loc.gov/item/afc2001001.05208/,Franklin E. Kameny Collection,1943,https://tile.loc.gov/storage-services/service/vhp/0052/005208/ph0001001i.jpg,Library of Congress,Unknown,"fort benning, georgia",IMAGE
http://www.loc.gov/item/afc2001001.20682/,"Robert Guy Dawson, Sr. Collection",1942,https://tile.loc.gov/storage-services/service/vhp/0206/020682/ph0001001i.jpg,Library of Congress,Unknown,"sacramento, california",IMAGE
http://www.loc.gov/item/2021669048/,Views of Kiev.,1911,https://tile.loc.gov/image-services/iiif/service:gdc:gdcwdl:wd:l_:08:88:0:wdl_08880:0035/full/pct:6.25/0/default.jpg,Library of Congress,Unknown,kiev,IMAGE
http://www.loc.gov/item/afc2001001.20943/,Patrick Adams Buffington Collection,1941,https://tile.loc.gov/storage-services/service/vhp/0209/020943/ph0001001i.jpg,Library of Congress,Unknown,"jacksonville, florida",IMAGE
http://www.loc.gov/item/2021669744/,"""Cliff Palace, Mesa Verde National Park,"" Colorado (Vertical Orientation) by Ansel Adams.",1933,https://tile.loc.gov/image-services/iiif/service:gdc:gdcwdl:wd:l_:02:72:3:wdl_02723:14-1412m/full/pct:12.5/0/default.jpg,Library of Congress,Unknown,united states of america,IMAGE
http://www.loc.gov/item/afc2001001.99814/,Harold J. Weber Collection,1942,"https://tile.loc.gov/streaming-services/iiif/service:vhp:0998:099814:afc2001001_099814_mv0001001_640x480_800/full/512,/0/300,0/default.jpg",Library of Congress,Unknown,illinois,IMAGE
http://www.loc.gov/item/afc2001001.85213/,John Olha Collection,1943,"https://tile.loc.gov/streaming-services/iiif/service:vhp:0852:085213:afc2001001_085213_mv0001001_640x480_800/full/512,/0/300,0/default.jpg",Library of Congress,Unknown,bayonne,IMAGE
http://www.loc.gov/item/afc2001001.103701/,Richard Brooks Moulton Collection,1943,https://tile.loc.gov/image-services/iiif/service:vhp:1037:103701:ph0001001/full/pct:50/0/default.jpg,Library of Congress,Unknown,"lafayette, louisiana",IMAGE
http://www.loc.gov/item/afc2001001.10590/,Elizabeth Cartwright Rodd Collection,1942,https://tile.loc.gov/storage-services/service/vhp/0105/010590/ph0001001i.jpg,Library of Congress,Unknown,"fort leavenworth, kansas",IMAGE
http://www.loc.gov/item/afc2001001.90044/,Eugene Vilson Collection,1944,https://tile.loc.gov/storage-services/service/vhp/0900/090044/ph0001001i.jpg,Library of Congress,Unknown,guadalcanal (solomon islands),IMAGE
http://www.loc.gov/item/afc2001001.123931/,Delbert Preston Hesler Collection,1935,https://tile.loc.gov/storage-services/service/vhp/1239/123931/ph0001001i.jpg,Library of Congress,Unknown,missouri,IMAGE
http://www.loc.gov/item/afc2001001.34734/,Earl Ervin McClung Collection,1943,https://tile.loc.gov/storage-services/service/vhp/0347/034734/ph0001001i.jpg,Library of Congress,Unknown,"normandy, france",IMAGE
http://www.loc.gov/item/afc2001001.02978/,Bruce Donald Fenchel Collection,1943,https://tile.loc.gov/storage-services/service/vhp/0029/002978/ph0001001i.jpg,Library of Congress,Unknown,france,IMAGE
http://www.loc.gov/item/afc2001001.04654/,Ellison W. Parfitt Collection,1942,https://tile.loc.gov/storage-services/service/vhp/0046/004654/ph0001001i.jpg,Library of Congress,Unknown,england,IMAGE
http://www.loc.gov/item/afc2001001.21003/,William D. Roxlo Collection,1943,https://tile.loc.gov/storage-services/service/vhp/0210/021003/ph0001001i.jpg,Library of Congress,Unknown,kansas,IMAGE
http://www.loc.gov/item/afc2001001.26535/,James Harding Stancil Collection,1942,https://tile.loc.gov/storage-services/service/vhp/0265/026535/ph0001001i.jpg,Library of Congress,Unknown,atlantic ocean,IMAGE
http://www.loc.gov/item/afc2001001.10509/,William Thomas Barr Collection,1942,https://tile.loc.gov/storage-services/service/vhp/0105/010509/ph0001001i.jpg,Library of Congress,Unknown,okinawa island (ryukyu islands),IMAGE
http://www.loc.gov/item/afc2001001.02153/,Warren Michio Tsuneishi Collection,1943,https://tile.loc.gov/storage-services/service/vhp/0021/002153/ph0001001i.jpg,Library of Congress,Unknown,okinawa island (ryukyu islands),IMAGE
http://www.loc.gov/item/afc2001001.58926/,John J. Cenky Collection,1942,https://tile.loc.gov/storage-services/service/vhp/0589/058926/ph0001001i.jpg,Library of Congress,Unknown,"macdill field, tampa, florida",IMAGE
http://www.loc.gov/item/2021669948/,Kazuo and Masuko Kamiya as Children.,1920,https://tile.loc.gov/image-services/iiif/service:gdc:gdcwdl:wd:l_:04:03:8:wdl_04038:n044909_yamato_people/full/pct:6.25/0/default.jpg,Library of Congress,Unknown,united states of america,IMAGE
http://www.loc.gov/item/afc2001001.102748/,John William Eiser Collection,1943,https://tile.loc.gov/storage-services/service/vhp/1027/102748/ph0001001i.jpg,Library of Congress,Unknown,tinian (mariana islands),IMAGE
http://www.loc.gov/item/afc2001001.06410/,John Warren Sloan Collection,1941,https://tile.loc.gov/storage-services/service/vhp/0064/006410/ph0001001i.jpg,Library of Congress,Unknown,"camp anza, california",IMAGE
http://www.loc.gov/item/afc2001001.91720/,Robert C. Hannah Collection,1943,"https://tile.loc.gov/streaming-services/iiif/service:vhp:0917:091720:afc2001001_091720_mv0001001_640x480_800/full/512,/0/300,0/default.jpg",Library of Congress,Unknown,"fort jackson, south carolina",IMAGE
http://www.loc.gov/item/afc2001001.24298/,Paul James Coller Collection,1942,"https://tile.loc.gov/streaming-services/iiif/service:vhp:0242:024298:afc2001001_024298_mv0001001_640x480_800/full/512,/0/300,0/default.jpg",Library of Congress,Unknown,american samoa,IMAGE
http://www.loc.gov/item/afc2001001.70383/,Martin Gonzales Collection,1943,"https://tile.loc.gov/streaming-services/iiif/service:vhp:0703:070383:afc2001001_070383_mv0001001_640x480_800/full/512,/0/300,0/default.jpg",Library of Congress,Unknown,california,IMAGE
http://www.loc.gov/item/afc2001001.86301/,Bernard Horowitz Collection,1943,https://tile.loc.gov/storage-services/service/vhp/0863/086301/ph0001001i.jpg,Library of Congress,Unknown,connecticut,IMAGE
http://www.loc.gov/item/afc2001001.24524/,Robert Eugene Barney Collection,1940,https://tile.loc.gov/storage-services/service/vhp/0245/024524/ph0001001i.jpg,Library of Congress,Unknown,california,IMAGE
http://www.loc.gov/item/afc2001001.04641/,Edward A. Graf Collection,1942,https://tile.loc.gov/storage-services/service/vhp/0046/004641/ph0001001i.jpg,Library of Congress,Unknown,"camp polk, louisiana",IMAGE
http://www.loc.gov/item/afc2001001.85297/,John D. Brown Collection,1940,"https://tile.loc.gov/streaming-services/iiif/service:vhp:0852:085297:afc2001001_085297_mv0001001_640x480_800/full/512,/0/300,0/default.jpg",Library of Congress,Unknown,"pine camp, new york",IMAGE
http://www.loc.gov/item/afc2001001.00033/,Donald M. Carlton Collection,1944,"https://tile.loc.gov/streaming-services/iiif/service:vhp:0000:000033:afc2001001_000033_mv0001001_640x480_800/full/512,/0/300,0/default.jpg",Library of Congress,Unknown,okinawa island (ryukyu islands),IMAGE
http://www.loc.gov/item/afc2001001.21676/,Jack Wayne Wilson Collection,1943,"https://tile.loc.gov/streaming-services/iiif/service:vhp:0216:021676:afc2001001_021676_mv0001001_640x480_800/full/512,/0/300,0/default.jpg",Library of Congress,Unknown,france,IMAGE
http://www.loc.gov/item/afc2001001.114357/,James Quinton Wetzel Collection,1942,https://tile.loc.gov/storage-services/service/vhp/1143/114357/ph0001001i.jpg,Library of Congress,Unknown,minnesota,IMAGE
http://www.loc.gov/item/afc2001001.09242/,Charles E. Conner Collection,1942,https://tile.loc.gov/storage-services/service/vhp/0092/009242/ph0001001i.jpg,Library of Congress,Unknown,"stalag iii, germany",IMAGE
http://www.loc.gov/item/2021669956/,"Neron Hotel in Miami Beach, Florida.",1978,https://tile.loc.gov/image-services/iiif/service:gdc:gdcwdl:wd:l_:04:04:6:wdl_04046:pr06981_neron_hotel_art_deco/full/pct:6.25/0/default.jpg,Library of Congress,Unknown,united states of america,IMAGE
http://www.loc.gov/item/17031662/,"Kultur in cartoons,",1917,https://tile.loc.gov/image-services/iiif/public:gdcmassbookdig:kulturincartoons01raem:kulturincartoons01raem_0009/full/pct:12.5/0/default.jpg,Library of Congress,Unknown,United States,IMAGE
http://www.loc.gov/item/afc2001001.26804/,James W. Doty Collection,1943,https://tile.loc.gov/storage-services/service/vhp/0268/026804/ph0001001i.jpg,Library of Congress,Unknown,"morotai, new guinea",IMAGE
http://www.loc.gov/item/afc2001001.114378/,Robert R. Carney Collection,1943,"https://tile.loc.gov/streaming-services/iiif/service:vhp:1143:114378:afc2001001_114378_mv0001001_640x480_800/full/512,/0/300,0/default.jpg",Library of Congress,Unknown,okinawa island (ryukyu islands),IMAGE
http://www.loc.gov/item/2021669207/,"Grand Duke Konstantin Nikolaevich, Son of Emperor Nicholas I.",1860,https://tile.loc.gov/image-services/iiif/service:gdc:gdcwdl:wd:l_:17:16:5:wdl_17165:46d391c2-70ee-4d7c-a91b-ff568c6b10ed.0001/full/pct:25/0/default.jpg,Library of Congress,Unknown,russian federation,IMAGE
http://www.loc.gov/item/2021669205/,"Grand Duke Konstantin Nikolaevich, Son of Emperor Nicholas I.",1862,https://tile.loc.gov/image-services/iiif/service:gdc:gdcwdl:wd:l_:17:16:3:wdl_17163:fff8a6d6-282c-45fe-a410-5eb2601d6a4f.0001/full/pct:25/0/default.jpg,Library of Congress,Unknown,russian federation,IMAGE
http://www.loc.gov/item/afc2001001.26830/,Richard M. Paull Collection,1940,https://tile.loc.gov/storage-services/service/vhp/0268/026830/ph0001001i.jpg,Library of Congress,Unknown,guadalcanal (solomon islands),IMAGE
http://www.loc.gov/item/afc2001001.102174/,Charles J. Buynovsky Collection,1943,"https://tile.loc.gov/streaming-services/iiif/service:vhp:1021:102174:afc2001001_102174_mv0001001_640x480_800/full/512,/0/300,0/default.jpg",Library of Congress,Unknown,"westover air force base, massachusetts",IMAGE
http://www.loc.gov/item/afc2001001.33917/,Leonard John Kovar Collection,1943,https://tile.loc.gov/storage-services/service/vhp/0339/033917/ph0001001i.jpg,Library of Congress,Unknown,california,IMAGE
http://www.loc.gov/item/2021669206/,"Grand Duke Konstantin Nikolaevich, Son of Emperor Nicholas I.",1855,https://tile.loc.gov/image-services/iiif/service:gdc:gdcwdl:wd:l_:17:16:4:wdl_17164:cca6cd45-d7a3-416e-b026-ec351818b510.0001/full/pct:25/0/default.jpg,Library of Congress,Unknown,russian federation,IMAGE
http://www.loc.gov/item/afc2001001.24472/,Edward W. Gilbert Collection,1942,"https://tile.loc.gov/streaming-services/iiif/service:vhp:0244:024472:afc2001001_024472_mv0001001_640x480_800/full/512,/0/300,0/default.jpg",Library of Congress,Unknown,"fort ord, california",IMAGE
http://www.loc.gov/item/afc2001001.09273/,Robert J. Hough Collection,1942,https://tile.loc.gov/storage-services/service/vhp/0092/009273/ph0001001i.jpg,Library of Congress,Unknown,"san francisco, california",IMAGE
http://www.loc.gov/item/2021669125/,Dragonfly. Olga Lepeshinskaia.,1959,https://tile.loc.gov/image-services/iiif/service:gdc:gdcwdl:wd:l_:14:37:1:wdl_14371:15/full/pct:12.5/0/default.jpg,Library of Congress,Unknown,russian federation,IMAGE
http://www.loc.gov/item/2018693686/,Petropavlovskai︠a︡ gavanʹ,1886,https://tile.loc.gov/image-services/iiif/public:gdc:2018693686:sg0001_00701u/full/pct:12.5/0/default.jpg,Library of Congress,Unknown,kamchatka krai,IMAGE
http://www.loc.gov/item/2018693703/,Chukchi na kliperi︠e︡,1889,https://tile.loc.gov/image-services/iiif/public:gdc:2018693703:sg0001_02401u/full/pct:12.5/0/default.jpg,Library of Congress,Unknown,russian federation,IMAGE
http://www.loc.gov/item/2018693704/,Chukotskai︠a︡ lodka u borta klipera,1889,https://tile.loc.gov/image-services/iiif/public:gdc:2018693704:sg0001_02501u/full/pct:12.5/0/default.jpg,Library of Congress,Unknown,russian federation,IMAGE
http://www.loc.gov/item/2018693705/,Tipy Chukcheĭ,1889,https://tile.loc.gov/image-services/iiif/public:gdc:2018693705:sg0001_02601u/full/pct:12.5/0/default.jpg,Library of Congress,Unknown,russian federation,IMAGE
http://www.loc.gov/item/2018693707/,Chukotskiĭ tanet︠s︡ʺ,1889,https://tile.loc.gov/image-services/iiif/public:gdc:2018693707:sg0001_02801u/full/pct:12.5/0/default.jpg,Library of Congress,Unknown,russian federation,IMAGE
http://www.loc.gov/item/2018693708/,Chukchanki i deti︠e︡,1889,https://tile.loc.gov/image-services/iiif/public:gdc:2018693708:sg0001_02901u/full/pct:12.5/0/default.jpg,Library of Congress,Unknown,russian federation,IMAGE
http://www.loc.gov/item/2018693709/,Chukotskie starukhi,1889,https://tile.loc.gov/image-services/iiif/public:gdc:2018693709:sg0001_03001u/full/pct:12.5/0/default.jpg,Library of Congress,Unknown,russian federation,IMAGE
http://www.loc.gov/item/2018693710/,Chukotskai︠a︡ mogila,1889,https://tile.loc.gov/image-services/iiif/public:gdc:2018693710:sg0001_03101u/full/pct:12.5/0/default.jpg,Library of Congress,Unknown,russian federation,IMAGE
http://www.loc.gov/item/2018693696/,Vidʺ doma sʺ boku. 14 Ii︠u︡li︠a︡,1889,https://tile.loc.gov/image-services/iiif/public:gdc:2018693696:sg0001_01701u/full/pct:12.5/0/default.jpg,Library of Congress,Unknown,anadyr,IMAGE
http://www.loc.gov/item/2018693699/,Komanda guli︠a︡etʺ vʺ Novo-Mariinski︠e︡ 22 Ii︠u︡li︠a︡,1889,https://tile.loc.gov/image-services/iiif/public:gdc:2018693699:sg0001_02001u/full/pct:12.5/0/default.jpg,Library of Congress,Unknown,anadyr,IMAGE
http://www.loc.gov/item/2018693681/,"P. N. Vulʹfʺ. Komandirʺ klipera ""Razboĭnikʺ"" sʺ 1886 po 1902 g. Krugosvetnoe plavanie",1902,https://tile.loc.gov/image-services/iiif/public:gdc:2018693681:sg0001_00201u/full/pct:12.5/0/default.jpg,Library of Congress,Unknown,russian federation,IMAGE
http://www.loc.gov/item/2018693682/,"Kliperʺ ""Razboĭnikʺ"" vo vremi︠a︡ sali︠u︡ta. 22 Ii︠u︡li︠a︡ 1889 g.",1889,https://tile.loc.gov/image-services/iiif/public:gdc:2018693682:sg0001_00301u/full/pct:25.0/0/default.jpg,Library of Congress,Unknown,russian federation,IMAGE
http://www.loc.gov/item/2018693683/,Prodolzhenie vida selenii︠a︡ Nikolʹskago na ostrovi︠e︡ Beringa,1886,https://tile.loc.gov/image-services/iiif/public:gdc:2018693683:sg0001_00401u/full/pct:12.5/0/default.jpg,Library of Congress,Unknown,kamchatka krai,IMAGE
http://www.loc.gov/item/2018693684/,Vidʺ Avachinskoĭ guby. Sni︠a︡to sʺ Nikolʹskoĭ gory,1886,https://tile.loc.gov/image-services/iiif/public:gdc:2018693684:sg0001_00501u/full/pct:12.5/0/default.jpg,Library of Congress,Unknown,kamchatka krai,IMAGE
http://www.loc.gov/item/2018693685/,Skladʺ Amerikanskoĭ kompanii na Signalʹnomʺ mysu,1886,https://tile.loc.gov/image-services/iiif/public:gdc:2018693685:sg0001_00601u/full/pct:12.5/0/default.jpg,Library of Congress,Unknown,kamchatka krai,IMAGE
http://www.loc.gov/item/2018693687/,Vidʺ laguny za Petropavlovskomʺ,1886,https://tile.loc.gov/image-services/iiif/public:gdc:2018693687:sg0001_00801u/full/pct:12.5/0/default.jpg,Library of Congress,Unknown,kamchatka krai,IMAGE
http://www.loc.gov/item/2018693688/,Avachinskai︠a︡ sopka,1886,https://tile.loc.gov/image-services/iiif/public:gdc:2018693688:sg0001_00901u/full/pct:12.5/0/default.jpg,Library of Congress,Unknown,kamchatka krai,IMAGE
http://www.loc.gov/item/2018693689/,Rostitelʹnostʹ vʺ okresnosti︠a︡khʺ Petropavlovska,1886,https://tile.loc.gov/image-services/iiif/public:gdc:2018693689:sg0001_01001u/full/pct:12.5/0/default.jpg,Library of Congress,Unknown,kamchatka krai,IMAGE
http://www.loc.gov/item/2018693690/,Travy vʺ okresnosti︠a︡khʺ Petropavlovska,1886,https://tile.loc.gov/image-services/iiif/public:gdc:2018693690:sg0001_01101u/full/pct:12.5/0/default.jpg,Library of Congress,Unknown,kamchatka krai,IMAGE
http://www.loc.gov/item/2018693691/,Levai︠a︡ storona shkhanet︠s︡ʺ sʺ gruzomʺ Anadyrskoĭ ėkspedit︠s︡ii,1886,https://tile.loc.gov/image-services/iiif/public:gdc:2018693691:sg0001_01201u/full/pct:12.5/0/default.jpg,Library of Congress,Unknown,russian federation,IMAGE
http://www.loc.gov/item/2018693692/,Obshchiĭ vidʺ Petropavlovska,1886,https://tile.loc.gov/image-services/iiif/public:gdc:2018693692:sg0001_01301u/full/pct:12.5/0/default.jpg,Library of Congress,Unknown,kamchatka krai,IMAGE
http://www.loc.gov/item/2018693693/,Vygruzka provianta 20 Ii︠u︡li︠a︡,1889,https://tile.loc.gov/image-services/iiif/public:gdc:2018693693:sg0001_01401u/full/pct:12.5/0/default.jpg,Library of Congress,Unknown,anadyr,IMAGE
http://www.loc.gov/item/2018693694/,Zakladka doma 19 Ii︠u︡li︠a︡,1889,https://tile.loc.gov/image-services/iiif/public:gdc:2018693694:sg0001_01501u/full/pct:12.5/0/default.jpg,Library of Congress,Unknown,anadyr,IMAGE
http://www.loc.gov/item/2018693695/,Vidʺ doma. 14 Ii︠u︡li︠a︡,1889,https://tile.loc.gov/image-services/iiif/public:gdc:2018693695:sg0001_01601u/full/pct:12.5/0/default.jpg,Library of Congress,Unknown,anadyr,IMAGE
http://www.loc.gov/item/2018693697/,Vidʺ doma. 18 Ii︠u︡li︠a︡,1889,https://tile.loc.gov/image-services/iiif/public:gdc:2018693697:sg0001_01801u/full/pct:12.5/0/default.jpg,Library of Congress,Unknown,anadyr,IMAGE
http://www.loc.gov/item/2018693698/,Osvi︠a︡shchenie doma. 22 Ii︠u︡li︠a︡,1889,https://tile.loc.gov/image-services/iiif/public:gdc:2018693698:sg0001_01901u/full/pct:12.5/0/default.jpg,Library of Congress,Unknown,anadyr,IMAGE
http://www.loc.gov/item/2018693700/,"Lichnyĭ sostavʺ ėkspedit︠s︡ii : Doktorʺ Grinevet︠s︡kiĭ, Chinov. Dmitrievʺ, desi︠a︡tn. Pavlovʺ i devi︠a︡tʹ kazakovʺ",1886,https://tile.loc.gov/image-services/iiif/public:gdc:2018693700:sg0001_02101u/full/pct:12.5/0/default.jpg,Library of Congress,Unknown,russian federation,IMAGE
http://www.loc.gov/item/2018693701/,Obshchiĭ vidʺ kosy u mysa Aleksandrʺ sʺ poseleniemʺ Novo-Mariinskʺ,1889,https://tile.loc.gov/image-services/iiif/public:gdc:2018693701:sg0001_02201u/full/pct:12.5/0/default.jpg,Library of Congress,Unknown,anadyr,IMAGE
http://www.loc.gov/item/2018693702/,Chukonskii︠a︡ i︠u︡rty vʺ Novo-Mariinskomʺ poselenii,1889,https://tile.loc.gov/image-services/iiif/public:gdc:2018693702:sg0001_02301u/full/pct:12.5/0/default.jpg,Library of Congress,Unknown,anadyr,IMAGE
http://www.loc.gov/item/2018693706/,Chukotskai︠a︡ i︠u︡rta i vi︠a︡lenie i︠u︡koly,1889,https://tile.loc.gov/image-services/iiif/public:gdc:2018693706:sg0001_02701u/full/pct:12.5/0/default.jpg,Library of Congress,Unknown,russian federation,IMAGE
http://www.loc.gov/item/2018693711/,Ostrovʺ Ali︠u︡mka pri vkhodi︠e︡ vʺ ustʹe Anadyri,1886,https://tile.loc.gov/image-services/iiif/public:gdc:2018693711:sg0001_03201u/full/pct:12.5/0/default.jpg,Library of Congress,Unknown,anadyr,IMAGE
http://www.loc.gov/item/2018693712/,Zapadnyĭ beregʺ kamchatki sʺ Vili︠u︡chinskoĭ sopkoĭ pri vkhodi︠e︡ vʺ Avachinskui︠u︡ Gubu,1886,https://tile.loc.gov/image-services/iiif/public:gdc:2018693712:sg0001_03301u/full/pct:12.5/0/default.jpg,Library of Congress,Unknown,kamchatka krai,IMAGE
http://www.loc.gov/item/2018693713/,Signalʹnyĭ mysʺ sʺ mai︠a︡komʺ pri vkhodi︠e︡ vʺ Avachinskui︠u︡ Gubu,1886,https://tile.loc.gov/image-services/iiif/public:gdc:2018693713:sg0001_03401u/full/pct:12.5/0/default.jpg,Library of Congress,Unknown,kamchatka krai,IMAGE
http://www.loc.gov/item/2018693714/,Soborʺ vʺ Petropavlovski︠e︡,1886,https://tile.loc.gov/image-services/iiif/public:gdc:2018693714:sg0001_03501u/full/pct:12.5/0/default.jpg,Library of Congress,Unknown,kamchatka krai,IMAGE
http://www.loc.gov/item/2018693716/,Selenie Nikolʹskoe na ostrovi︠e︡ Beringʺ (Prodolzhenie vida na posli︠e︡dneĭ stranit︠s︡i︠e︡),1886,https://tile.loc.gov/image-services/iiif/public:gdc:2018693716:sg0001_03701u/full/pct:12.5/0/default.jpg,Library of Congress,Unknown,kamchatka krai,IMAGE
http://www.loc.gov/item/2018693717/,Vidʺ Petropavlovskoĭ bukhty i Nikolʹskoĭ gory,1886,https://tile.loc.gov/image-services/iiif/public:gdc:2018693717:sg0001_03801u/full/pct:12.5/0/default.jpg,Library of Congress,Unknown,kamchatka krai,IMAGE
http://www.loc.gov/item/2018693718/,Pravai︠a︡ storona shkhanet︠s︡ʺ sʺ gruzomʺ Anadyrskoĭ ėkspedit︠s︡ii,1889,https://tile.loc.gov/image-services/iiif/public:gdc:2018693718:sg0001_03901u/full/pct:12.5/0/default.jpg,Library of Congress,Unknown,anadyr,IMAGE
http://www.loc.gov/item/2018693719/,Li︠e︡sʺ dli︠a︡ doma Anadyrskoĭ ėkspedit︠s︡ii vʺ rostrakhʺ,1889,https://tile.loc.gov/image-services/iiif/public:gdc:2018693719:sg0001_04001u/full/pct:12.5/0/default.jpg,Library of Congress,Unknown,anadyr,IMAGE
http://www.loc.gov/item/2018693721/,Pervyĭ denʹ vygruzki stroitelʹnykhʺ materialovʺ na mysi︠e︡ Aleksandrʺ,1889,https://tile.loc.gov/image-services/iiif/public:gdc:2018693721:sg0001_04201u/full/pct:12.5/0/default.jpg,Library of Congress,Unknown,anadyr,IMAGE
http://www.loc.gov/item/2018693722/,Drugoĭ momentʺ vygruzki 12 Ii︠u︡li︠a︡,1889,https://tile.loc.gov/image-services/iiif/public:gdc:2018693722:sg0001_04301u/full/pct:12.5/0/default.jpg,Library of Congress,Unknown,anadyr,IMAGE
http://www.loc.gov/item/2018693723/,Perenoska gruzovʺ na beregu,1889,https://tile.loc.gov/image-services/iiif/public:gdc:2018693723:sg0001_04401u/full/pct:12.5/0/default.jpg,Library of Congress,Unknown,anadyr,IMAGE
http://www.loc.gov/item/2018693715/,Si︠e︡verozapadnyĭ sklonʺ Nikolʹskoĭ gory vʺ Petropavlovskoĭ bukhti︠e︡ sʺ kotorago bylʺ sbroshenʺ Anglo-Frant︠s︡uzskiĭ desantʺ 24 Avgusta 1854 goda,1886,https://tile.loc.gov/image-services/iiif/public:gdc:2018693715:sg0001_03601u/full/pct:12.5/0/default.jpg,Library of Congress,Unknown,kamchatka krai,IMAGE
http://www.loc.gov/item/2018693720/,"Vkhodʺ vʺ ri︠e︡ku Anadyrʹ sʺ obshchimʺ vidomʺ kosy u mysa Aleksandrʺ, gdi︠e︡ ustroeno poselenie Novo-Mariinskʺ",1889,https://tile.loc.gov/image-services/iiif/public:gdc:2018693720:sg0001_04101u/full/pct:12.5/0/default.jpg,Library of Congress,Unknown,anadyr,IMAGE
http://www.loc.gov/item/2021670961/,Portrait of Paul and Louis Fratellini.,1908,https://tile.loc.gov/image-services/iiif/service:gdc:gdcwdl:wd:l_:18:40:5:wdl_18405:luigi_e_alberto_fratellini-photo/full/pct:25/0/default.jpg,Library of Congress,Unknown,United States,IMAGE
http://www.loc.gov/item/16022444/,Raemaekers' cartoons : with accompanying notes by well-known English writers /,1916,https://tile.loc.gov/image-services/iiif/public:gdcmassbookdig:raemaekerscartoo01raem:raemaekerscartoo01raem_0009/full/pct:12.5/0/default.jpg,Library of Congress,Unknown,United States,IMAGE
http://www.loc.gov/item/2018692122/,Tigerekskie Belki,1909,https://tile.loc.gov/image-services/iiif/public:gdc:2018692122:wkz4023_00808u/full/pct:12.5/0/default.jpg,Library of Congress,Unknown,United States,IMAGE
http://www.loc.gov/collections/american-colony-in-jerusalem/about-this-collection/,"American Colony in Jerusalem, 1870-2006",1870,https://www.loc.gov/static/collections/american-colony-in-jerusalem/500_500.jpg,Library of Congress,Unknown,jerusalem,IMAGE
http://www.loc.gov/item/12030012/,Echoes from hospital and White House : A record of Mrs. Rebecca R. Pomroy's experience in war-times /,1884,https://tile.loc.gov/image-services/iiif/public:gdcmassbookdig:echoesfromhospit01boyd:echoesfromhospit01boyd_0011/full/pct:12.5/0/default.jpg,Library of Congress,Unknown,United States,IMAGE
http://www.loc.gov/item/afc2001001.48280/,David W. Polhemus Collection,1957,https://tile.loc.gov/storage-services/service/vhp/0482/048280/ph0001001i.jpg,Library of Congress,Unknown,vietnam,IMAGE
http://www.loc.gov/item/afc2001001.38164/,Frank Jeannin Tomlinson Collection,1951,https://tile.loc.gov/storage-services/service/vhp/0381/038164/ph0001001i.jpg,Library of Congress,Unknown,virginia,IMAGE
http://www.loc.gov/item/afc2001001.32449/,Mary L. Hester Collection,1951,https://tile.loc.gov/storage-services/service/vhp/0324/032449/ph0001001i.jpg,Library of Congress,Unknown,"forbes afb, kansas",IMAGE
http://www.loc.gov/item/afc2001001.07483/,Larry Wayne Phipps Collection,1969,https://tile.loc.gov/image-services/iiif/service:vhp:0074:007483:ph0001001/full/pct:50/0/default.jpg,Library of Congress,Unknown,"fort ord, california",IMAGE
http://www.loc.gov/item/afc2001001.10575/,Herbert Root Collection,1953,https://tile.loc.gov/storage-services/service/vhp/0105/010575/ph0001001i.jpg,Library of Congress,Unknown,illinois,IMAGE
http://www.loc.gov/item/afc2001001.02616/,Ralph B. Steele Collection,1948,https://tile.loc.gov/storage-services/service/vhp/0026/002616/ph0001001i.jpg,Library of Congress,Unknown,korea,IMAGE
http://www.loc.gov/item/afc2001001.24863/,Raymond Primm Collection,1950,https://tile.loc.gov/storage-services/service/vhp/0248/024863/ph0001001i.jpg,Library of Congress,Unknown,"camp funston, kansas",IMAGE
http://www.loc.gov/item/afc2001001.09800/,Harry W. Mitchell Collection,1950,https://tile.loc.gov/image-services/iiif/service:vhp:0098:009800:ph0001001/full/pct:25/0/default.jpg,Library of Congress,Unknown,indiana,IMAGE
http://www.loc.gov/item/afc2001001.02686/,Paul D. Ashby Collection,1946,https://tile.loc.gov/storage-services/service/vhp/0026/002686/ph0001001i.jpg,Library of Congress,Unknown,japan,IMAGE
http://www.loc.gov/item/afc2001001.60295/,Jack Jakob Goldman Collection,1948,"https://tile.loc.gov/streaming-services/iiif/service:vhp:0602:060295:afc2001001_060295_mv0001001_640x480_800/full/512,/0/300,0/default.jpg",Library of Congress,Unknown,korea,IMAGE
http://www.loc.gov/item/afc2001001.11369/,Joseph Theodore Bumbleburg Collection,1961,https://tile.loc.gov/storage-services/service/vhp/0113/011369/ph0001001i.jpg,Library of Congress,Unknown,"fort benning, georgia",IMAGE
http://www.loc.gov/item/afc2001001.84813/,Robert Edward Mazzara Collection,1966,https://tile.loc.gov/storage-services/service/vhp/0848/084813/ph0001001i.jpg,Library of Congress,Unknown,vietnam,IMAGE
http://www.loc.gov/item/afc2001001.04558/,Joanne D. Palella Collection,1981,https://tile.loc.gov/storage-services/service/vhp/0045/004558/ph0024001i.jpg,Library of Congress,Unknown,persian gulf,IMAGE
http://www.loc.gov/item/afc2001001.03512/,Max Cleland Collection,1965,https://tile.loc.gov/storage-services/service/vhp/0035/003512/ph0004001i.jpg,Library of Congress,Unknown,japan,IMAGE
http://www.loc.gov/item/afc2001001.126407/,Michael Sanok Collection,1950,https://tile.loc.gov/storage-services/service/vhp/1264/126407/ph0001001i.jpg,Library of Congress,Unknown,germany,IMAGE
http://www.loc.gov/item/afc2001001.00687/,Joseph Edward Brown Collection,1950,https://tile.loc.gov/storage-services/service/vhp/0006/000687/ph0001001i.jpg,Library of Congress,Unknown,pacific theater,IMAGE
http://www.loc.gov/item/afc2001001.27529/,Denise Christine Brown Collection,1975,https://tile.loc.gov/storage-services/service/vhp/0275/027529/ph0001001i.jpg,Library of Congress,Unknown,"san diego, california",IMAGE
http://www.loc.gov/item/afc2001001.97872/,Arthur T. Baltazar Collection,1967,https://tile.loc.gov/storage-services/service/vhp/0978/097872/ph0001001i.jpg,Library of Congress,Unknown,illinois,IMAGE
http://www.loc.gov/item/afc2001001.02148/,Joseph R. Pitts Collection,1963,https://tile.loc.gov/storage-services/service/vhp/0021/002148/ph0004001i.jpg,Library of Congress,Unknown,vietnam,IMAGE
http://www.loc.gov/item/afc2001001.24560/,Kenneth C. Eckerd Collection,1950,https://tile.loc.gov/storage-services/service/vhp/0245/024560/ph0001001i.jpg,Library of Congress,Unknown,"monterey, california",IMAGE
http://www.loc.gov/item/afc2001001.79394/,Arthur Edwin Roberts Collection,1961,https://tile.loc.gov/storage-services/service/vhp/0793/079394/ph0001001i.jpg,Library of Congress,Unknown,"westover air force base, massachusetts",IMAGE
http://www.loc.gov/item/afc2001001.43733/,Aida Nancy Sanchez Collection,1952,https://tile.loc.gov/storage-services/service/vhp/0437/043733/ph0001001i.jpg,Library of Congress,Unknown,"rodriguez army hospital, san juan, puerto rico",IMAGE
http://www.loc.gov/item/afc2001001.64388/,William Henry Phillips Collection,1963,https://tile.loc.gov/storage-services/service/vhp/0643/064388/ph0001001i.jpg,Library of Congress,Unknown,"fort jackson, south carolina",IMAGE
http://www.loc.gov/item/afc2001001.80420/,Walter James Dexter Collection,1966,https://tile.loc.gov/storage-services/service/vhp/0804/080420/ph0001001i.jpg,Library of Congress,Unknown,"pleiku, vietnam",IMAGE
http://www.loc.gov/item/afc2001001.18125/,"Edward Lewis Parero, Jr. Collection",1952,https://tile.loc.gov/image-services/iiif/service:vhp:0181:018125:ph0001001/full/pct:25/0/default.jpg,Library of Congress,Unknown,pennsylvania,IMAGE
http://www.loc.gov/item/afc2001001.02339/,Jim Kolbe Collection,1965,https://tile.loc.gov/storage-services/service/vhp/0023/002339/ph0001001i.jpg,Library of Congress,Unknown,"an thoi, vietnam",IMAGE
http://www.loc.gov/item/afc2001001.99678/,Shawn Miller Collection,2005,https://tile.loc.gov/storage-services/service/vhp/0996/099678/ph0001001i.jpg,Library of Congress,Unknown,"fort indiantown gap, pennsylvania",IMAGE
http://www.loc.gov/item/afc2001001.58938/,George Clyde Collection,1950,https://tile.loc.gov/storage-services/service/vhp/0589/058938/ph0001001i.jpg,Library of Congress,Unknown,"camp atterbury, indiana",IMAGE
http://www.loc.gov/item/afc2001001.97562/,Jan K. Lewis Collection,1972,"https://tile.loc.gov/streaming-services/iiif/service:vhp:0975:097562:afc2001001_097562_mv0001001_640x480_800/full/512,/0/300,0/default.jpg",Library of Congress,Unknown,"dubai, united arab emirates",IMAGE
http://www.loc.gov/item/afc2001001.24570/,Kathryn E. Eckerd Collection,1952,https://tile.loc.gov/storage-services/service/vhp/0245/024570/ph0001001i.jpg,Library of Congress,Unknown,michigan,IMAGE
http://www.loc.gov/item/afc2001001.15069/,Patricia Joe McIntire Collection,1949,https://tile.loc.gov/storage-services/service/vhp/0150/015069/ph0001001i.jpg,Library of Congress,Unknown,"fort warren air force base, massachusetts",IMAGE
http://www.loc.gov/item/19008438/,"The life of James McNeill Whistler,",1908,https://tile.loc.gov/image-services/iiif/service:rbc:rbc0001:2024:2024rosen008438v01:0001/full/pct:6.25/0/default.jpg,Library of Congress,Unknown,united states,IMAGE
http://www.loc.gov/item/afc2001001.11193/,Dodson Moore Curry Collection,1952,https://tile.loc.gov/storage-services/service/vhp/0111/011193/ph0001001i.jpg,Library of Congress,Unknown,japan,IMAGE
http://www.loc.gov/item/afc2001001.52905/,Allan Stuart Levin Collection,1966,https://tile.loc.gov/storage-services/service/vhp/0529/052905/ph0001001i.jpg,Library of Congress,Unknown,"fort lewis, washington",IMAGE
http://www.loc.gov/item/afc2001001.07612/,Jacob M. Younginer Collection,1964,https://tile.loc.gov/storage-services/service/vhp/0076/007612/ph0001001i.jpg,Library of Congress,Unknown,"mcguire air force base, new jersey",IMAGE
http://www.loc.gov/item/afc2001001.97555/,Lois Glenn Shirley Collection,1966,"https://tile.loc.gov/streaming-services/iiif/service:vhp:0975:097555:afc2001001_097555_mv0001001_640x480_800/full/512,/0/300,0/default.jpg",Library of Congress,Unknown,"bad cannstatt, germany",IMAGE
http://www.loc.gov/item/afc2001001.104352/,George Richard Nine Collection,1965,https://tile.loc.gov/storage-services/service/vhp/1043/104352/ph0001001i.jpg,Library of Congress,Unknown,alaska,IMAGE
http://www.loc.gov/item/afc2001001.26572/,John Lansford McCullough Collection,1952,https://tile.loc.gov/storage-services/service/vhp/0265/026572/ph0001001i.jpg,Library of Congress,Unknown,"fort bragg, north carolina",IMAGE
http://www.loc.gov/item/afc2001001.70478/,James J. Satterwhite Collection,1955,"https://tile.loc.gov/streaming-services/iiif/service:vhp:0704:070478:afc2001001_070478_mv0001001_640x480_800/full/512,/0/300,0/default.jpg",Library of Congress,Unknown,"west point, new york",IMAGE
http://www.loc.gov/item/afc2001001.02151/,Stephen Earle Buyer Collection,1980,https://tile.loc.gov/storage-services/service/vhp/0021/002151/ph0002001i.jpg,Library of Congress,Unknown,"dhahran, saudi arabia",IMAGE
http://www.loc.gov/item/afc2001001.04941/,"Paul Alexander Steppe, Jr. Collection",1950,https://tile.loc.gov/storage-services/service/vhp/0049/004941/ph0001001i.jpg,Library of Congress,Unknown,maryland,IMAGE
http://www.loc.gov/item/afc2001001.58946/,Jesse S. Howard Collection,1965,https://tile.loc.gov/storage-services/service/vhp/0589/058946/ph0001001i.jpg,Library of Congress,Unknown,germany,IMAGE
http://www.loc.gov/item/afc2001001.21141/,Raymond L. Ayon Collection,1948,https://tile.loc.gov/storage-services/service/vhp/0211/021141/ph0001001i.jpg,Library of Congress,Unknown,japan,IMAGE
http://www.loc.gov/item/afc2001001.91664/,Frederick George Horn Collection,1964,https://tile.loc.gov/storage-services/service/vhp/0916/091664/ph0001001i.jpg,Library of Congress,Unknown,connecticut,IMAGE
http://www.loc.gov/item/afc2001001.02230/,Charles Timothy Hagel Collection,1967,https://tile.loc.gov/storage-services/service/vhp/0022/002230/ph0001001i.jpg,Library of Congress,Unknown,united states,IMAGE
http://www.loc.gov/item/07013454/,"The American Cyclops, the hero of New Orleans, and spoiler of silver spoons.",1868,https://tile.loc.gov/image-services/iiif/public:gdcmassbookdig:americancyclopsh00mcla:americancyclopsh00mcla_0011/full/pct:12.5/0/default.jpg,Library of Congress,Unknown,united states,IMAGE
http://www.loc.gov/item/afc2001001.78392/,Andre Joseph St. Laurent Collection,1954,"https://tile.loc.gov/streaming-services/iiif/service:vhp:0783:078392:afc2001001_078392_mv0001001_640x480_800/full/512,/0/300,0/default.jpg",Library of Congress,Unknown,connecticut,IMAGE
http://www.loc.gov/item/afc2001001.96332/,"Ivan Warren Atwood, Jr. Collection",1959,"https://tile.loc.gov/streaming-services/iiif/service:vhp:0963:096332:afc2001001_096332_mv0001001_640x480_800/full/512,/0/300,0/default.jpg",Library of Congress,Unknown,connecticut,IMAGE
http://www.loc.gov/item/afc2001001.58942/,Jeffrey Van Goins Collection,1981,https://tile.loc.gov/storage-services/service/vhp/0589/058942/ph0001001i.jpg,Library of Congress,Unknown,germany,IMAGE
http://www.loc.gov/item/19008381/,"Whistler, butterfly, wasp, wit, master of the arts, enigma,",1905,https://tile.loc.gov/image-services/iiif/service:rbc:rbc0001:2024:2024rosen008381:0001/full/pct:12.5/0/default.jpg,Library of Congress,Unknown,United States,IMAGE
http://www.loc.gov/item/afc2001001.46660/,Holly R. Harrison Collection,1991,https://tile.loc.gov/storage-services/service/vhp/0466/046660/ph0001001i.jpg,Library of Congress,Unknown,khawr al amaya,IMAGE
http://www.loc.gov/item/afc2001001.72867/,Robert Hume Moore Collection,1967,https://tile.loc.gov/storage-services/service/vhp/0728/072867/ph0001001i.jpg,Library of Congress,Unknown,egypt,IMAGE
http://www.loc.gov/item/afc2001001.58990/,Paul W. Stookey Collection,1963,https://tile.loc.gov/storage-services/service/vhp/0589/058990/ph0001001i.jpg,Library of Congress,Unknown,united states,IMAGE
http://www.loc.gov/item/afc2001001.99931/,Robert A. Meltzer Collection,1966,"https://tile.loc.gov/streaming-services/iiif/service:vhp:0999:099931:afc2001001_099931_mv0001001_640x480_800/full/512,/0/300,0/default.jpg",Library of Congress,Unknown,new york,IMAGE
http://www.loc.gov/item/afc2001001.08633/,Roger Paul Flower Collection,1961,https://tile.loc.gov/storage-services/service/vhp/0086/008633/ph0009001i.jpg,Library of Congress,Unknown,indian ocean,IMAGE
http://www.loc.gov/item/afc2001001.26678/,Robert George Gehrig Collection,1950,https://tile.loc.gov/storage-services/service/vhp/0266/026678/ph0001001i.jpg,Library of Congress,Unknown,"alameda, california",IMAGE
http://www.loc.gov/item/afc2001001.99968/,Byung Min Sa Collection,2001,https://tile.loc.gov/storage-services/service/vhp/0999/099968/ph0001001i.jpg,Library of Congress,Unknown,iraq,IMAGE
http://www.loc.gov/item/afc2001001.28581/,Jerry W. Hazlewood Collection,1966,https://tile.loc.gov/storage-services/service/vhp/0285/028581/ph0001001i.jpg,Library of Congress,Unknown,vietnam,IMAGE
http://www.loc.gov/item/afc2001001.59965/,"Jeffrey J. Mims, Jr. Collection",1965,https://tile.loc.gov/storage-services/service/vhp/0599/059965/ph0001001i.jpg,Library of Congress,Unknown,"bien hoa air force base, vietnam",IMAGE
http://www.loc.gov/item/afc2001001.23979/,Larry Schwab Collection,1967,https://tile.loc.gov/storage-services/service/vhp/0239/023979/ph0001001i.jpg,Library of Congress,Unknown,"tay ninh, vietnam",IMAGE
http://www.loc.gov/item/afc2001001.127877/,"Matthew F. Bryla, Jr. Collection",1965,https://tile.loc.gov/storage-services/service/vhp/1278/127877/ph0001001i.jpg,Library of Congress,Unknown,"camp pendleton, california",IMAGE
http://www.loc.gov/item/afc2001001.24489/,"Michael Anthony Parker, Sr. Collection",1968,"https://tile.loc.gov/streaming-services/iiif/service:vhp:0244:024489:afc2001001_024489_mv0001001_640x480_800/full/512,/0/300,0/default.jpg",Library of Congress,Unknown,"da nang, vietnam",IMAGE
http://www.loc.gov/item/afc2001001.02097/,Albert A. Porfirio Collection,1949,https://tile.loc.gov/storage-services/service/vhp/0020/002097/ph0001001i.jpg,Library of Congress,Unknown,arizona,IMAGE
http://www.loc.gov/item/84127784/,"Catalogue of a collection of etched and engraved works by the best masters, formed during thirty years, by James Anderson Rose ... which will be sold by auction, by Messrs. Sotheby, Wilkinson & Hodge ... on Tuesday, the 27th of June 1876 and ten following days ....",1876,https://tile.loc.gov/image-services/iiif/service:rbc:rbc0001:2024:2024rosen84127784:0001/full/pct:6.25/0/default.jpg,Library of Congress,Unknown,england,IMAGE
http://www.loc.gov/item/afc2001001.24417/,David Clayton Hinshaw Collection,1946,https://tile.loc.gov/storage-services/service/vhp/0244/024417/ph0001001i.jpg,Library of Congress,Unknown,korea,IMAGE
http://www.loc.gov/item/afc2001001.120844/,"Bucas Sterling, III Collection",1983,https://tile.loc.gov/storage-services/service/vhp/1208/120844/ph0001001i.jpg,Library of Congress,Unknown,maryland,IMAGE
http://www.loc.gov/item/29002728/,"A London reverie,",1928,https://tile.loc.gov/image-services/iiif/service:rbc:rbc0001:2024:2024rosen002728:0001/full/pct:6.25/0/default.jpg,Library of Congress,Unknown,london,IMAGE
http://www.loc.gov/item/23009175/,"Exhibition of Japanese figure prints from Moronobu to Toyokuni : catalogue by Louis V. Ledoux; exhibition from January 25 to March 3, 1923, the Grolier club",1923,https://tile.loc.gov/image-services/iiif/service:rbc:rbc0001:2024:2024rosen009175:0001/full/pct:12.5/0/default.jpg,Library of Congress,Unknown,United States,IMAGE
http://www.loc.gov/item/07010029/,William Blake : a critical essay,1868,https://tile.loc.gov/image-services/iiif/service:rbc:rbc0001:2024:2024rosen07010029:0001/full/pct:12.5/0/default.jpg,Library of Congress,Unknown,england,IMAGE
http://www.loc.gov/item/afc2001001.03769/,Ronald Winter Collection,1966,https://tile.loc.gov/storage-services/service/vhp/0037/003769/ph0001001i.jpg,Library of Congress,Unknown,florida,IMAGE
http://www.loc.gov/item/afc2001001.60081/,Al P. Simon Collection,1970,https://tile.loc.gov/storage-services/service/vhp/0600/060081/ph0001001i.jpg,Library of Congress,Unknown,"fort hood, texas",IMAGE
http://www.loc.gov/item/afc2001001.20967/,Raymond Weaver Collection,1962,https://tile.loc.gov/storage-services/service/vhp/0209/020967/ph0001001i.jpg,Library of Congress,Unknown,"fort gordon, georgia",IMAGE
http://www.loc.gov/item/afc2001001.88710/,Robert Francis Skeels Collection,1967,https://tile.loc.gov/storage-services/service/vhp/0887/088710/ph0001001i.jpg,Library of Congress,Unknown,"quantico, virginia",IMAGE
http://www.loc.gov/item/afc2001001.45490/,Richard Dale Davis Collection,2005,https://tile.loc.gov/storage-services/service/vhp/0454/045490/ph0001001i.jpg,Library of Congress,Unknown,"dak to, vietnam",IMAGE
http://www.loc.gov/item/afc2001001.108040/,Donald A. Balducci Collection,1969,"https://tile.loc.gov/streaming-services/iiif/service:vhp:1080:108040:afc2001001_108040_mv0001001_640x480_800/full/512,/0/300,0/default.jpg",Library of Congress,Unknown,"fort lewis, washington",IMAGE
http://www.loc.gov/item/afc2001001.20938/,Cecil Broyles Smith Collection,1948,https://tile.loc.gov/storage-services/service/vhp/0209/020938/ph0001001i.jpg,Library of Congress,Unknown,tennessee,IMAGE
http://www.loc.gov/item/afc2001001.30084/,Darrell Miklos Collection,1961,"https://tile.loc.gov/streaming-services/iiif/service:vhp:0300:030084:afc2001001_030084_mv0001001_640x480_800/full/512,/0/300,0/default.jpg",Library of Congress,Unknown,laos,IMAGE
http://www.loc.gov/item/afc2001001.09773/,Roger Dean Ingvalson Collection,1950,https://tile.loc.gov/storage-services/service/vhp/0097/009773/ph0001001i.jpg,Library of Congress,Unknown,tennessee,IMAGE
http://www.loc.gov/item/afc2001001.19966/,Carl Julian Solomon Collection,1949,https://tile.loc.gov/storage-services/service/vhp/0199/019966/ph0001001i.jpg,Library of Congress,Unknown,tennessee,IMAGE
http://www.loc.gov/item/afc2001001.110957/,Todd Tyler Christmas Collection,2001,https://tile.loc.gov/storage-services/service/vhp/1109/110957/ph0001001i.jpg,Library of Congress,Unknown,"fort bliss, texas",IMAGE
http://www.loc.gov/item/13000622/,Memories,1912,https://tile.loc.gov/image-services/iiif/service:rbc:rbc0001:2023:2023rosen000622:0001/full/pct:12.5/0/default.jpg,Library of Congress,Unknown,great britain,IMAGE
http://www.loc.gov/item/06046323/,"James McNeill Whistler,",1905,https://tile.loc.gov/image-services/iiif/service:rbc:rbc0001:2024:2024rosen046323:0001/full/pct:12.5/0/default.jpg,Library of Congress,Unknown,United States,IMAGE
http://www.loc.gov/item/20000621/,"Noa-Noa,",1919,https://tile.loc.gov/image-services/iiif/service:rbc:rbc0001:2024:2024rosen20000621:0001/full/pct:12.5/0/default.jpg,Library of Congress,Unknown,island,IMAGE
http://www.loc.gov/item/afc2001001.88777/,Ronald Paul Wing Collection,2001,"https://tile.loc.gov/streaming-services/iiif/service:vhp:0887:088777:afc2001001_088777_mv0001001_640x480_800/full/512,/0/300,0/default.jpg",Library of Congress,Unknown,"fort dix, new jersey",IMAGE
http://www.loc.gov/item/afc2001001.12397/,Douglas Baird Stuart Collection,2001,https://tile.loc.gov/storage-services/service/vhp/0123/012397/ph0001001i.jpg,Library of Congress,Unknown,"washington, dc",IMAGE
http://www.loc.gov/item/04002506/,Catalogue of the engraved portraits of Washington,1904,https://tile.loc.gov/image-services/iiif/service:rbc:rbc0001:2024:2024rosen002506:0001/full/pct:6.25/0/default.jpg,Library of Congress,Unknown,new york,IMAGE
http://www.loc.gov/item/19008375/,"Whistler as I knew him,",1904,https://tile.loc.gov/image-services/iiif/service:rbc:rbc0001:2024:2024rosen19008375:0001/full/pct:6.25/0/default.jpg,Library of Congress,Unknown,united states,IMAGE
http://www.loc.gov/item/19008435/,James McNeill Whistler : an estimate & a biography,1911,https://tile.loc.gov/image-services/iiif/service:rbc:rbc0001:2024:2024rosen008435:0001/full/pct:12.5/0/default.jpg,Library of Congress,Unknown,United States,IMAGE
http://www.loc.gov/item/afc2001001.107440/,Matthew Stephen Sinsigalli Collection,2001,"https://tile.loc.gov/streaming-services/iiif/service:vhp:1074:107440:afc2001001_107440_mv0001001_640x480_800/full/512,/0/300,0/default.jpg",Library of Congress,Unknown,"fort benning, georgia",IMAGE
http://www.loc.gov/item/08019399/,"The Portfolio, an artistic periodical;",1870,https://tile.loc.gov/image-services/iiif/service:rbc:rbc0001:2023:2023rosen019399-1876:0001/full/pct:6.25/0/default.jpg,Library of Congress,Unknown,United States,IMAGE
http://www.loc.gov/item/07003697/,The works of James McNeill Whistler,1907,https://tile.loc.gov/image-services/iiif/service:rbc:rbc0001:2024:2024rosen003697:0001/full/pct:6.25/0/default.jpg,Library of Congress,Unknown,United States,IMAGE
http://www.loc.gov/item/afc2001001.24500/,Linda Schwartz Collection,1967,https://tile.loc.gov/storage-services/service/vhp/0245/024500/ph0001001i.jpg,Library of Congress,Unknown,japan,IMAGE
http://www.loc.gov/item/afc2001001.84004/,Joseph Adrian Godenzi Collection,1963,https://tile.loc.gov/storage-services/service/vhp/0840/084004/ph0001001i.jpg,Library of Congress,Unknown,vietnam,IMAGE
http://www.loc.gov/item/12022298/,"Memories of James McNeill Whistler, the artist,",1912,https://tile.loc.gov/image-services/iiif/service:rbc:rbc0001:2024:2024rosen12022298:0001/full/pct:12.5/0/default.jpg,Library of Congress,Unknown,United States,IMAGE
http://www.loc.gov/item/01014530/,Rembrandt,1899,https://tile.loc.gov/image-services/iiif/service:rbc:rbc0001:2024:2024rosen014530v44:0001/full/pct:6.25/0/default.jpg,Library of Congress,Unknown,United States,IMAGE
http://www.loc.gov/item/afc2001001.123681/,Thomas L. Dashiell Collection,1952,"https://tile.loc.gov/streaming-services/iiif/service:vhp:1236:123681:afc2001001_123681_mv0001001_640x480_800/full/512,/0/300,0/default.jpg",Library of Congress,Unknown,japan,IMAGE
http://www.loc.gov/item/afc2001001.88693/,Peter Jackson Nevers Collection,2001,https://tile.loc.gov/storage-services/service/vhp/0886/088693/ph0001001i.jpg,Library of Congress,Unknown,"washington, dc",IMAGE
http://www.loc.gov/item/afc2001001.26323/,"Ivie Wesley Chandler, Jr. Collection",1966,https://tile.loc.gov/storage-services/service/vhp/0263/026323/ph0001001i.jpg,Library of Congress,Unknown,"dyess air force base, texas",IMAGE
http://www.loc.gov/collections/british-cartoon-prints/about-this-collection/,"Cartoon Prints, British",2004,https://www.loc.gov/static/collections/british-cartoon-prints/500_500.jpg,Library of Congress,Unknown,united states,IMAGE
http://www.loc.gov/item/02030128/,"Reminiscences of my life in camp with the 33d United States colored troops, late 1st S. C. volunteers,",1902,https://tile.loc.gov/image-services/iiif/public:gdc:02030128:00003/full/pct:12.5/0/default.jpg,Library of Congress,Unknown,united states,IMAGE
http://www.loc.gov/item/afc9999005.13214/,Rabbit dance music,1946,https://tile.loc.gov/image-services/iiif/public:afc:afc9999005-13214:0169/full/pct:50.0/0/default.jpg,Library of Congress,Unknown,united states,IMAGE
http://www.loc.gov/item/afc2001001.03972/,Elmer Lester Krebs Collection,2001,https://tile.loc.gov/storage-services/service/vhp/0039/003972/ph0001001i.jpg,Library of Congress,Unknown,texas,IMAGE
http://www.loc.gov/item/08031503/,The poems of Richard Watson Gilder.,1908,https://tile.loc.gov/image-services/iiif/public:gdcmassbookdig:poemsofrichardwa00gild:poemsofrichardwa00gild_0009/full/pct:12.5/0/default.jpg,Library of Congress,Unknown,United States,IMAGE
http://www.loc.gov/item/afc1982010_17553_4/,"C.M. Copeland and W.G. ""Wimpy"" Fowler, banjo and guitar, Fitzgerald, Georgia",1977,https://tile.loc.gov/image-services/iiif/service:afc:afc1982010:afc1982010_17553_4:afc1982010_17553_4_003/full/pct:6.25/0/default.jpg,Library of Congress,Unknown,united states,IMAGE
http://www.loc.gov/item/20016709/,"Origin of Butternut and Copperhead,",1918,https://tile.loc.gov/image-services/iiif/public:gdcmassbookdig:originofbutternu00matt:originofbutternu00matt_0005/full/pct:12.5/0/default.jpg,Library of Congress,Unknown,United States,IMAGE
http://www.loc.gov/item/08016592/,"Poems,",1908,https://tile.loc.gov/image-services/iiif/public:gdcmassbookdig:poem00john:poem00john_0011/full/pct:12.5/0/default.jpg,Library of Congress,Unknown,United States,IMAGE
http://www.loc.gov/item/20001009/,"Collected poems, 1881-1919,",1920,https://tile.loc.gov/image-services/iiif/public:gdcmassbookdig:collectedpoems1800john:collectedpoems1800john_0007/full/pct:12.5/0/default.jpg,Library of Congress,Unknown,United States,IMAGE
http://www.loc.gov/item/33015064/,The wanderer and other poems /,1845,https://tile.loc.gov/image-services/iiif/public:gdcmassbookdig:wandererotherpoe00sand:wandererotherpoe00sand_0003/full/pct:6.25/0/default.jpg,Library of Congress,Unknown,United States,IMAGE
http://www.loc.gov/item/01025041/,"Songs and sonnets,",1901,https://tile.loc.gov/image-services/iiif/public:gdcmassbookdig:songssonnets00love:songssonnets00love_0011/full/pct:6.25/0/default.jpg,Library of Congress,Unknown,United States,IMAGE
http://www.loc.gov/item/08018594/,Imre Kiralfy's Columbus and the discovery of America ...,1892,https://tile.loc.gov/image-services/iiif/public:gdcmassbookdig:imrekiralfyscolu01kira:imrekiralfyscolu01kira_0007/full/pct:12.5/0/default.jpg,Library of Congress,Unknown,United States,IMAGE
http://www.loc.gov/item/12007741/,"Far quests, by Cale Young Rice.",1912,https://tile.loc.gov/image-services/iiif/public:gdcmassbookdig:farquestsbycaley00rice:farquestsbycaley00rice_0005/full/pct:12.5/0/default.jpg,Library of Congress,Unknown,United States,IMAGE
http://www.loc.gov/item/12005134/,"Report on William Penn memorial in London : erected by the Pennsylvania society in the city of New York, July, MCMXI.",1911,https://tile.loc.gov/image-services/iiif/public:gdcmassbookdig:reportonwilliamp00penn:reportonwilliamp00penn_0007/full/pct:12.5/0/default.jpg,Library of Congress,Unknown,United States,IMAGE
http://www.loc.gov/item/12037281/,Bingen on the Rhine.,1883,https://tile.loc.gov/image-services/iiif/public:gdcmassbookdig:bingenonrhine00nort:bingenonrhine00nort_0009/full/pct:12.5/0/default.jpg,Library of Congress,Unknown,United States,IMAGE
http://www.loc.gov/item/23007373/,"American descriptive and thoughtful verse,",1922,https://tile.loc.gov/image-services/iiif/public:gdcmassbookdig:americandescript00cope:americandescript00cope_0005/full/pct:12.5/0/default.jpg,Library of Congress,Unknown,United States,IMAGE
http://www.loc.gov/item/16017892/,David Du Bose Gaillard;,1916,https://tile.loc.gov/image-services/iiif/public:gdcmassbookdig:daviddubosegaill00unit:daviddubosegaill00unit_0009/full/pct:12.5/0/default.jpg,Library of Congress,Unknown,panama,IMAGE
http://www.loc.gov/item/11022234/,"The relation of archæology and history,",1911,https://tile.loc.gov/image-services/iiif/public:gdcmassbookdig:relationofarch00fish:relationofarch00fish_0007/full/pct:12.5/0/default.jpg,Library of Congress,Unknown,wisconsin,IMAGE
http://www.loc.gov/item/05037594/,"William T. Sherman,",1905,https://tile.loc.gov/image-services/iiif/public:gdcmassbookdig:williamtsherman00robi:williamtsherman00robi_0011/full/pct:12.5/0/default.jpg,Library of Congress,Unknown,United States,IMAGE
http://www.loc.gov/item/19011454/,"Commemoration of the centenary of the birth of James Russell Lowell : poet, scholar, diplomat, born in Cambridge, Mass., February 22, 1819, died in Cambridge, August 12, 1891 /",1919,https://tile.loc.gov/image-services/iiif/public:gdcmassbookdig:commemorationofc00amer:commemorationofc00amer_0011/full/pct:6.25/0/default.jpg,Library of Congress,Unknown,United States,IMAGE
http://www.loc.gov/item/14002029/,"The capital,",1913,https://tile.loc.gov/image-services/iiif/public:gdcmassbookdig:capital00flem:capital00flem_0009/full/pct:12.5/0/default.jpg,Library of Congress,Unknown,united states,IMAGE
http://www.loc.gov/item/02002931/,A history of the United States.,1857,https://tile.loc.gov/image-services/iiif/public:gdcmassbookdig:historyofuniteds01loss:historyofuniteds01loss_0011/full/pct:12.5/0/default.jpg,Library of Congress,Unknown,united states,IMAGE
http://www.loc.gov/item/23007700/,"Pictures from the Pyrenees, cathedral reveries, an account of a journey from Italy to England, August, 1914 and seven years after /",1922,https://tile.loc.gov/image-services/iiif/public:gdcmassbookdig:picturesfrompyre00cope:picturesfrompyre00cope_0011/full/pct:12.5/0/default.jpg,Library of Congress,Unknown,pyrenees,IMAGE
http://www.loc.gov/item/08012818/,"Lyrics and landscapes,",1908,https://tile.loc.gov/image-services/iiif/public:gdcmassbookdig:lyricslandscapes00morr:lyricslandscapes00morr_0009/full/pct:12.5/0/default.jpg,Library of Congress,Unknown,United States,IMAGE
http://www.loc.gov/item/11005252/,"Ye kingdome of Accawmacke, or, The Eastern Shore of Virginia in the seventeenth century /",1911,https://tile.loc.gov/image-services/iiif/public:gdcmassbookdig:yekingdomeofacca00wise:yekingdomeofacca00wise_0005/full/pct:12.5/0/default.jpg,Library of Congress,Unknown,accomack county,IMAGE
http://www.loc.gov/item/22004659/,"American portraits, 1875-1900,",1922,https://tile.loc.gov/image-services/iiif/public:gdcmassbookdig:americanportrait01brad:americanportrait01brad_0011/full/pct:6.25/0/default.jpg,Library of Congress,Unknown,united states,IMAGE
http://www.loc.gov/item/06036209/,"The pilgrim's staff; poems divine and moral,",1906,https://tile.loc.gov/image-services/iiif/public:gdcmassbookdig:pilgrimsstaffpoe00carr:pilgrimsstaffpoe00carr_0009/full/pct:12.5/0/default.jpg,Library of Congress,Unknown,england,IMAGE
http://www.loc.gov/item/15013621/,The poetical works of Alfred Tennyson ...,1871,https://tile.loc.gov/image-services/iiif/public:gdcmassbookdig:poeticalworksofa05tenn:poeticalworksofa05tenn_0009/full/pct:12.5/0/default.jpg,Library of Congress,Unknown,United States,IMAGE
http://www.loc.gov/collections/carnegie-survey-architecture-of-the-south/about-this-collection/,Carnegie Survey of the Architecture of the South,1864,https://www.loc.gov/static/collections/carnegie-survey-architecture-of-the-south/500_500.jpg,Library of Congress,Unknown,united states,IMAGE
http://www.loc.gov/item/06035721/,"Walt Whitman: his life and work,",1906,https://tile.loc.gov/image-services/iiif/public:gdcmassbookdig:waltwhitmanhisli00perr:waltwhitmanhisli00perr_0007/full/pct:12.5/0/default.jpg,Library of Congress,Unknown,United States,IMAGE
http://www.loc.gov/item/11016236/,"A system of elocution, with special reference to gesture, to the treatment of stammering, and defective articulation ...",1841,https://tile.loc.gov/image-services/iiif/public:gdcmassbookdig:systemofelocutio00coms:systemofelocutio00coms_0011/full/pct:12.5/0/default.jpg,Library of Congress,Unknown,United States,IMAGE
http://www.loc.gov/item/17004962/,"The poetry of the Orient,",1874,https://tile.loc.gov/image-services/iiif/public:gdcmassbookdig:poetryoforien00alge:poetryoforien00alge_0007/full/pct:12.5/0/default.jpg,Library of Congress,Unknown,United States,IMAGE
http://www.loc.gov/item/15025251/,America at work /,1915,https://tile.loc.gov/image-services/iiif/public:gdcmassbookdig:americaatwork00husb:americaatwork00husb_0013/full/pct:12.5/0/default.jpg,Library of Congress,Unknown,United States,IMAGE
http://www.loc.gov/item/05040367/,"Salve Venetia; gleanings from Venetian history,",1905,https://tile.loc.gov/image-services/iiif/public:gdc:05040367v1:0015/full/pct:12.5/0/default.jpg,Library of Congress,Unknown,venice,IMAGE
http://www.loc.gov/item/unk81040855/,Charing Cross to St. Paul's.,1893,https://tile.loc.gov/image-services/iiif/public:gdcmassbookdig:charingcrosstost01mcca:charingcrosstost01mcca_0007/full/pct:12.5/0/default.jpg,Library of Congress,Unknown,london,IMAGE
http://www.loc.gov/item/19008372/,Ballads and sonnets.,1882,https://tile.loc.gov/image-services/iiif/public:gdcmassbookdig:balladssonnets00ross:balladssonnets00ross_0007/full/pct:12.5/0/default.jpg,Library of Congress,Unknown,United States,IMAGE
http://www.loc.gov/item/08037338/,"Benjamin Franklin, printer, statesman, philosopher and practical citizen, 1706-1790,",1898,https://tile.loc.gov/image-services/iiif/public:gdcmassbookdig:benjaminfranklin02robi:benjaminfranklin02robi_0009/full/pct:12.5/0/default.jpg,Library of Congress,Unknown,United States,IMAGE
http://www.loc.gov/item/02005586/,The art of folly [poems],1901,https://tile.loc.gov/image-services/iiif/public:gdcmassbookdig:artoffollypoems00ford:artoffollypoems00ford_0009/full/pct:6.25/0/default.jpg,Library of Congress,Unknown,United States,IMAGE
http://www.loc.gov/item/16005696/,"Impressions of the art at the Panama-Pacific Exposition,",1916,https://tile.loc.gov/image-services/iiif/public:gdcmassbookdig:impressionsofart00brin:impressionsofart00brin_0011/full/pct:12.5/0/default.jpg,Library of Congress,Unknown,san francisco,IMAGE
http://www.loc.gov/item/12025601/,"The unconquered air, and other poems,",1912,https://tile.loc.gov/image-services/iiif/public:gdcmassbookdig:unconqueredairot00coat:unconqueredairot00coat_0009/full/pct:12.5/0/default.jpg,Library of Congress,Unknown,United States,IMAGE
http://www.loc.gov/item/15007856/,"Laus Veneris, and other poems and ballads.",1866,https://tile.loc.gov/image-services/iiif/public:gdcmassbookdig:lausvenerisother00swin:lausvenerisother00swin_0007/full/pct:12.5/0/default.jpg,Library of Congress,Unknown,United States,IMAGE
http://www.loc.gov/item/38024572/,The poetical works of Henry Wadsworth Longfellow.,1875,https://tile.loc.gov/image-services/iiif/public:gdcmassbookdig:poeticalworksofh00long10:poeticalworksofh00long10_0007/full/pct:12.5/0/default.jpg,Library of Congress,Unknown,United States,IMAGE
http://www.loc.gov/item/05036793/,English hours /,1905,https://tile.loc.gov/image-services/iiif/public:gdcmassbookdig:englishhours00jame:englishhours00jame_0013/full/pct:12.5/0/default.jpg,Library of Congress,Unknown,england,IMAGE
http://www.loc.gov/item/12032976/resource/gdc.00513980206,[Volume 50] Harper's weekly.,1906,https://tile.loc.gov/image-services/iiif/public:gdc:00513980206:0005/full/pct:12.5/0/default.jpg,Library of Congress,Unknown,united states,IMAGE
http://www.loc.gov/item/01010726/,"Historical sketches of Plymouth, Luzerne Co., Penna. /",1873,https://tile.loc.gov/image-services/iiif/public:gdcmassbookdig:historicalsketch01wrig:historicalsketch01wrig_0015/full/pct:12.5/0/default.jpg,Library of Congress,Unknown,plymouth,IMAGE
http://www.loc.gov/item/01006971/,"Florida, The American Rivièra.",1887,https://tile.loc.gov/image-services/iiif/public:gdcmassbookdig:floridaamericanr00carr:floridaamericanr00carr_0015/full/pct:12.5/0/default.jpg,Library of Congress,Unknown,saint augustine,IMAGE
http://www.loc.gov/item/15012533/,Pictures of the French: a series of literary and graphic delineations of French character.,1840,https://tile.loc.gov/image-services/iiif/public:gdcmassbookdig:picturesoffrench00jan:picturesoffrench00jan_0013/full/pct:6.25/0/default.jpg,Library of Congress,Unknown,france,IMAGE
http://www.loc.gov/item/12032976/resource/gdc.00335877135,[Volume 26] Harper's weekly.,1882,https://tile.loc.gov/image-services/iiif/public:gdc:00335877135:0003/full/pct:6.25/0/default.jpg,Library of Congress,Unknown,united states,IMAGE
http://www.loc.gov/item/03012596/,The new Hyperion. From Paris to Marly by way of the Rhine.,1875,https://tile.loc.gov/image-services/iiif/public:gdcmassbookdig:newhyperionfromp00shin:newhyperionfromp00shin_0007/full/pct:6.25/0/default.jpg,Library of Congress,Unknown,europe,IMAGE
http://www.loc.gov/item/14006834/,Columbia,1914,https://tile.loc.gov/image-services/iiif/public:gdcmassbookdig:columbia00kepp:columbia00kepp_0013/full/pct:12.5/0/default.jpg,Library of Congress,Unknown,United States,IMAGE
http://www.loc.gov/item/12032976/resource/gdc.00335877032,[Volume 25] Harper's weekly.,1881,https://tile.loc.gov/image-services/iiif/public:gdc:00335877032:0003/full/pct:6.25/0/default.jpg,Library of Congress,Unknown,united states,IMAGE
http://www.loc.gov/item/11011181/,"John La Farge, a memoir and a study,",1911,https://tile.loc.gov/image-services/iiif/public:gdc:11011181:00070000/full/pct:12.5/0/default.jpg,Library of Congress,Unknown,United States,IMAGE
http://www.loc.gov/item/12032976/resource/gdc.00335877263,[Volume 1] Harper's weekly.,1857,https://tile.loc.gov/image-services/iiif/public:gdc:00335877263:0003/full/pct:6.25/0/default.jpg,Library of Congress,Unknown,united states,IMAGE
http://www.loc.gov/item/01010935/,"Fifty years of art, 1849-1899, being articles and illustrations selected from ""The Art journal.""",1900,https://tile.loc.gov/image-services/iiif/public:gdc:00538951900:0008/full/pct:12.5/0/default.jpg,Library of Congress,Unknown,United States,IMAGE
http://www.loc.gov/item/23012104/,"Early Philadelphia architects and engineers,",1923,https://tile.loc.gov/image-services/iiif/public:gdcmassbookdig:earlyphiladelphi00jack:earlyphiladelphi00jack_0007/full/pct:12.5/0/default.jpg,Library of Congress,Unknown,philadelphia,IMAGE
http://www.loc.gov/item/18015276/,"Market street, Philadelphia; the most historic highway in America, its merchants and its story,",1918,https://tile.loc.gov/image-services/iiif/public:gdcmassbookdig:marketstreetphil00jack:marketstreetphil00jack_0013/full/pct:12.5/0/default.jpg,Library of Congress,Unknown,philadelphia,IMAGE
http://www.loc.gov/item/09024461/,The new New York : a commentary on the place and the people /,1909,https://tile.loc.gov/image-services/iiif/public:gdcmassbookdig:newnewyorkcommen00vandy:newnewyorkcommen00vandy_0011/full/pct:12.5/0/default.jpg,Library of Congress,Unknown,new york,IMAGE
http://www.loc.gov/item/10025224/,Our house and the people in it /,1910,https://tile.loc.gov/image-services/iiif/public:gdcmassbookdig:ourhousepeoplein00penn:ourhousepeoplein00penn_0011/full/pct:12.5/0/default.jpg,Library of Congress,Unknown,england,IMAGE
http://www.loc.gov/item/78303808/,"Catalogue of the inaugural exhibition, Baltimore Museum of Art, February 22 to April 1.",1923,https://tile.loc.gov/image-services/iiif/public:gdcmassbookdig:catalogueofinaug00balt:catalogueofinaug00balt_0009/full/pct:12.5/0/default.jpg,Library of Congress,Unknown,United States,IMAGE
http://www.loc.gov/item/49039114/,Modern portraiture.,1922,https://tile.loc.gov/image-services/iiif/public:gdcmassbookdig:modernportraitur00doon:modernportraitur00doon_0007/full/pct:6.25/0/default.jpg,Library of Congress,Unknown,United States,IMAGE
http://www.loc.gov/item/06008871/,The opal sea : continued studies in impressions and appearances /,1906,https://tile.loc.gov/image-services/iiif/public:gdcmassbookdig:opalseacontinued01vand:opalseacontinued01vand_0007/full/pct:12.5/0/default.jpg,Library of Congress,Unknown,new york,IMAGE
http://www.loc.gov/item/02023068/,London people: sketched from life.,1863,https://tile.loc.gov/image-services/iiif/public:gdcmassbookdig:londonpeoplesket00benn:londonpeoplesket00benn_0011/full/pct:12.5/0/default.jpg,Library of Congress,Unknown,england,IMAGE
http://www.loc.gov/item/39020902/,"The ""Bab"" ballads.",1870,https://tile.loc.gov/image-services/iiif/public:gdcmassbookdig:babballads01gilb:babballads01gilb_0011/full/pct:12.5/0/default.jpg,Library of Congress,Unknown,United States,IMAGE
http://www.loc.gov/item/14010153/,In Indian tents /,1897,https://tile.loc.gov/image-services/iiif/public:gdcmassbookdig:inindiantents00alge:inindiantents00alge_0007/full/pct:12.5/0/default.jpg,Library of Congress,Unknown,new england,IMAGE
http://www.loc.gov/item/04011679/,"Greenhouse construction : a complete manual on the building, heating, ventilating and arrangement of greenhouses, and the construction of hotbeds, frames and plant pits /",1894,https://tile.loc.gov/image-services/iiif/public:gdcmassbookdig:greenhouseconstr01taft:greenhouseconstr01taft_0005/full/pct:12.5/0/default.jpg,Library of Congress,Unknown,United States,IMAGE
http://www.loc.gov/item/12011305/,"A practical treatise on the construction, heating, and ventilation of hot-houses : including conservatories, green-houses, graperies, and other kinds of horticultural structures : with practical directions for their management, in regard to light, heat, and air /",1851,https://tile.loc.gov/image-services/iiif/public:gdcmassbookdig:practicaltreatis02leuc:practicaltreatis02leuc_0009/full/pct:12.5/0/default.jpg,Library of Congress,Unknown,United States,IMAGE
27678235,File:African Troops in Burma during the Second World War SE1884.jpg,1939,https://upload.wikimedia.org/wikipedia/commons/f/f1/African_Troops_in_Burma_during_the_Second_World_War_SE1884.jpg?utm_source=commons.wikimedia.org&utm_campaign=imageinfo&utm_content=original,Wikimedia Commons,Public domain,,IMAGE
1254852,"File:American World War II senior military officials, 1945.JPEG",1945,https://upload.wikimedia.org/wikipedia/commons/0/0d/American_World_War_II_senior_military_officials%2C_1945.JPEG?utm_source=commons.wikimedia.org&utm_campaign=imageinfo&utm_content=original,Wikimedia Commons,Public domain,,IMAGE
39649070,File:Anti-invasion Defences in Britain during the Second World War H2463.jpg,1939,https://upload.wikimedia.org/wikipedia/commons/a/ab/Anti-invasion_Defences_in_Britain_during_the_Second_World_War_H2463.jpg?utm_source=commons.wikimedia.org&utm_campaign=imageinfo&utm_content=original,Wikimedia Commons,Public domain,,IMAGE
2846234,File:Attack on carrier USS Franklin 19 March 1945.jpg,1945,https://upload.wikimedia.org/wikipedia/commons/d/db/Attack_on_carrier_USS_Franklin_19_March_1945.jpg?utm_source=commons.wikimedia.org&utm_campaign=imageinfo&utm_content=original,Wikimedia Commons,Public domain,,IMAGE
24475817,File:Bristol Blenheim - France - Aerial Photography during the Second World War C1311.jpg,1939,https://upload.wikimedia.org/wikipedia/commons/d/df/Bristol_Blenheim_-_France_-_Aerial_Photography_during_the_Second_World_War_C1311.jpg?utm_source=commons.wikimedia.org&utm_campaign=imageinfo&utm_content=original,Wikimedia Commons,Public domain,,IMAGE
534242,File:Crew of a Sherman-tank south of Vaucelles.jpg,1944,https://upload.wikimedia.org/wikipedia/commons/9/92/Crew_of_a_Sherman-tank_south_of_Vaucelles.jpg?utm_source=commons.wikimedia.org&utm_campaign=imageinfo&utm_content=original,Wikimedia Commons,Public domain,,IMAGE
24478421,File:Douglas DC-3 - Air Ministry Second World War CI1269.jpg,1939,https://upload.wikimedia.org/wikipedia/commons/7/7a/Douglas_DC-3_-_Air_Ministry_Second_World_War_CI1269.jpg?utm_source=commons.wikimedia.org&utm_campaign=imageinfo&utm_content=original,Wikimedia Commons,Public domain,,IMAGE
53477455,File:Ebersbrunn-war-memorial-second-world-war-130067.jpg,2016,https://upload.wikimedia.org/wikipedia/commons/4/4a/Ebersbrunn-war-memorial-second-world-war-130067.jpg?utm_source=commons.wikimedia.org&utm_campaign=imageinfo&utm_content=original,Wikimedia Commons,CC BY-SA 4.0,,IMAGE
8815175,File:Infobox collage for WWII.PNG,2009,https://upload.wikimedia.org/wikipedia/commons/5/54/Infobox_collage_for_WWII.PNG?utm_source=commons.wikimedia.org&utm_campaign=imageinfo&utm_content=original,Wikimedia Commons,CC BY-SA 3.0 de,,IMAGE
58119,File:Koeln 1945.jpg,1945,https://upload.wikimedia.org/wikipedia/commons/7/7f/Koeln_1945.jpg?utm_source=commons.wikimedia.org&utm_campaign=imageinfo&utm_content=original,Wikimedia Commons,Public domain,,IMAGE
24476657,File:Lockheed Hudson - Royal Air Force during the Second World War COL184.jpg,1939,https://upload.wikimedia.org/wikipedia/commons/6/6d/Lockheed_Hudson_-_Royal_Air_Force_during_the_Second_World_War_COL184.jpg?utm_source=commons.wikimedia.org&utm_campaign=imageinfo&utm_content=original,Wikimedia Commons,Public domain,,IMAGE
93758525,"File:Mamoru Shigemitsu signs the Instrument of Surrender, officially ending the Second World War.jpg",1945,https://upload.wikimedia.org/wikipedia/commons/9/94/Mamoru_Shigemitsu_signs_the_Instrument_of_Surrender%2C_officially_ending_the_Second_World_War.jpg?utm_source=commons.wikimedia.org&utm_campaign=imageinfo&utm_content=original,Wikimedia Commons,Public domain,,IMAGE
289923,"File:Mamoru Shigemitsu signs the Instrument of Surrender, officially ending the Second World War - Alt.jpg",1945,https://upload.wikimedia.org/wikipedia/commons/0/0f/Mamoru_Shigemitsu_signs_the_Instrument_of_Surrender%2C_officially_ending_the_Second_World_War_-_Alt.jpg?utm_source=commons.wikimedia.org&utm_campaign=imageinfo&utm_content=original,Wikimedia Commons,Public domain,,IMAGE
94263345,File:Military cemetery from World War I and World War II in Dąbrowa Tarnawacka near Tarnawatka.jpg,2020,https://upload.wikimedia.org/wikipedia/commons/6/66/Military_cemetery_from_World_War_I_and_World_War_II_in_D%C4%85browa_Tarnawacka_near_Tarnawatka.jpg?utm_source=commons.wikimedia.org&utm_campaign=imageinfo&utm_content=original,Wikimedia Commons,CC BY-SA 4.0,,IMAGE
94374798,File:Military cemetery from World War I and World War II in Dąbrowa Tarnawacka near Tarnawatka (10).jpg,2020,https://upload.wikimedia.org/wikipedia/commons/6/69/Military_cemetery_from_World_War_I_and_World_War_II_in_D%C4%85browa_Tarnawacka_near_Tarnawatka_%2810%29.jpg?utm_source=commons.wikimedia.org&utm_campaign=imageinfo&utm_content=original,Wikimedia Commons,CC BY-SA 4.0,,IMAGE
94373932,File:Military cemetery from World War I and World War II in Dąbrowa Tarnawacka near Tarnawatka (3).jpg,2020,https://upload.wikimedia.org/wikipedia/commons/8/8d/Military_cemetery_from_World_War_I_and_World_War_II_in_D%C4%85browa_Tarnawacka_near_Tarnawatka_%283%29.jpg?utm_source=commons.wikimedia.org&utm_campaign=imageinfo&utm_content=original,Wikimedia Commons,CC BY-SA 4.0,,IMAGE
94374021,File:Military cemetery from World War I and World War II in Dąbrowa Tarnawacka near Tarnawatka (4).jpg,2020,https://upload.wikimedia.org/wikipedia/commons/a/a9/Military_cemetery_from_World_War_I_and_World_War_II_in_D%C4%85browa_Tarnawacka_near_Tarnawatka_%284%29.jpg?utm_source=commons.wikimedia.org&utm_campaign=imageinfo&utm_content=original,Wikimedia Commons,CC BY-SA 4.0,,IMAGE
94374143,File:Military cemetery from World War I and World War II in Dąbrowa Tarnawacka near Tarnawatka (5).jpg,2020,https://upload.wikimedia.org/wikipedia/commons/a/a6/Military_cemetery_from_World_War_I_and_World_War_II_in_D%C4%85browa_Tarnawacka_near_Tarnawatka_%285%29.jpg?utm_source=commons.wikimedia.org&utm_campaign=imageinfo&utm_content=original,Wikimedia Commons,CC BY-SA 4.0,,IMAGE
94374202,File:Military cemetery from World War I and World War II in Dąbrowa Tarnawacka near Tarnawatka (6).jpg,2020,https://upload.wikimedia.org/wikipedia/commons/7/7d/Military_cemetery_from_World_War_I_and_World_War_II_in_D%C4%85browa_Tarnawacka_near_Tarnawatka_%286%29.jpg?utm_source=commons.wikimedia.org&utm_campaign=imageinfo&utm_content=original,Wikimedia Commons,CC BY-SA 4.0,,IMAGE
94374277,File:Military cemetery from World War I and World War II in Dąbrowa Tarnawacka near Tarnawatka (7).jpg,2020,https://upload.wikimedia.org/wikipedia/commons/e/e6/Military_cemetery_from_World_War_I_and_World_War_II_in_D%C4%85browa_Tarnawacka_near_Tarnawatka_%287%29.jpg?utm_source=commons.wikimedia.org&utm_campaign=imageinfo&utm_content=original,Wikimedia Commons,CC BY-SA 4.0,,IMAGE
94374433,File:Military cemetery from World War I and World War II in Dąbrowa Tarnawacka near Tarnawatka (8).jpg,2020,https://upload.wikimedia.org/wikipedia/commons/e/e4/Military_cemetery_from_World_War_I_and_World_War_II_in_D%C4%85browa_Tarnawacka_near_Tarnawatka_%288%29.jpg?utm_source=commons.wikimedia.org&utm_campaign=imageinfo&utm_content=original,Wikimedia Commons,CC BY-SA 4.0,,IMAGE
94374606,File:Military cemetery from World War I and World War II in Dąbrowa Tarnawacka near Tarnawatka (9).jpg,2020,https://upload.wikimedia.org/wikipedia/commons/0/0d/Military_cemetery_from_World_War_I_and_World_War_II_in_D%C4%85browa_Tarnawacka_near_Tarnawatka_%289%29.jpg?utm_source=commons.wikimedia.org&utm_campaign=imageinfo&utm_content=original,Wikimedia Commons,CC BY-SA 4.0,,IMAGE
82563524,File:Monument to the victims of World War II in Sisian (1).jpg,2019,https://upload.wikimedia.org/wikipedia/commons/2/2f/Monument_to_the_victims_of_World_War_II_in_Sisian_%281%29.jpg?utm_source=commons.wikimedia.org&utm_campaign=imageinfo&utm_content=original,Wikimedia Commons,CC BY-SA 4.0,,IMAGE
164426700,File:Museum of the Second World War in Gdańsk 2025b.jpg,2025,https://upload.wikimedia.org/wikipedia/commons/5/59/Museum_of_the_Second_World_War_in_Gda%C5%84sk_2025b.jpg?utm_source=commons.wikimedia.org&utm_campaign=imageinfo&utm_content=original,Wikimedia Commons,CC BY 3.0 pl,,IMAGE
164426699,File:Museum of the Second World War in Gdańsk 2025c.jpg,2025,https://upload.wikimedia.org/wikipedia/commons/9/9a/Museum_of_the_Second_World_War_in_Gda%C5%84sk_2025c.jpg?utm_source=commons.wikimedia.org&utm_campaign=imageinfo&utm_content=original,Wikimedia Commons,CC BY 3.0 pl,,IMAGE
176515260,File:Percentage of destruction of German cities at the end of the Second World War.jpg,2025,https://upload.wikimedia.org/wikipedia/commons/4/45/Percentage_of_destruction_of_German_cities_at_the_end_of_the_Second_World_War.jpg?utm_source=commons.wikimedia.org&utm_campaign=imageinfo&utm_content=original,Wikimedia Commons,CC BY 4.0,,IMAGE
24367476,File:Scene in a London Dockyard during the Second World War D1222.jpg,1939,https://upload.wikimedia.org/wikipedia/commons/9/94/Scene_in_a_London_Dockyard_during_the_Second_World_War_D1222.jpg?utm_source=commons.wikimedia.org&utm_campaign=imageinfo&utm_content=original,Wikimedia Commons,Public domain,,IMAGE
25884832,File:Second World War Europe 01 1942 ca.svg,2013,https://upload.wikimedia.org/wikipedia/commons/5/5f/Second_World_War_Europe_01_1942_ca.svg?utm_source=commons.wikimedia.org&utm_campaign=imageinfo&utm_content=original,Wikimedia Commons,CC BY-SA 3.0,,IMAGE
284397,File:Second world war europe animation large de.gif,2005,https://upload.wikimedia.org/wikipedia/commons/7/74/Second_world_war_europe_animation_large_de.gif?utm_source=commons.wikimedia.org&utm_campaign=imageinfo&utm_content=original,Wikimedia Commons,CC BY-SA 3.0,,IMAGE
24471839,File:The Royal Air Force during the Second World War CH13151.jpg,1944,https://upload.wikimedia.org/wikipedia/commons/5/5f/The_Royal_Air_Force_during_the_Second_World_War_CH13151.jpg?utm_source=commons.wikimedia.org&utm_campaign=imageinfo&utm_content=original,Wikimedia Commons,Public domain,,IMAGE
25101152,File:The Royal Navy during the Second World War A22229.jpg,1939,https://upload.wikimedia.org/wikipedia/commons/4/48/The_Royal_Navy_during_the_Second_World_War_A22229.jpg?utm_source=commons.wikimedia.org&utm_campaign=imageinfo&utm_content=original,Wikimedia Commons,Public domain,,IMAGE
190651295,"File:Tire Damage, Italian Front, World War II, 1945.jpg",1945,https://upload.wikimedia.org/wikipedia/commons/a/ab/Tire_Damage%2C_Italian_Front%2C_World_War_II%2C_1945.jpg?utm_source=commons.wikimedia.org&utm_campaign=imageinfo&utm_content=original,Wikimedia Commons,Public domain,,IMAGE
32180196,File:UK-2014-London-Monument to the Women of World War II (1).jpg,2014,https://upload.wikimedia.org/wikipedia/commons/c/c9/UK-2014-London-Monument_to_the_Women_of_World_War_II_%281%29.jpg?utm_source=commons.wikimedia.org&utm_campaign=imageinfo&utm_content=original,Wikimedia Commons,CC BY-SA 4.0,,IMAGE
24468279,File:Vickers Wellington - Air Ministry Second World War CH1756.jpg,1939,https://upload.wikimedia.org/wikipedia/commons/7/76/Vickers_Wellington_-_Air_Ministry_Second_World_War_CH1756.jpg?utm_source=commons.wikimedia.org&utm_campaign=imageinfo&utm_content=original,Wikimedia Commons,Public domain,,IMAGE
24502796,File:War Office Second World War Official Collection B11634.jpg,1939,https://upload.wikimedia.org/wikipedia/commons/3/30/War_Office_Second_World_War_Official_Collection_B11634.jpg?utm_source=commons.wikimedia.org&utm_campaign=imageinfo&utm_content=original,Wikimedia Commons,Public domain,,IMAGE
89894986,"File:War grave for World war II on the cemetery Halbturn, Burgenland, Austria-lower wide PNr°0710.jpg",2020,https://upload.wikimedia.org/wikipedia/commons/4/48/War_grave_for_World_war_II_on_the_cemetery_Halbturn%2C_Burgenland%2C_Austria-lower_wide_PNr%C2%B00710.jpg?utm_source=commons.wikimedia.org&utm_campaign=imageinfo&utm_content=original,Wikimedia Commons,CC BY-SA 4.0,,IMAGE
118411219,"File:War memorial for World war I+II in Achau, Lower Austria, Austria PNr°0931.jpg",2022,https://upload.wikimedia.org/wikipedia/commons/a/aa/War_memorial_for_World_war_I%2BII_in_Achau%2C_Lower_Austria%2C_Austria_PNr%C2%B00931.jpg?utm_source=commons.wikimedia.org&utm_campaign=imageinfo&utm_content=original,Wikimedia Commons,CC BY-SA 4.0,,IMAGE
118413815,"File:War memorial for World war I+II in Ebergassing, Lower Austria, Austria PNr°0933.jpg",2022,https://upload.wikimedia.org/wikipedia/commons/5/58/War_memorial_for_World_war_I%2BII_in_Ebergassing%2C_Lower_Austria%2C_Austria_PNr%C2%B00933.jpg?utm_source=commons.wikimedia.org&utm_campaign=imageinfo&utm_content=original,Wikimedia Commons,CC BY-SA 4.0,,IMAGE
97413965,"File:War memorial for World war I+II in Hölles, Lower Austria, Austria-full PNr°0777.jpg",2020,https://upload.wikimedia.org/wikipedia/commons/0/05/War_memorial_for_World_war_I%2BII_in_H%C3%B6lles%2C_Lower_Austria%2C_Austria-full_PNr%C2%B00777.jpg?utm_source=commons.wikimedia.org&utm_campaign=imageinfo&utm_content=original,Wikimedia Commons,CC BY-SA 4.0,,IMAGE
97413972,"File:War memorial for World war I+II in Hölles, Lower Austria, Austria-plate WWII PNr°0779.jpg",2020,https://upload.wikimedia.org/wikipedia/commons/3/35/War_memorial_for_World_war_I%2BII_in_H%C3%B6lles%2C_Lower_Austria%2C_Austria-plate_WWII_PNr%C2%B00779.jpg?utm_source=commons.wikimedia.org&utm_campaign=imageinfo&utm_content=original,Wikimedia Commons,CC BY-SA 4.0,,IMAGE
97413967,"File:War memorial for World war I+II in Hölles, Lower Austria, Austria-plate WWI PNr°0778.jpg",2020,https://upload.wikimedia.org/wikipedia/commons/d/d3/War_memorial_for_World_war_I%2BII_in_H%C3%B6lles%2C_Lower_Austria%2C_Austria-plate_WWI_PNr%C2%B00778.jpg?utm_source=commons.wikimedia.org&utm_campaign=imageinfo&utm_content=original,Wikimedia Commons,CC BY-SA 4.0,,IMAGE
118128623,"File:War memorial for World war I+II in Leopoldsdorf, Lower Austria, Austria PNr°0930.jpg",2022,https://upload.wikimedia.org/wikipedia/commons/b/be/War_memorial_for_World_war_I%2BII_in_Leopoldsdorf%2C_Lower_Austria%2C_Austria_PNr%C2%B00930.jpg?utm_source=commons.wikimedia.org&utm_campaign=imageinfo&utm_content=original,Wikimedia Commons,CC BY-SA 4.0,,IMAGE
24478354,File:Westland Lysander - Air Ministry Second World War Official Collection CI311.jpg,1939,https://upload.wikimedia.org/wikipedia/commons/4/45/Westland_Lysander_-_Air_Ministry_Second_World_War_Official_Collection_CI311.jpg?utm_source=commons.wikimedia.org&utm_campaign=imageinfo&utm_content=original,Wikimedia Commons,Public domain,,IMAGE
30905943,"File:Winston Churchill in the Second World War, with Boeing Fortress Mk.I overhead H10313.jpg",1939,https://upload.wikimedia.org/wikipedia/commons/d/d7/Winston_Churchill_in_the_Second_World_War%2C_with_Boeing_Fortress_Mk.I_overhead_H10313.jpg?utm_source=commons.wikimedia.org&utm_campaign=imageinfo&utm_content=original,Wikimedia Commons,Public domain,,IMAGE
71325461,"File:World War II Guard Pillbox, Robben Island (01).jpg",2018,https://upload.wikimedia.org/wikipedia/commons/f/fe/World_War_II_Guard_Pillbox%2C_Robben_Island_%2801%29.jpg?utm_source=commons.wikimedia.org&utm_campaign=imageinfo&utm_content=original,Wikimedia Commons,CC BY-SA 4.0,,IMAGE
156479092,File:World War II collage.jpg,2024,https://upload.wikimedia.org/wikipedia/commons/c/c0/World_War_II_collage.jpg?utm_source=commons.wikimedia.org&utm_campaign=imageinfo&utm_content=original,Wikimedia Commons,CC0,,IMAGE
75313972,File:World War II memorial in Gyumri.jpg,2018,https://upload.wikimedia.org/wikipedia/commons/9/9f/World_War_II_memorial_in_Gyumri.jpg?utm_source=commons.wikimedia.org&utm_campaign=imageinfo&utm_content=original,Wikimedia Commons,CC BY-SA 4.0,,IMAGE
2851215,"File:World War II woman aircraft worker, Vega Aircraft Corporation, Burbank, California 1942.jpg",1942,https://upload.wikimedia.org/wikipedia/commons/d/d1/World_War_II_woman_aircraft_worker%2C_Vega_Aircraft_Corporation%2C_Burbank%2C_California_1942.jpg?utm_source=commons.wikimedia.org&utm_campaign=imageinfo&utm_content=original,Wikimedia Commons,Public domain,,IMAGE
127452388,"File:A World War II Memorial in Poblacion, Banton, Romblon, Philippines. Carved in the marble are names of Bantoanon war veterans.jpg",2022,https://upload.wikimedia.org/wikipedia/commons/d/d4/A_World_War_II_Memorial_in_Poblacion%2C_Banton%2C_Romblon%2C_Philippines._Carved_in_the_marble_are_names_of_Bantoanon_war_veterans.jpg?utm_source=commons.wikimedia.org&utm_campaign=imageinfo&utm_content=original,Wikimedia Commons,CC BY-SA 4.0,,IMAGE
24396417,File:Animals during the Second World War C1746.jpg,1939,https://upload.wikimedia.org/wikipedia/commons/b/b4/Animals_during_the_Second_World_War_C1746.jpg?utm_source=commons.wikimedia.org&utm_campaign=imageinfo&utm_content=original,Wikimedia Commons,Public domain,,IMAGE
24397059,File:Avro Lancaster - Waddington - Aircraft of the Royal Air Force in the Second World War 1939-1945 MH6448.jpg,1939,https://upload.wikimedia.org/wikipedia/commons/6/63/Avro_Lancaster_-_Waddington_-_Aircraft_of_the_Royal_Air_Force_in_the_Second_World_War_1939-1945_MH6448.jpg?utm_source=commons.wikimedia.org&utm_campaign=imageinfo&utm_content=original,Wikimedia Commons,Public domain,,IMAGE
24468165,File:Bristol Blenheim - Air Ministry Second World War Official Collection CH1606.jpg,1939,https://upload.wikimedia.org/wikipedia/commons/b/ba/Bristol_Blenheim_-_Air_Ministry_Second_World_War_Official_Collection_CH1606.jpg?utm_source=commons.wikimedia.org&utm_campaign=imageinfo&utm_content=original,Wikimedia Commons,Public domain,,IMAGE
24478386,File:Bristol Blenheim - Far East - Air Ministry Second World War Official Collection CI241.jpg,1939,https://upload.wikimedia.org/wikipedia/commons/8/8b/Bristol_Blenheim_-_Far_East_-_Air_Ministry_Second_World_War_Official_Collection_CI241.jpg?utm_source=commons.wikimedia.org&utm_campaign=imageinfo&utm_content=original,Wikimedia Commons,Public domain,,IMAGE
25271911,File:British Medical Services in the Second World War A11529.jpg,1939,https://upload.wikimedia.org/wikipedia/commons/4/44/British_Medical_Services_in_the_Second_World_War_A11529.jpg?utm_source=commons.wikimedia.org&utm_campaign=imageinfo&utm_content=original,Wikimedia Commons,Public domain,,IMAGE
24495218,File:British Medical Services in the Second World War B10557.jpg,1939,https://upload.wikimedia.org/wikipedia/commons/6/62/British_Medical_Services_in_the_Second_World_War_B10557.jpg?utm_source=commons.wikimedia.org&utm_campaign=imageinfo&utm_content=original,Wikimedia Commons,Public domain,,IMAGE
24495222,File:British Medical Services in the Second World War B10559.jpg,1939,https://upload.wikimedia.org/wikipedia/commons/9/97/British_Medical_Services_in_the_Second_World_War_B10559.jpg?utm_source=commons.wikimedia.org&utm_campaign=imageinfo&utm_content=original,Wikimedia Commons,Public domain,,IMAGE
24495020,File:British Medical Services in the Second World War B14297.jpg,1945,https://upload.wikimedia.org/wikipedia/commons/d/db/British_Medical_Services_in_the_Second_World_War_B14297.jpg?utm_source=commons.wikimedia.org&utm_campaign=imageinfo&utm_content=original,Wikimedia Commons,Public domain,,IMAGE
25347140,File:British Medical Services in the Second World War B14300.jpg,1945,https://upload.wikimedia.org/wikipedia/commons/3/3b/British_Medical_Services_in_the_Second_World_War_B14300.jpg?utm_source=commons.wikimedia.org&utm_campaign=imageinfo&utm_content=original,Wikimedia Commons,Public domain,,IMAGE
24489594,File:British Medical Services in the Second World War B15255.jpg,1945,https://upload.wikimedia.org/wikipedia/commons/8/8a/British_Medical_Services_in_the_Second_World_War_B15255.jpg?utm_source=commons.wikimedia.org&utm_campaign=imageinfo&utm_content=original,Wikimedia Commons,Public domain,,IMAGE
25338888,File:British Medical Services in the Second World War F2141L.jpg,1940,https://upload.wikimedia.org/wikipedia/commons/0/09/British_Medical_Services_in_the_Second_World_War_F2141L.jpg?utm_source=commons.wikimedia.org&utm_campaign=imageinfo&utm_content=original,Wikimedia Commons,Public domain,,IMAGE
25338651,File:British Medical Services in the Second World War H29535.jpg,1943,https://upload.wikimedia.org/wikipedia/commons/f/fb/British_Medical_Services_in_the_Second_World_War_H29535.jpg?utm_source=commons.wikimedia.org&utm_campaign=imageinfo&utm_content=original,Wikimedia Commons,Public domain,,IMAGE
25297393,File:British Medical Services in the Second World War NA10220.jpg,1943,https://upload.wikimedia.org/wikipedia/commons/6/6c/British_Medical_Services_in_the_Second_World_War_NA10220.jpg?utm_source=commons.wikimedia.org&utm_campaign=imageinfo&utm_content=original,Wikimedia Commons,Public domain,,IMAGE
25297392,File:British Medical Services in the Second World War NA10223.jpg,1943,https://upload.wikimedia.org/wikipedia/commons/1/1c/British_Medical_Services_in_the_Second_World_War_NA10223.jpg?utm_source=commons.wikimedia.org&utm_campaign=imageinfo&utm_content=original,Wikimedia Commons,Public domain,,IMAGE
25297390,File:British Medical Services in the Second World War NA10229.jpg,1943,https://upload.wikimedia.org/wikipedia/commons/4/41/British_Medical_Services_in_the_Second_World_War_NA10229.jpg?utm_source=commons.wikimedia.org&utm_campaign=imageinfo&utm_content=original,Wikimedia Commons,Public domain,,IMAGE
25296695,File:British Medical Services in the Second World War NA10233.jpg,1943,https://upload.wikimedia.org/wikipedia/commons/9/92/British_Medical_Services_in_the_Second_World_War_NA10233.jpg?utm_source=commons.wikimedia.org&utm_campaign=imageinfo&utm_content=original,Wikimedia Commons,Public domain,,IMAGE
25297389,File:British Medical Services in the Second World War NA10270.jpg,1943,https://upload.wikimedia.org/wikipedia/commons/8/83/British_Medical_Services_in_the_Second_World_War_NA10270.jpg?utm_source=commons.wikimedia.org&utm_campaign=imageinfo&utm_content=original,Wikimedia Commons,Public domain,,IMAGE
25296130,File:British Medical Services in the Second World War NA12424.jpg,1939,https://upload.wikimedia.org/wikipedia/commons/c/c3/British_Medical_Services_in_the_Second_World_War_NA12424.jpg?utm_source=commons.wikimedia.org&utm_campaign=imageinfo&utm_content=original,Wikimedia Commons,Public domain,,IMAGE
25297396,File:British Medical Services in the Second World War NA13013.jpg,1944,https://upload.wikimedia.org/wikipedia/commons/f/f6/British_Medical_Services_in_the_Second_World_War_NA13013.jpg?utm_source=commons.wikimedia.org&utm_campaign=imageinfo&utm_content=original,Wikimedia Commons,Public domain,,IMAGE
25297394,File:British Medical Services in the Second World War NA13817.jpg,1944,https://upload.wikimedia.org/wikipedia/commons/d/d5/British_Medical_Services_in_the_Second_World_War_NA13817.jpg?utm_source=commons.wikimedia.org&utm_campaign=imageinfo&utm_content=original,Wikimedia Commons,Public domain,,IMAGE
25312710,File:British Medical Services in the Second World War O1867.jpg,1939,https://upload.wikimedia.org/wikipedia/commons/3/38/British_Medical_Services_in_the_Second_World_War_O1867.jpg?utm_source=commons.wikimedia.org&utm_campaign=imageinfo&utm_content=original,Wikimedia Commons,Public domain,,IMAGE
25092093,File:Dover during the Second World War HU86164.jpg,1939,https://upload.wikimedia.org/wikipedia/commons/2/23/Dover_during_the_Second_World_War_HU86164.jpg?utm_source=commons.wikimedia.org&utm_campaign=imageinfo&utm_content=original,Wikimedia Commons,Public domain,,IMAGE
28416254,"File:First World War and Second World War plaques at the Natural History Museum, London.jpg",2013,https://upload.wikimedia.org/wikipedia/commons/2/2e/First_World_War_and_Second_World_War_plaques_at_the_Natural_History_Museum%2C_London.jpg?utm_source=commons.wikimedia.org&utm_campaign=imageinfo&utm_content=original,Wikimedia Commons,CC BY-SA 3.0,,IMAGE
30907364,File:Gibraltar during the Second World War GM4392.jpg,1939,https://upload.wikimedia.org/wikipedia/commons/c/c4/Gibraltar_during_the_Second_World_War_GM4392.jpg?utm_source=commons.wikimedia.org&utm_campaign=imageinfo&utm_content=original,Wikimedia Commons,Public domain,,IMAGE
24467661,File:Hawker Hurricane - Martlesham - Air Ministry Second World War Official Collection CH1673.jpg,1939,https://upload.wikimedia.org/wikipedia/commons/d/dc/Hawker_Hurricane_-_Martlesham_-_Air_Ministry_Second_World_War_Official_Collection_CH1673.jpg?utm_source=commons.wikimedia.org&utm_campaign=imageinfo&utm_content=original,Wikimedia Commons,Public domain,,IMAGE
99238572,"File:Minnesota World War II Veterans Memorial, Minnesota State Capitol, Saint Paul, Minnesota-west.jpg",2018,https://upload.wikimedia.org/wikipedia/commons/e/ee/Minnesota_World_War_II_Veterans_Memorial%2C_Minnesota_State_Capitol%2C_Saint_Paul%2C_Minnesota-west.jpg?utm_source=commons.wikimedia.org&utm_campaign=imageinfo&utm_content=original,Wikimedia Commons,CC BY-SA 2.0,,IMAGE
99238573,"File:Minnesota World War II Veterans Memorial, Minnesota State Capitol, Saint Paul, Minnesota.jpg",2018,https://upload.wikimedia.org/wikipedia/commons/e/e3/Minnesota_World_War_II_Veterans_Memorial%2C_Minnesota_State_Capitol%2C_Saint_Paul%2C_Minnesota.jpg?utm_source=commons.wikimedia.org&utm_campaign=imageinfo&utm_content=original,Wikimedia Commons,CC BY-SA 2.0,,IMAGE
164426697,File:Museum of the Second World War in Gdańsk 2025a.jpg,2025,https://upload.wikimedia.org/wikipedia/commons/f/f3/Museum_of_the_Second_World_War_in_Gda%C5%84sk_2025a.jpg?utm_source=commons.wikimedia.org&utm_campaign=imageinfo&utm_content=original,Wikimedia Commons,CC BY 3.0 pl,,IMAGE
186705801,File:Museum of the Second World War in Gdańsk 2025d.jpg,2025,https://upload.wikimedia.org/wikipedia/commons/8/85/Museum_of_the_Second_World_War_in_Gda%C5%84sk_2025d.jpg?utm_source=commons.wikimedia.org&utm_campaign=imageinfo&utm_content=original,Wikimedia Commons,CC BY 3.0 pl,,IMAGE
186705800,File:Museum of the Second World War in Gdańsk 2025e.jpg,2025,https://upload.wikimedia.org/wikipedia/commons/b/b6/Museum_of_the_Second_World_War_in_Gda%C5%84sk_2025e.jpg?utm_source=commons.wikimedia.org&utm_campaign=imageinfo&utm_content=original,Wikimedia Commons,CC BY 3.0 pl,,IMAGE
187849729,File:Museum of the Second World War in Gdańsk 2025i.jpg,2025,https://upload.wikimedia.org/wikipedia/commons/2/20/Museum_of_the_Second_World_War_in_Gda%C5%84sk_2025i.jpg?utm_source=commons.wikimedia.org&utm_campaign=imageinfo&utm_content=original,Wikimedia Commons,CC BY 3.0 pl,,IMAGE
25077984,File:The Royal Navy during the Second World War HMS Bachaquero at Bone IWM A 15709.jpg,1939,https://upload.wikimedia.org/wikipedia/commons/b/b6/The_Royal_Navy_during_the_Second_World_War_HMS_Bachaquero_at_Bone_IWM_A_15709.jpg?utm_source=commons.wikimedia.org&utm_campaign=imageinfo&utm_content=original,Wikimedia Commons,Public domain,,IMAGE
24396721,File:The Royal Navy during the Second World War TR1509.jpg,1939,https://upload.wikimedia.org/wikipedia/commons/7/7f/The_Royal_Navy_during_the_Second_World_War_TR1509.jpg?utm_source=commons.wikimedia.org&utm_campaign=imageinfo&utm_content=original,Wikimedia Commons,Public domain,,IMAGE
24397517,File:The Second World War- Personalities TR2720.jpg,1945,https://upload.wikimedia.org/wikipedia/commons/d/d1/The_Second_World_War-_Personalities_TR2720.jpg?utm_source=commons.wikimedia.org&utm_campaign=imageinfo&utm_content=original,Wikimedia Commons,Public domain,,IMAGE
24397521,File:The Second World War- Personalities TR2733.jpg,1945,https://upload.wikimedia.org/wikipedia/commons/2/20/The_Second_World_War-_Personalities_TR2733.jpg?utm_source=commons.wikimedia.org&utm_campaign=imageinfo&utm_content=original,Wikimedia Commons,Public domain,,IMAGE
24397513,File:The Second World War- Personalities TR2736.jpg,1939,https://upload.wikimedia.org/wikipedia/commons/d/d6/The_Second_World_War-_Personalities_TR2736.jpg?utm_source=commons.wikimedia.org&utm_campaign=imageinfo&utm_content=original,Wikimedia Commons,Public domain,,IMAGE
84811116,File:The Second World War- Personalities TR2736 (cropped).jpg,1939,https://upload.wikimedia.org/wikipedia/commons/a/a3/The_Second_World_War-_Personalities_TR2736_%28cropped%29.jpg?utm_source=commons.wikimedia.org&utm_campaign=imageinfo&utm_content=original,Wikimedia Commons,Public domain,,IMAGE
24397087,File:The Second World War - Personalities TR1232.jpg,1939,https://upload.wikimedia.org/wikipedia/commons/8/8b/The_Second_World_War_-_Personalities_TR1232.jpg?utm_source=commons.wikimedia.org&utm_campaign=imageinfo&utm_content=original,Wikimedia Commons,Public domain,,IMAGE
24397199,File:The Second World War - Personalities TR1235.jpg,1939,https://upload.wikimedia.org/wikipedia/commons/1/11/The_Second_World_War_-_Personalities_TR1235.jpg?utm_source=commons.wikimedia.org&utm_campaign=imageinfo&utm_content=original,Wikimedia Commons,Public domain,,IMAGE
24397194,File:The Second World War - Personalities TR1237.jpg,1939,https://upload.wikimedia.org/wikipedia/commons/0/04/The_Second_World_War_-_Personalities_TR1237.jpg?utm_source=commons.wikimedia.org&utm_campaign=imageinfo&utm_content=original,Wikimedia Commons,Public domain,,IMAGE
24426629,File:War Industry in Britain during the Second World War TR840.jpg,1939,https://upload.wikimedia.org/wikipedia/commons/c/ce/War_Industry_in_Britain_during_the_Second_World_War_TR840.jpg?utm_source=commons.wikimedia.org&utm_campaign=imageinfo&utm_content=original,Wikimedia Commons,Public domain,,IMAGE
24502799,File:War Office Second World War Official Collection B11652.jpg,1939,https://upload.wikimedia.org/wikipedia/commons/5/5d/War_Office_Second_World_War_Official_Collection_B11652.jpg?utm_source=commons.wikimedia.org&utm_campaign=imageinfo&utm_content=original,Wikimedia Commons,Public domain,,IMAGE
30881223,File:War Office Second World War Official Collection BU7121.jpg,1939,https://upload.wikimedia.org/wikipedia/commons/3/3a/War_Office_Second_World_War_Official_Collection_BU7121.jpg?utm_source=commons.wikimedia.org&utm_campaign=imageinfo&utm_content=original,Wikimedia Commons,Public domain,,IMAGE
83461964,File:War Office Second World War Official Collection E15202-cropped.jpg,1939,https://upload.wikimedia.org/wikipedia/commons/d/df/War_Office_Second_World_War_Official_Collection_E15202-cropped.jpg?utm_source=commons.wikimedia.org&utm_campaign=imageinfo&utm_content=original,Wikimedia Commons,Public domain,,IMAGE
144671148,File:West Coast Memorial to the Missing of World War II - January 2024 (8731).jpg,2024,https://upload.wikimedia.org/wikipedia/commons/7/72/West_Coast_Memorial_to_the_Missing_of_World_War_II_-_January_2024_%288731%29.jpg?utm_source=commons.wikimedia.org&utm_campaign=imageinfo&utm_content=original,Wikimedia Commons,CC BY 4.0,,IMAGE
25338258,File:West Indians in Britain during the Second World War H15858.jpg,1939,https://upload.wikimedia.org/wikipedia/commons/2/26/West_Indians_in_Britain_during_the_Second_World_War_H15858.jpg?utm_source=commons.wikimedia.org&utm_campaign=imageinfo&utm_content=original,Wikimedia Commons,Public domain,,IMAGE
25337540,File:West Indians in Britain during the Second World War H37516.jpg,1939,https://upload.wikimedia.org/wikipedia/commons/5/5c/West_Indians_in_Britain_during_the_Second_World_War_H37516.jpg?utm_source=commons.wikimedia.org&utm_campaign=imageinfo&utm_content=original,Wikimedia Commons,Public domain,,IMAGE
156958936,File:1941 Martin-Urban-im-II-Weltkrieg Wachestehen-in-Polen.jpg,1941,https://upload.wikimedia.org/wikipedia/commons/2/28/1941_Martin-Urban-im-II-Weltkrieg_Wachestehen-in-Polen.jpg?utm_source=commons.wikimedia.org&utm_campaign=imageinfo&utm_content=original,Wikimedia Commons,CC BY 4.0,,IMAGE
24397826,File:Beekeeping in Britain during the Second World War TR1949.jpg,1939,https://upload.wikimedia.org/wikipedia/commons/0/07/Beekeeping_in_Britain_during_the_Second_World_War_TR1949.jpg?utm_source=commons.wikimedia.org&utm_campaign=imageinfo&utm_content=original,Wikimedia Commons,Public domain,,IMAGE
24397828,File:Beekeeping in Britain during the Second World War TR1951.jpg,1939,https://upload.wikimedia.org/wikipedia/commons/a/a1/Beekeeping_in_Britain_during_the_Second_World_War_TR1951.jpg?utm_source=commons.wikimedia.org&utm_campaign=imageinfo&utm_content=original,Wikimedia Commons,Public domain,,IMAGE
24495134,File:British Medical Services in the Second World War B10572.jpg,1939,https://upload.wikimedia.org/wikipedia/commons/5/51/British_Medical_Services_in_the_Second_World_War_B10572.jpg?utm_source=commons.wikimedia.org&utm_campaign=imageinfo&utm_content=original,Wikimedia Commons,Public domain,,IMAGE
25352901,File:British Medical Services in the Second World War E13321.jpg,1942,https://upload.wikimedia.org/wikipedia/commons/b/ba/British_Medical_Services_in_the_Second_World_War_E13321.jpg?utm_source=commons.wikimedia.org&utm_campaign=imageinfo&utm_content=original,Wikimedia Commons,Public domain,,IMAGE
100326905,File:British Medical Services in the Second World War E13325.jpg,1942,https://upload.wikimedia.org/wikipedia/commons/f/ff/British_Medical_Services_in_the_Second_World_War_E13325.jpg?utm_source=commons.wikimedia.org&utm_campaign=imageinfo&utm_content=original,Wikimedia Commons,Public domain,,IMAGE
25312591,File:British Medical Services in the Second World War E17158.jpg,1942,https://upload.wikimedia.org/wikipedia/commons/e/ea/British_Medical_Services_in_the_Second_World_War_E17158.jpg?utm_source=commons.wikimedia.org&utm_campaign=imageinfo&utm_content=original,Wikimedia Commons,Public domain,,IMAGE
25312598,File:British Medical Services in the Second World War E18051.jpg,1942,https://upload.wikimedia.org/wikipedia/commons/9/9b/British_Medical_Services_in_the_Second_World_War_E18051.jpg?utm_source=commons.wikimedia.org&utm_campaign=imageinfo&utm_content=original,Wikimedia Commons,Public domain,,IMAGE
30887251,File:British Medical Services in the Second World War E23902.jpg,1943,https://upload.wikimedia.org/wikipedia/commons/1/1f/British_Medical_Services_in_the_Second_World_War_E23902.jpg?utm_source=commons.wikimedia.org&utm_campaign=imageinfo&utm_content=original,Wikimedia Commons,Public domain,,IMAGE
25297387,File:British Medical Services in the Second World War NA10302.jpg,1943,https://upload.wikimedia.org/wikipedia/commons/1/1c/British_Medical_Services_in_the_Second_World_War_NA10302.jpg?utm_source=commons.wikimedia.org&utm_campaign=imageinfo&utm_content=original,Wikimedia Commons,Public domain,,IMAGE
25312694,File:British Medical Services in the Second World War O1841.jpg,1939,https://upload.wikimedia.org/wikipedia/commons/f/fc/British_Medical_Services_in_the_Second_World_War_O1841.jpg?utm_source=commons.wikimedia.org&utm_campaign=imageinfo&utm_content=original,Wikimedia Commons,Public domain,,IMAGE
24437037,File:Education in Britain during the Second World War TR1453.jpg,1939,https://upload.wikimedia.org/wikipedia/commons/1/13/Education_in_Britain_during_the_Second_World_War_TR1453.jpg?utm_source=commons.wikimedia.org&utm_campaign=imageinfo&utm_content=original,Wikimedia Commons,Public domain,,IMAGE
24437058,File:Education in Britain during the Second World War TR1454.jpg,1939,https://upload.wikimedia.org/wikipedia/commons/d/d0/Education_in_Britain_during_the_Second_World_War_TR1454.jpg?utm_source=commons.wikimedia.org&utm_campaign=imageinfo&utm_content=original,Wikimedia Commons,Public domain,,IMAGE
24450292,File:Farming in Britain during the Second World War TR943.jpg,1939,https://upload.wikimedia.org/wikipedia/commons/8/87/Farming_in_Britain_during_the_Second_World_War_TR943.jpg?utm_source=commons.wikimedia.org&utm_campaign=imageinfo&utm_content=original,Wikimedia Commons,Public domain,,IMAGE
24453306,File:Farming in Britain during the Second World War TR956.jpg,1939,https://upload.wikimedia.org/wikipedia/commons/2/2c/Farming_in_Britain_during_the_Second_World_War_TR956.jpg?utm_source=commons.wikimedia.org&utm_campaign=imageinfo&utm_content=original,Wikimedia Commons,Public domain,,IMAGE
24453321,File:Farming in Britain during the Second World War TR959.jpg,1939,https://upload.wikimedia.org/wikipedia/commons/1/16/Farming_in_Britain_during_the_Second_World_War_TR959.jpg?utm_source=commons.wikimedia.org&utm_campaign=imageinfo&utm_content=original,Wikimedia Commons,Public domain,,IMAGE
24453284,File:Farming in Britain during the Second World War TR961.jpg,1939,https://upload.wikimedia.org/wikipedia/commons/6/6e/Farming_in_Britain_during_the_Second_World_War_TR961.jpg?utm_source=commons.wikimedia.org&utm_campaign=imageinfo&utm_content=original,Wikimedia Commons,Public domain,,IMAGE
24453266,File:Farming in Britain during the Second World War TR965.jpg,1939,https://upload.wikimedia.org/wikipedia/commons/5/53/Farming_in_Britain_during_the_Second_World_War_TR965.jpg?utm_source=commons.wikimedia.org&utm_campaign=imageinfo&utm_content=original,Wikimedia Commons,Public domain,,IMAGE
25296378,File:Leisure and Entertainment during the Second World War NA16310.jpg,1939,https://upload.wikimedia.org/wikipedia/commons/e/e3/Leisure_and_Entertainment_during_the_Second_World_War_NA16310.jpg?utm_source=commons.wikimedia.org&utm_campaign=imageinfo&utm_content=original,Wikimedia Commons,Public domain,,IMAGE
25296377,File:Leisure and Entertainment during the Second World War NA8114.jpg,1939,https://upload.wikimedia.org/wikipedia/commons/a/a3/Leisure_and_Entertainment_during_the_Second_World_War_NA8114.jpg?utm_source=commons.wikimedia.org&utm_campaign=imageinfo&utm_content=original,Wikimedia Commons,Public domain,,IMAGE
24478308,File:Lockheed Hudson - Air Ministry Second World War CF1264.jpg,1941,https://upload.wikimedia.org/wikipedia/commons/9/96/Lockheed_Hudson_-_Air_Ministry_Second_World_War_CF1264.jpg?utm_source=commons.wikimedia.org&utm_campaign=imageinfo&utm_content=original,Wikimedia Commons,Public domain,,IMAGE
99238571,"File:Minnesota World War II Veterans Memorial, Minnesota State Capitol, Saint Paul, Minnesota-east.jpg",2018,https://upload.wikimedia.org/wikipedia/commons/0/09/Minnesota_World_War_II_Veterans_Memorial%2C_Minnesota_State_Capitol%2C_Saint_Paul%2C_Minnesota-east.jpg?utm_source=commons.wikimedia.org&utm_campaign=imageinfo&utm_content=original,Wikimedia Commons,CC BY-SA 2.0,,IMAGE
187849732,File:Museum of the Second World War in Gdańsk 2025j.jpg,2025,https://upload.wikimedia.org/wikipedia/commons/d/d4/Museum_of_the_Second_World_War_in_Gda%C5%84sk_2025j.jpg?utm_source=commons.wikimedia.org&utm_campaign=imageinfo&utm_content=original,Wikimedia Commons,CC BY 3.0 pl,,IMAGE
30908211,File:Photography during the Second World War H38631.jpg,1939,https://upload.wikimedia.org/wikipedia/commons/e/e1/Photography_during_the_Second_World_War_H38631.jpg?utm_source=commons.wikimedia.org&utm_campaign=imageinfo&utm_content=original,Wikimedia Commons,Public domain,,IMAGE
25334784,File:Sport and Leisure during the Second World War H7497.jpg,1939,https://upload.wikimedia.org/wikipedia/commons/0/06/Sport_and_Leisure_during_the_Second_World_War_H7497.jpg?utm_source=commons.wikimedia.org&utm_campaign=imageinfo&utm_content=original,Wikimedia Commons,Public domain,,IMAGE
159482253,File:The Home Front In Britain During The Second World War - Austerity fashion for men.jpg,1941,https://upload.wikimedia.org/wikipedia/commons/4/4a/The_Home_Front_In_Britain_During_The_Second_World_War_-_Austerity_fashion_for_men.jpg?utm_source=commons.wikimedia.org&utm_campaign=imageinfo&utm_content=original,Wikimedia Commons,Public domain,,IMAGE
25092300,File:The Home Front in Britain during the Second World War HU36196.jpg,1939,https://upload.wikimedia.org/wikipedia/commons/6/6b/The_Home_Front_in_Britain_during_the_Second_World_War_HU36196.jpg?utm_source=commons.wikimedia.org&utm_campaign=imageinfo&utm_content=original,Wikimedia Commons,Public domain,,IMAGE
24250661,"File:The Royal Air Force in North Africa during the Second World War; Royal Air Force, 108 Squadron CBM1264.jpg",1939,https://upload.wikimedia.org/wikipedia/commons/1/11/The_Royal_Air_Force_in_North_Africa_during_the_Second_World_War%3B_Royal_Air_Force%2C_108_Squadron_CBM1264.jpg?utm_source=commons.wikimedia.org&utm_campaign=imageinfo&utm_content=original,Wikimedia Commons,Public domain,,IMAGE
30848682,File:The Second World War- Personalities TR2694.jpg,1939,https://upload.wikimedia.org/wikipedia/commons/c/ce/The_Second_World_War-_Personalities_TR2694.jpg?utm_source=commons.wikimedia.org&utm_campaign=imageinfo&utm_content=original,Wikimedia Commons,Public domain,,IMAGE
30848137,File:The Second World War- Personalities TR2702.jpg,1939,https://upload.wikimedia.org/wikipedia/commons/6/6d/The_Second_World_War-_Personalities_TR2702.jpg?utm_source=commons.wikimedia.org&utm_campaign=imageinfo&utm_content=original,Wikimedia Commons,Public domain,,IMAGE
24396062,File:The Second World War- Personalities TR841.jpg,1943,https://upload.wikimedia.org/wikipedia/commons/d/dd/The_Second_World_War-_Personalities_TR841.jpg?utm_source=commons.wikimedia.org&utm_campaign=imageinfo&utm_content=original,Wikimedia Commons,Public domain,,IMAGE
24396064,File:The Second World War- Personalities TR842.jpg,1939,https://upload.wikimedia.org/wikipedia/commons/3/3d/The_Second_World_War-_Personalities_TR842.jpg?utm_source=commons.wikimedia.org&utm_campaign=imageinfo&utm_content=original,Wikimedia Commons,Public domain,,IMAGE
30908829,File:The United Kingdom during the Second World War H41986.jpg,1939,https://upload.wikimedia.org/wikipedia/commons/8/87/The_United_Kingdom_during_the_Second_World_War_H41986.jpg?utm_source=commons.wikimedia.org&utm_campaign=imageinfo&utm_content=original,Wikimedia Commons,Public domain,,IMAGE
24502789,File:War Office Second World War Official Collection B5662.jpg,1939,https://upload.wikimedia.org/wikipedia/commons/b/bb/War_Office_Second_World_War_Official_Collection_B5662.jpg?utm_source=commons.wikimedia.org&utm_campaign=imageinfo&utm_content=original,Wikimedia Commons,Public domain,,IMAGE
24502900,File:War Office Second World War Official Collection BU3869.jpg,1939,https://upload.wikimedia.org/wikipedia/commons/9/9e/War_Office_Second_World_War_Official_Collection_BU3869.jpg?utm_source=commons.wikimedia.org&utm_campaign=imageinfo&utm_content=original,Wikimedia Commons,Public domain,,IMAGE
24464683,File:West Indians in Britain during the Second World War CH11478.jpg,1939,https://upload.wikimedia.org/wikipedia/commons/5/52/West_Indians_in_Britain_during_the_Second_World_War_CH11478.jpg?utm_source=commons.wikimedia.org&utm_campaign=imageinfo&utm_content=original,Wikimedia Commons,Public domain,,IMAGE
24464682,File:West Indians in Britain during the Second World War CH14603.jpg,1939,https://upload.wikimedia.org/wikipedia/commons/b/bb/West_Indians_in_Britain_during_the_Second_World_War_CH14603.jpg?utm_source=commons.wikimedia.org&utm_campaign=imageinfo&utm_content=original,Wikimedia Commons,Public domain,,IMAGE
25338666,File:West Indians in Britain during the Second World War H15859.jpg,1939,https://upload.wikimedia.org/wikipedia/commons/a/a8/West_Indians_in_Britain_during_the_Second_World_War_H15859.jpg?utm_source=commons.wikimedia.org&utm_campaign=imageinfo&utm_content=original,Wikimedia Commons,Public domain,,IMAGE
25337685,File:West Indians in Britain during the Second World War H15865.jpg,1939,https://upload.wikimedia.org/wikipedia/commons/4/44/West_Indians_in_Britain_during_the_Second_World_War_H15865.jpg?utm_source=commons.wikimedia.org&utm_campaign=imageinfo&utm_content=original,Wikimedia Commons,Public domain,,IMAGE
25338665,File:West Indians in Britain during the Second World War H15866.jpg,1939,https://upload.wikimedia.org/wikipedia/commons/1/17/West_Indians_in_Britain_during_the_Second_World_War_H15866.jpg?utm_source=commons.wikimedia.org&utm_campaign=imageinfo&utm_content=original,Wikimedia Commons,Public domain,,IMAGE
30908479,File:West Indians in Britain during the Second World War H15868.jpg,1939,https://upload.wikimedia.org/wikipedia/commons/4/4a/West_Indians_in_Britain_during_the_Second_World_War_H15868.jpg?utm_source=commons.wikimedia.org&utm_campaign=imageinfo&utm_content=original,Wikimedia Commons,Public domain,,IMAGE
25337546,File:West Indians in Britain during the Second World War H15870.jpg,1939,https://upload.wikimedia.org/wikipedia/commons/0/08/West_Indians_in_Britain_during_the_Second_World_War_H15870.jpg?utm_source=commons.wikimedia.org&utm_campaign=imageinfo&utm_content=original,Wikimedia Commons,Public domain,,IMAGE
25337555,File:West Indians in Britain during the Second World War H15874.jpg,1939,https://upload.wikimedia.org/wikipedia/commons/9/93/West_Indians_in_Britain_during_the_Second_World_War_H15874.jpg?utm_source=commons.wikimedia.org&utm_campaign=imageinfo&utm_content=original,Wikimedia Commons,Public domain,,IMAGE
17501085,File:Willem van de Velde II - Dutch men-o'-war and other shipping in a calm.jpg,2018,https://upload.wikimedia.org/wikipedia/commons/4/4e/Willem_van_de_Velde_II_-_Dutch_men-o%27-war_and_other_shipping_in_a_calm.jpg?utm_source=commons.wikimedia.org&utm_campaign=imageinfo&utm_content=original,Wikimedia Commons,Public domain,,IMAGE
890086,File:World War II 1942 06.png,2006,https://upload.wikimedia.org/wikipedia/commons/a/ae/World_War_II_1942_06.png?utm_source=commons.wikimedia.org&utm_campaign=imageinfo&utm_content=original,Wikimedia Commons,CC BY-SA 3.0,,IMAGE
890109,File:World War II 1943 08.png,2006,https://upload.wikimedia.org/wikipedia/commons/e/e2/World_War_II_1943_08.png?utm_source=commons.wikimedia.org&utm_campaign=imageinfo&utm_content=original,Wikimedia Commons,CC BY-SA 3.0,,IMAGE
30858012,File:Air Ministry Second World War Official Collection ME(RAF)5684.jpg,1939,https://upload.wikimedia.org/wikipedia/commons/1/1c/Air_Ministry_Second_World_War_Official_Collection_ME%28RAF%295684.jpg?utm_source=commons.wikimedia.org&utm_campaign=imageinfo&utm_content=original,Wikimedia Commons,Public domain,,IMAGE
30881352,File:Allied Tanks of the Second World War B5470.jpg,1939,https://upload.wikimedia.org/wikipedia/commons/d/d5/Allied_Tanks_of_the_Second_World_War_B5470.jpg?utm_source=commons.wikimedia.org&utm_campaign=imageinfo&utm_content=original,Wikimedia Commons,Public domain,,IMAGE
24397689,File:Beekeeping in Britain during the Second World War TR2030.jpg,1939,https://upload.wikimedia.org/wikipedia/commons/2/20/Beekeeping_in_Britain_during_the_Second_World_War_TR2030.jpg?utm_source=commons.wikimedia.org&utm_campaign=imageinfo&utm_content=original,Wikimedia Commons,Public domain,,IMAGE
24489620,File:British Medical Services in the Second World War B15253.jpg,1939,https://upload.wikimedia.org/wikipedia/commons/f/f3/British_Medical_Services_in_the_Second_World_War_B15253.jpg?utm_source=commons.wikimedia.org&utm_campaign=imageinfo&utm_content=original,Wikimedia Commons,Public domain,,IMAGE
25345707,File:British Medical Services in the Second World War B6954.jpg,1939,https://upload.wikimedia.org/wikipedia/commons/3/32/British_Medical_Services_in_the_Second_World_War_B6954.jpg?utm_source=commons.wikimedia.org&utm_campaign=imageinfo&utm_content=original,Wikimedia Commons,Public domain,,IMAGE
25329564,File:Chemical Warfare in the Twentieth Century- the Second World War H24994.jpg,1939,https://upload.wikimedia.org/wikipedia/commons/2/28/Chemical_Warfare_in_the_Twentieth_Century-_the_Second_World_War_H24994.jpg?utm_source=commons.wikimedia.org&utm_campaign=imageinfo&utm_content=original,Wikimedia Commons,Public domain,,IMAGE
30907598,File:Chemical Warfare in the Twentieth Century- the Second World War H25563.jpg,1939,https://upload.wikimedia.org/wikipedia/commons/9/94/Chemical_Warfare_in_the_Twentieth_Century-_the_Second_World_War_H25563.jpg?utm_source=commons.wikimedia.org&utm_campaign=imageinfo&utm_content=original,Wikimedia Commons,Public domain,,IMAGE
30907750,File:Chemical Warfare in the Twentieth Century- the Second World War H25577.jpg,1939,https://upload.wikimedia.org/wikipedia/commons/4/45/Chemical_Warfare_in_the_Twentieth_Century-_the_Second_World_War_H25577.jpg?utm_source=commons.wikimedia.org&utm_campaign=imageinfo&utm_content=original,Wikimedia Commons,Public domain,,IMAGE
24450321,File:Farming in Britain during the Second World War TR942.jpg,1939,https://upload.wikimedia.org/wikipedia/commons/e/ee/Farming_in_Britain_during_the_Second_World_War_TR942.jpg?utm_source=commons.wikimedia.org&utm_campaign=imageinfo&utm_content=original,Wikimedia Commons,Public domain,,IMAGE
24450431,File:Farming in Britain during the Second World War TR944.jpg,1939,https://upload.wikimedia.org/wikipedia/commons/1/1e/Farming_in_Britain_during_the_Second_World_War_TR944.jpg?utm_source=commons.wikimedia.org&utm_campaign=imageinfo&utm_content=original,Wikimedia Commons,Public domain,,IMAGE
24453353,File:Farming in Britain during the Second World War TR947.jpg,1939,https://upload.wikimedia.org/wikipedia/commons/0/00/Farming_in_Britain_during_the_Second_World_War_TR947.jpg?utm_source=commons.wikimedia.org&utm_campaign=imageinfo&utm_content=original,Wikimedia Commons,Public domain,,IMAGE
24453349,File:Farming in Britain during the Second World War TR948.jpg,1939,https://upload.wikimedia.org/wikipedia/commons/9/9f/Farming_in_Britain_during_the_Second_World_War_TR948.jpg?utm_source=commons.wikimedia.org&utm_campaign=imageinfo&utm_content=original,Wikimedia Commons,Public domain,,IMAGE
24453344,File:Farming in Britain during the Second World War TR949.jpg,1939,https://upload.wikimedia.org/wikipedia/commons/2/27/Farming_in_Britain_during_the_Second_World_War_TR949.jpg?utm_source=commons.wikimedia.org&utm_campaign=imageinfo&utm_content=original,Wikimedia Commons,Public domain,,IMAGE
24453318,File:Farming in Britain during the Second World War TR950.jpg,1939,https://upload.wikimedia.org/wikipedia/commons/c/ca/Farming_in_Britain_during_the_Second_World_War_TR950.jpg?utm_source=commons.wikimedia.org&utm_campaign=imageinfo&utm_content=original,Wikimedia Commons,Public domain,,IMAGE
24453315,File:Farming in Britain during the Second World War TR951.jpg,1939,https://upload.wikimedia.org/wikipedia/commons/2/21/Farming_in_Britain_during_the_Second_World_War_TR951.jpg?utm_source=commons.wikimedia.org&utm_campaign=imageinfo&utm_content=original,Wikimedia Commons,Public domain,,IMAGE
24453312,File:Farming in Britain during the Second World War TR954.jpg,1939,https://upload.wikimedia.org/wikipedia/commons/3/31/Farming_in_Britain_during_the_Second_World_War_TR954.jpg?utm_source=commons.wikimedia.org&utm_campaign=imageinfo&utm_content=original,Wikimedia Commons,Public domain,,IMAGE
24453339,File:Farming in Britain during the Second World War TR957.jpg,1939,https://upload.wikimedia.org/wikipedia/commons/b/b0/Farming_in_Britain_during_the_Second_World_War_TR957.jpg?utm_source=commons.wikimedia.org&utm_campaign=imageinfo&utm_content=original,Wikimedia Commons,Public domain,,IMAGE
24453326,File:Farming in Britain during the Second World War TR958.jpg,1939,https://upload.wikimedia.org/wikipedia/commons/c/cc/Farming_in_Britain_during_the_Second_World_War_TR958.jpg?utm_source=commons.wikimedia.org&utm_campaign=imageinfo&utm_content=original,Wikimedia Commons,Public domain,,IMAGE
24453291,File:Farming in Britain during the Second World War TR960.jpg,1939,https://upload.wikimedia.org/wikipedia/commons/6/6c/Farming_in_Britain_during_the_Second_World_War_TR960.jpg?utm_source=commons.wikimedia.org&utm_campaign=imageinfo&utm_content=original,Wikimedia Commons,Public domain,,IMAGE
24453298,File:Farming in Britain during the Second World War TR964.jpg,1939,https://upload.wikimedia.org/wikipedia/commons/a/a7/Farming_in_Britain_during_the_Second_World_War_TR964.jpg?utm_source=commons.wikimedia.org&utm_campaign=imageinfo&utm_content=original,Wikimedia Commons,Public domain,,IMAGE
24453263,File:Farming in Britain during the Second World War TR966.jpg,1939,https://upload.wikimedia.org/wikipedia/commons/5/54/Farming_in_Britain_during_the_Second_World_War_TR966.jpg?utm_source=commons.wikimedia.org&utm_campaign=imageinfo&utm_content=original,Wikimedia Commons,Public domain,,IMAGE
24503006,File:German Tanks of the Second World War B5534.jpg,1939,https://upload.wikimedia.org/wikipedia/commons/8/83/German_Tanks_of_the_Second_World_War_B5534.jpg?utm_source=commons.wikimedia.org&utm_campaign=imageinfo&utm_content=original,Wikimedia Commons,Public domain,,IMAGE
118325173,"File:Museum of the Second World War, Gdańsk, 20220522 1039 6114.jpg",2022,https://upload.wikimedia.org/wikipedia/commons/f/fc/Museum_of_the_Second_World_War%2C_Gda%C5%84sk%2C_20220522_1039_6114.jpg?utm_source=commons.wikimedia.org&utm_campaign=imageinfo&utm_content=original,Wikimedia Commons,CC BY-SA 4.0,,IMAGE
118325171,"File:Museum of the Second World War, Gdańsk, 20220522 1132 6123.jpg",2022,https://upload.wikimedia.org/wikipedia/commons/f/f3/Museum_of_the_Second_World_War%2C_Gda%C5%84sk%2C_20220522_1132_6123.jpg?utm_source=commons.wikimedia.org&utm_campaign=imageinfo&utm_content=original,Wikimedia Commons,CC BY-SA 4.0,,IMAGE
118325175,"File:Museum of the Second World War, Gdańsk, 20220522 1207 6132.jpg",2022,https://upload.wikimedia.org/wikipedia/commons/8/85/Museum_of_the_Second_World_War%2C_Gda%C5%84sk%2C_20220522_1207_6132.jpg?utm_source=commons.wikimedia.org&utm_campaign=imageinfo&utm_content=original,Wikimedia Commons,CC BY-SA 4.0,,IMAGE
118325190,"File:Museum of the Second World War, Gdańsk, 20220522 1207 6133.jpg",2022,https://upload.wikimedia.org/wikipedia/commons/b/b2/Museum_of_the_Second_World_War%2C_Gda%C5%84sk%2C_20220522_1207_6133.jpg?utm_source=commons.wikimedia.org&utm_campaign=imageinfo&utm_content=original,Wikimedia Commons,CC BY-SA 4.0,,IMAGE
118325196,"File:Museum of the Second World War, Gdańsk, 20220522 1209 6135.jpg",2022,https://upload.wikimedia.org/wikipedia/commons/4/4e/Museum_of_the_Second_World_War%2C_Gda%C5%84sk%2C_20220522_1209_6135.jpg?utm_source=commons.wikimedia.org&utm_campaign=imageinfo&utm_content=original,Wikimedia Commons,CC BY-SA 4.0,,IMAGE
118325197,"File:Museum of the Second World War, Gdańsk, 20220522 1210 6136.jpg",2022,https://upload.wikimedia.org/wikipedia/commons/7/70/Museum_of_the_Second_World_War%2C_Gda%C5%84sk%2C_20220522_1210_6136.jpg?utm_source=commons.wikimedia.org&utm_campaign=imageinfo&utm_content=original,Wikimedia Commons,CC BY-SA 4.0,,IMAGE
187321674,File:Museum of the Second World War in Gdańsk 2025f.jpg,2025,https://upload.wikimedia.org/wikipedia/commons/b/b3/Museum_of_the_Second_World_War_in_Gda%C5%84sk_2025f.jpg?utm_source=commons.wikimedia.org&utm_campaign=imageinfo&utm_content=original,Wikimedia Commons,CC BY 3.0 pl,,IMAGE
187537918,File:Museum of the Second World War in Gdańsk 2025g.jpg,2025,https://upload.wikimedia.org/wikipedia/commons/5/54/Museum_of_the_Second_World_War_in_Gda%C5%84sk_2025g.jpg?utm_source=commons.wikimedia.org&utm_campaign=imageinfo&utm_content=original,Wikimedia Commons,CC BY 3.0 pl,,IMAGE
187537917,File:Museum of the Second World War in Gdańsk 2025h.jpg,2025,https://upload.wikimedia.org/wikipedia/commons/2/2e/Museum_of_the_Second_World_War_in_Gda%C5%84sk_2025h.jpg?utm_source=commons.wikimedia.org&utm_campaign=imageinfo&utm_content=original,Wikimedia Commons,CC BY 3.0 pl,,IMAGE
24396119,"File:Portraits of WAAF Servicewomen Based at RAF Watnall, Headquarters of No. 12 Group Royal Air Force Fighter Command during the Second World War HU91755.jpg",1939,https://upload.wikimedia.org/wikipedia/commons/a/a4/Portraits_of_WAAF_Servicewomen_Based_at_RAF_Watnall%2C_Headquarters_of_No._12_Group_Royal_Air_Force_Fighter_Command_during_the_Second_World_War_HU91755.jpg?utm_source=commons.wikimedia.org&utm_campaign=imageinfo&utm_content=original,Wikimedia Commons,Public domain,,IMAGE
25338731,File:Sport and Leisure during the Second World War H7496.jpg,1939,https://upload.wikimedia.org/wikipedia/commons/0/08/Sport_and_Leisure_during_the_Second_World_War_H7496.jpg?utm_source=commons.wikimedia.org&utm_campaign=imageinfo&utm_content=original,Wikimedia Commons,Public domain,,IMAGE
27676299,File:Sport and Leisure during the Second World War IND2265.jpg,1939,https://upload.wikimedia.org/wikipedia/commons/2/21/Sport_and_Leisure_during_the_Second_World_War_IND2265.jpg?utm_source=commons.wikimedia.org&utm_campaign=imageinfo&utm_content=original,Wikimedia Commons,Public domain,,IMAGE
25083147,File:The Royal Navy during the Second World War HMS Seraph returns to Portsmouth IWM A 21106.jpg,1939,https://upload.wikimedia.org/wikipedia/commons/d/dc/The_Royal_Navy_during_the_Second_World_War_HMS_Seraph_returns_to_Portsmouth_IWM_A_21106.jpg?utm_source=commons.wikimedia.org&utm_campaign=imageinfo&utm_content=original,Wikimedia Commons,Public domain,,IMAGE
30847688,File:The Royal Navy during the Second World War N233.jpg,1939,https://upload.wikimedia.org/wikipedia/commons/d/d1/The_Royal_Navy_during_the_Second_World_War_N233.jpg?utm_source=commons.wikimedia.org&utm_campaign=imageinfo&utm_content=original,Wikimedia Commons,Public domain,,IMAGE
30847659,File:The Royal Navy during the Second World War N236.jpg,1939,https://upload.wikimedia.org/wikipedia/commons/b/ba/The_Royal_Navy_during_the_Second_World_War_N236.jpg?utm_source=commons.wikimedia.org&utm_campaign=imageinfo&utm_content=original,Wikimedia Commons,Public domain,,IMAGE
30847727,File:The Royal Navy during the Second World War N65.jpg,1939,https://upload.wikimedia.org/wikipedia/commons/f/fd/The_Royal_Navy_during_the_Second_World_War_N65.jpg?utm_source=commons.wikimedia.org&utm_campaign=imageinfo&utm_content=original,Wikimedia Commons,Public domain,,IMAGE
30848676,File:The Second World War- Personalities TR2699.jpg,1939,https://upload.wikimedia.org/wikipedia/commons/9/92/The_Second_World_War-_Personalities_TR2699.jpg?utm_source=commons.wikimedia.org&utm_campaign=imageinfo&utm_content=original,Wikimedia Commons,Public domain,,IMAGE
30848232,File:The Second World War- Personalities TR2700.jpg,1939,https://upload.wikimedia.org/wikipedia/commons/f/f8/The_Second_World_War-_Personalities_TR2700.jpg?utm_source=commons.wikimedia.org&utm_campaign=imageinfo&utm_content=original,Wikimedia Commons,Public domain,,IMAGE
30848228,File:The Second World War- Personalities TR2701.jpg,1939,https://upload.wikimedia.org/wikipedia/commons/c/c3/The_Second_World_War-_Personalities_TR2701.jpg?utm_source=commons.wikimedia.org&utm_campaign=imageinfo&utm_content=original,Wikimedia Commons,Public domain,,IMAGE
131287047,File:The Second World War- Personalities TR2702 (cropped).jpg,1939,https://upload.wikimedia.org/wikipedia/commons/0/0c/The_Second_World_War-_Personalities_TR2702_%28cropped%29.jpg?utm_source=commons.wikimedia.org&utm_campaign=imageinfo&utm_content=original,Wikimedia Commons,Public domain,,IMAGE
24488180,File:War Office Second World War Official Collection B10619.jpg,1939,https://upload.wikimedia.org/wikipedia/commons/e/e3/War_Office_Second_World_War_Official_Collection_B10619.jpg?utm_source=commons.wikimedia.org&utm_campaign=imageinfo&utm_content=original,Wikimedia Commons,Public domain,,IMAGE
24344851,File:War Office Second World War Official Collection H17354.jpg,1942,https://upload.wikimedia.org/wikipedia/commons/c/ce/War_Office_Second_World_War_Official_Collection_H17354.jpg?utm_source=commons.wikimedia.org&utm_campaign=imageinfo&utm_content=original,Wikimedia Commons,Public domain,,IMAGE
30848206,File:West Indians in Britain during the Second World War CH11978.jpg,1939,https://upload.wikimedia.org/wikipedia/commons/0/0f/West_Indians_in_Britain_during_the_Second_World_War_CH11978.jpg?utm_source=commons.wikimedia.org&utm_campaign=imageinfo&utm_content=original,Wikimedia Commons,Public domain,,IMAGE
25338662,File:West Indians in Britain during the Second World War H15869.jpg,1939,https://upload.wikimedia.org/wikipedia/commons/2/2e/West_Indians_in_Britain_during_the_Second_World_War_H15869.jpg?utm_source=commons.wikimedia.org&utm_campaign=imageinfo&utm_content=original,Wikimedia Commons,Public domain,,IMAGE
25090476,File:West Indians in Britain during the Second World War SG8615C.jpg,1939,https://upload.wikimedia.org/wikipedia/commons/5/54/West_Indians_in_Britain_during_the_Second_World_War_SG8615C.jpg?utm_source=commons.wikimedia.org&utm_campaign=imageinfo&utm_content=original,Wikimedia Commons,Public domain,,IMAGE
156959131,File:1941 Martin-Urban-im-II-Weltkrieg rechts-zu-Pferde-auf-dem-Marsch-nach Russland.jpg,1941,https://upload.wikimedia.org/wikipedia/commons/2/27/1941_Martin-Urban-im-II-Weltkrieg_rechts-zu-Pferde-auf-dem-Marsch-nach_Russland.jpg?utm_source=commons.wikimedia.org&utm_campaign=imageinfo&utm_content=original,Wikimedia Commons,CC BY 4.0,,IMAGE
170055999,File:Aircraft Production During the Second World War (IWM COL 46).jpg,1943,https://upload.wikimedia.org/wikipedia/commons/c/c1/Aircraft_Production_During_the_Second_World_War_%28IWM_COL_46%29.jpg?utm_source=commons.wikimedia.org&utm_campaign=imageinfo&utm_content=original,Wikimedia Commons,Public domain,,IMAGE
24397900,File:Beekeeping in Britain during the Second World War TR1989.jpg,1939,https://upload.wikimedia.org/wikipedia/commons/a/ae/Beekeeping_in_Britain_during_the_Second_World_War_TR1989.jpg?utm_source=commons.wikimedia.org&utm_campaign=imageinfo&utm_content=original,Wikimedia Commons,Public domain,,IMAGE
24397891,File:Beekeeping in Britain during the Second World War TR1991.jpg,1939,https://upload.wikimedia.org/wikipedia/commons/3/34/Beekeeping_in_Britain_during_the_Second_World_War_TR1991.jpg?utm_source=commons.wikimedia.org&utm_campaign=imageinfo&utm_content=original,Wikimedia Commons,Public domain,,IMAGE
24491862,File:British Medical Services in the Second World War B14685.jpg,1945,https://upload.wikimedia.org/wikipedia/commons/6/6a/British_Medical_Services_in_the_Second_World_War_B14685.jpg?utm_source=commons.wikimedia.org&utm_campaign=imageinfo&utm_content=original,Wikimedia Commons,Public domain,,IMAGE
30887304,File:British Medical Services in the Second World War E24690.jpg,1943,https://upload.wikimedia.org/wikipedia/commons/e/ef/British_Medical_Services_in_the_Second_World_War_E24690.jpg?utm_source=commons.wikimedia.org&utm_campaign=imageinfo&utm_content=original,Wikimedia Commons,Public domain,,IMAGE
30887296,File:British Medical Services in the Second World War E28936.jpg,1944,https://upload.wikimedia.org/wikipedia/commons/9/91/British_Medical_Services_in_the_Second_World_War_E28936.jpg?utm_source=commons.wikimedia.org&utm_campaign=imageinfo&utm_content=original,Wikimedia Commons,Public domain,,IMAGE
27679866,File:British Medical Services in the Second World War SE2697.jpg,1939,https://upload.wikimedia.org/wikipedia/commons/6/61/British_Medical_Services_in_the_Second_World_War_SE2697.jpg?utm_source=commons.wikimedia.org&utm_campaign=imageinfo&utm_content=original,Wikimedia Commons,Public domain,,IMAGE
30907677,File:Chemical Warfare in the Twentieth Century- the Second World War H25565.jpg,1939,https://upload.wikimedia.org/wikipedia/commons/f/fd/Chemical_Warfare_in_the_Twentieth_Century-_the_Second_World_War_H25565.jpg?utm_source=commons.wikimedia.org&utm_campaign=imageinfo&utm_content=original,Wikimedia Commons,Public domain,,IMAGE
30907667,File:Chemical Warfare in the Twentieth Century- the Second World War H25566.jpg,1939,https://upload.wikimedia.org/wikipedia/commons/6/64/Chemical_Warfare_in_the_Twentieth_Century-_the_Second_World_War_H25566.jpg?utm_source=commons.wikimedia.org&utm_campaign=imageinfo&utm_content=original,Wikimedia Commons,Public domain,,IMAGE
30907722,File:Chemical Warfare in the Twentieth Century- the Second World War H25567.jpg,1939,https://upload.wikimedia.org/wikipedia/commons/d/d8/Chemical_Warfare_in_the_Twentieth_Century-_the_Second_World_War_H25567.jpg?utm_source=commons.wikimedia.org&utm_campaign=imageinfo&utm_content=original,Wikimedia Commons,Public domain,,IMAGE
30907756,File:Chemical Warfare in the Twentieth Century- the Second World War H25576.jpg,1939,https://upload.wikimedia.org/wikipedia/commons/8/8c/Chemical_Warfare_in_the_Twentieth_Century-_the_Second_World_War_H25576.jpg?utm_source=commons.wikimedia.org&utm_campaign=imageinfo&utm_content=original,Wikimedia Commons,Public domain,,IMAGE
30907639,File:Chemical Warfare in the Twentieth Century- the Second World War H29848.jpg,1939,https://upload.wikimedia.org/wikipedia/commons/3/31/Chemical_Warfare_in_the_Twentieth_Century-_the_Second_World_War_H29848.jpg?utm_source=commons.wikimedia.org&utm_campaign=imageinfo&utm_content=original,Wikimedia Commons,Public domain,,IMAGE
127846913,File:English women harvests oats near parked B-17s in World War II.jpg,1942,https://upload.wikimedia.org/wikipedia/commons/a/ad/English_women_harvests_oats_near_parked_B-17s_in_World_War_II.jpg?utm_source=commons.wikimedia.org&utm_campaign=imageinfo&utm_content=original,Wikimedia Commons,Public domain,,IMAGE
24453301,File:Farming in Britain during the Second World War TR962.jpg,1939,https://upload.wikimedia.org/wikipedia/commons/1/1d/Farming_in_Britain_during_the_Second_World_War_TR962.jpg?utm_source=commons.wikimedia.org&utm_campaign=imageinfo&utm_content=original,Wikimedia Commons,Public domain,,IMAGE
24360695,File:Leisure and Entertainment during the Second World War D15849.jpg,1939,https://upload.wikimedia.org/wikipedia/commons/3/38/Leisure_and_Entertainment_during_the_Second_World_War_D15849.jpg?utm_source=commons.wikimedia.org&utm_campaign=imageinfo&utm_content=original,Wikimedia Commons,Public domain,,IMAGE
24360727,File:Leisure and Entertainment during the Second World War D15926.jpg,1939,https://upload.wikimedia.org/wikipedia/commons/3/36/Leisure_and_Entertainment_during_the_Second_World_War_D15926.jpg?utm_source=commons.wikimedia.org&utm_campaign=imageinfo&utm_content=original,Wikimedia Commons,Public domain,,IMAGE
24360729,File:Leisure and Entertainment during the Second World War D173.jpg,1939,https://upload.wikimedia.org/wikipedia/commons/e/e5/Leisure_and_Entertainment_during_the_Second_World_War_D173.jpg?utm_source=commons.wikimedia.org&utm_campaign=imageinfo&utm_content=original,Wikimedia Commons,Public domain,,IMAGE
24360725,File:Leisure and Entertainment during the Second World War D5691.jpg,1939,https://upload.wikimedia.org/wikipedia/commons/1/1b/Leisure_and_Entertainment_during_the_Second_World_War_D5691.jpg?utm_source=commons.wikimedia.org&utm_campaign=imageinfo&utm_content=original,Wikimedia Commons,Public domain,,IMAGE
168386264,"File:Relief at the Second World War Section, Tower Hill Memorial (01).jpg",2023,https://upload.wikimedia.org/wikipedia/commons/5/5a/Relief_at_the_Second_World_War_Section%2C_Tower_Hill_Memorial_%2801%29.jpg?utm_source=commons.wikimedia.org&utm_campaign=imageinfo&utm_content=original,Wikimedia Commons,CC BY-SA 4.0,,IMAGE
168386265,"File:Relief at the Second World War Section, Tower Hill Memorial (02).jpg",2023,https://upload.wikimedia.org/wikipedia/commons/9/91/Relief_at_the_Second_World_War_Section%2C_Tower_Hill_Memorial_%2802%29.jpg?utm_source=commons.wikimedia.org&utm_campaign=imageinfo&utm_content=original,Wikimedia Commons,CC BY-SA 4.0,,IMAGE
168386278,"File:Relief at the Second World War Section, Tower Hill Memorial (03).jpg",2023,https://upload.wikimedia.org/wikipedia/commons/f/f3/Relief_at_the_Second_World_War_Section%2C_Tower_Hill_Memorial_%2803%29.jpg?utm_source=commons.wikimedia.org&utm_campaign=imageinfo&utm_content=original,Wikimedia Commons,CC BY-SA 4.0,,IMAGE
168386280,"File:Relief at the Second World War Section, Tower Hill Memorial (04).jpg",2023,https://upload.wikimedia.org/wikipedia/commons/3/3b/Relief_at_the_Second_World_War_Section%2C_Tower_Hill_Memorial_%2804%29.jpg?utm_source=commons.wikimedia.org&utm_campaign=imageinfo&utm_content=original,Wikimedia Commons,CC BY-SA 4.0,,IMAGE
168386281,"File:Relief at the Second World War Section, Tower Hill Memorial (05).jpg",2023,https://upload.wikimedia.org/wikipedia/commons/b/b9/Relief_at_the_Second_World_War_Section%2C_Tower_Hill_Memorial_%2805%29.jpg?utm_source=commons.wikimedia.org&utm_campaign=imageinfo&utm_content=original,Wikimedia Commons,CC BY-SA 4.0,,IMAGE
168386288,"File:Relief at the Second World War Section, Tower Hill Memorial (06).jpg",2023,https://upload.wikimedia.org/wikipedia/commons/3/38/Relief_at_the_Second_World_War_Section%2C_Tower_Hill_Memorial_%2806%29.jpg?utm_source=commons.wikimedia.org&utm_campaign=imageinfo&utm_content=original,Wikimedia Commons,CC BY-SA 4.0,,IMAGE
168386291,"File:Relief at the Second World War Section, Tower Hill Memorial (07).jpg",2023,https://upload.wikimedia.org/wikipedia/commons/d/d8/Relief_at_the_Second_World_War_Section%2C_Tower_Hill_Memorial_%2807%29.jpg?utm_source=commons.wikimedia.org&utm_campaign=imageinfo&utm_content=original,Wikimedia Commons,CC BY-SA 4.0,,IMAGE
24425696,File:The Auxiliary Territorial Service in Britain during the Second World War TR2600.jpg,1939,https://upload.wikimedia.org/wikipedia/commons/a/ac/The_Auxiliary_Territorial_Service_in_Britain_during_the_Second_World_War_TR2600.jpg?utm_source=commons.wikimedia.org&utm_campaign=imageinfo&utm_content=original,Wikimedia Commons,Public domain,,IMAGE
25090591,File:The Civilian Evacuation Scheme in the Second World War HU69022.jpg,1939,https://upload.wikimedia.org/wikipedia/commons/9/98/The_Civilian_Evacuation_Scheme_in_the_Second_World_War_HU69022.jpg?utm_source=commons.wikimedia.org&utm_campaign=imageinfo&utm_content=original,Wikimedia Commons,Public domain,,IMAGE
25092068,File:The Home Front in Britain during the Second World War HU36121.jpg,1939,https://upload.wikimedia.org/wikipedia/commons/7/72/The_Home_Front_in_Britain_during_the_Second_World_War_HU36121.jpg?utm_source=commons.wikimedia.org&utm_campaign=imageinfo&utm_content=original,Wikimedia Commons,Public domain,,IMAGE
25090235,File:The Polish Air Force in the Second World War HU75016.jpg,1944,https://upload.wikimedia.org/wikipedia/commons/7/7d/The_Polish_Air_Force_in_the_Second_World_War_HU75016.jpg?utm_source=commons.wikimedia.org&utm_campaign=imageinfo&utm_content=original,Wikimedia Commons,Public domain,,IMAGE
25303776,File:The Royal Navy during the Second World War N180.jpg,1939,https://upload.wikimedia.org/wikipedia/commons/e/e8/The_Royal_Navy_during_the_Second_World_War_N180.jpg?utm_source=commons.wikimedia.org&utm_campaign=imageinfo&utm_content=original,Wikimedia Commons,Public domain,,IMAGE
25300431,File:The Royal Navy during the Second World War N188.jpg,1939,https://upload.wikimedia.org/wikipedia/commons/d/d6/The_Royal_Navy_during_the_Second_World_War_N188.jpg?utm_source=commons.wikimedia.org&utm_campaign=imageinfo&utm_content=original,Wikimedia Commons,Public domain,,IMAGE
25300435,File:The Royal Navy during the Second World War N189.jpg,1939,https://upload.wikimedia.org/wikipedia/commons/3/34/The_Royal_Navy_during_the_Second_World_War_N189.jpg?utm_source=commons.wikimedia.org&utm_campaign=imageinfo&utm_content=original,Wikimedia Commons,Public domain,,IMAGE
30847739,File:The Royal Navy during the Second World War N204.jpg,1939,https://upload.wikimedia.org/wikipedia/commons/9/9b/The_Royal_Navy_during_the_Second_World_War_N204.jpg?utm_source=commons.wikimedia.org&utm_campaign=imageinfo&utm_content=original,Wikimedia Commons,Public domain,,IMAGE
30847747,File:The Royal Navy during the Second World War N207.jpg,1939,https://upload.wikimedia.org/wikipedia/commons/3/31/The_Royal_Navy_during_the_Second_World_War_N207.jpg?utm_source=commons.wikimedia.org&utm_campaign=imageinfo&utm_content=original,Wikimedia Commons,Public domain,,IMAGE
30847733,File:The Royal Navy during the Second World War N218.jpg,1939,https://upload.wikimedia.org/wikipedia/commons/2/2c/The_Royal_Navy_during_the_Second_World_War_N218.jpg?utm_source=commons.wikimedia.org&utm_campaign=imageinfo&utm_content=original,Wikimedia Commons,Public domain,,IMAGE
25300374,File:The Royal Navy during the Second World War N56.jpg,1939,https://upload.wikimedia.org/wikipedia/commons/a/a9/The_Royal_Navy_during_the_Second_World_War_N56.jpg?utm_source=commons.wikimedia.org&utm_campaign=imageinfo&utm_content=original,Wikimedia Commons,Public domain,,IMAGE
27679791,File:The Royal Navy during the Second World War SE1416.jpg,1939,https://upload.wikimedia.org/wikipedia/commons/c/ca/The_Royal_Navy_during_the_Second_World_War_SE1416.jpg?utm_source=commons.wikimedia.org&utm_campaign=imageinfo&utm_content=original,Wikimedia Commons,Public domain,,IMAGE
24488029,File:War Office Second World War Official Collection B5149.jpg,1939,https://upload.wikimedia.org/wikipedia/commons/1/14/War_Office_Second_World_War_Official_Collection_B5149.jpg?utm_source=commons.wikimedia.org&utm_campaign=imageinfo&utm_content=original,Wikimedia Commons,Public domain,,IMAGE
24502994,File:War Office Second World War Official Collection B5778.jpg,1944,https://upload.wikimedia.org/wikipedia/commons/b/b5/War_Office_Second_World_War_Official_Collection_B5778.jpg?utm_source=commons.wikimedia.org&utm_campaign=imageinfo&utm_content=original,Wikimedia Commons,Public domain,,IMAGE
24502809,File:War Office Second World War Official Collection B9857.jpg,1939,https://upload.wikimedia.org/wikipedia/commons/4/4f/War_Office_Second_World_War_Official_Collection_B9857.jpg?utm_source=commons.wikimedia.org&utm_campaign=imageinfo&utm_content=original,Wikimedia Commons,Public domain,,IMAGE
39641930,File:War Office Second World War Official Collection E15202.jpg,1939,https://upload.wikimedia.org/wikipedia/commons/2/24/War_Office_Second_World_War_Official_Collection_E15202.jpg?utm_source=commons.wikimedia.org&utm_campaign=imageinfo&utm_content=original,Wikimedia Commons,Public domain,,IMAGE
24344909,File:War Office Second World War Official Collection H17353.jpg,1942,https://upload.wikimedia.org/wikipedia/commons/c/c7/War_Office_Second_World_War_Official_Collection_H17353.jpg?utm_source=commons.wikimedia.org&utm_campaign=imageinfo&utm_content=original,Wikimedia Commons,Public domain,,IMAGE
30906137,File:War Office Second World War Official Collection H3509.jpg,1940,https://upload.wikimedia.org/wikipedia/commons/7/7b/War_Office_Second_World_War_Official_Collection_H3509.jpg?utm_source=commons.wikimedia.org&utm_campaign=imageinfo&utm_content=original,Wikimedia Commons,Public domain,,IMAGE
25339247,File:West Indians in Britain during the Second World War D21328.jpg,1939,https://upload.wikimedia.org/wikipedia/commons/0/04/West_Indians_in_Britain_during_the_Second_World_War_D21328.jpg?utm_source=commons.wikimedia.org&utm_campaign=imageinfo&utm_content=original,Wikimedia Commons,Public domain,,IMAGE
25303725,File:Winston Churchill during the Second World War E22267.jpg,1943,https://upload.wikimedia.org/wikipedia/commons/a/a7/Winston_Churchill_during_the_Second_World_War_E22267.jpg?utm_source=commons.wikimedia.org&utm_campaign=imageinfo&utm_content=original,Wikimedia Commons,Public domain,,IMAGE
25315890,File:Winston Churchill during the Second World War H37169.jpg,1944,https://upload.wikimedia.org/wikipedia/commons/5/5f/Winston_Churchill_during_the_Second_World_War_H37169.jpg?utm_source=commons.wikimedia.org&utm_campaign=imageinfo&utm_content=original,Wikimedia Commons,Public domain,,IMAGE
30905935,File:Winston Churchill in the Second World War H10305.jpg,1939,https://upload.wikimedia.org/wikipedia/commons/9/99/Winston_Churchill_in_the_Second_World_War_H10305.jpg?utm_source=commons.wikimedia.org&utm_campaign=imageinfo&utm_content=original,Wikimedia Commons,Public domain,,IMAGE
19599139,File:World War II convoy underway in warm climate.jpg,1942,https://upload.wikimedia.org/wikipedia/commons/f/f7/World_War_II_convoy_underway_in_warm_climate.jpg?utm_source=commons.wikimedia.org&utm_campaign=imageinfo&utm_content=original,Wikimedia Commons,Public domain,,IMAGE
156958745,File:1941 Martin-Urban Soldatentransport II-Weltkrieg.jpg,1941,https://upload.wikimedia.org/wikipedia/commons/4/43/1941_Martin-Urban_Soldatentransport_II-Weltkrieg.jpg?utm_source=commons.wikimedia.org&utm_campaign=imageinfo&utm_content=original,Wikimedia Commons,CC BY 4.0,,IMAGE
151107433,File:Arch at National World War II Memorial 20240601.jpg,2024,https://upload.wikimedia.org/wikipedia/commons/f/fd/Arch_at_National_World_War_II_Memorial_20240601.jpg?utm_source=commons.wikimedia.org&utm_campaign=imageinfo&utm_content=original,Wikimedia Commons,CC BY 4.0,,IMAGE
24397822,File:Beekeeping in Britain during the Second World War TR1950.jpg,1939,https://upload.wikimedia.org/wikipedia/commons/7/79/Beekeeping_in_Britain_during_the_Second_World_War_TR1950.jpg?utm_source=commons.wikimedia.org&utm_campaign=imageinfo&utm_content=original,Wikimedia Commons,Public domain,,IMAGE
25329692,File:Chemical Warfare in the Twentieth Century- the Second World War H24995.jpg,1939,https://upload.wikimedia.org/wikipedia/commons/4/40/Chemical_Warfare_in_the_Twentieth_Century-_the_Second_World_War_H24995.jpg?utm_source=commons.wikimedia.org&utm_campaign=imageinfo&utm_content=original,Wikimedia Commons,Public domain,,IMAGE
25327630,File:Chemical Warfare in the Twentieth Century- the Second World War H24996.jpg,1939,https://upload.wikimedia.org/wikipedia/commons/8/87/Chemical_Warfare_in_the_Twentieth_Century-_the_Second_World_War_H24996.jpg?utm_source=commons.wikimedia.org&utm_campaign=imageinfo&utm_content=original,Wikimedia Commons,Public domain,,IMAGE
25327708,File:Chemical Warfare in the Twentieth Century- the Second World War H24997.jpg,1939,https://upload.wikimedia.org/wikipedia/commons/8/8a/Chemical_Warfare_in_the_Twentieth_Century-_the_Second_World_War_H24997.jpg?utm_source=commons.wikimedia.org&utm_campaign=imageinfo&utm_content=original,Wikimedia Commons,Public domain,,IMAGE
25327642,File:Chemical Warfare in the Twentieth Century- the Second World War H24998.jpg,1939,https://upload.wikimedia.org/wikipedia/commons/8/8d/Chemical_Warfare_in_the_Twentieth_Century-_the_Second_World_War_H24998.jpg?utm_source=commons.wikimedia.org&utm_campaign=imageinfo&utm_content=original,Wikimedia Commons,Public domain,,IMAGE
25327586,File:Chemical Warfare in the Twentieth Century- the Second World War H24999.jpg,1939,https://upload.wikimedia.org/wikipedia/commons/b/b8/Chemical_Warfare_in_the_Twentieth_Century-_the_Second_World_War_H24999.jpg?utm_source=commons.wikimedia.org&utm_campaign=imageinfo&utm_content=original,Wikimedia Commons,Public domain,,IMAGE
25327599,File:Chemical Warfare in the Twentieth Century- the Second World War H25000.jpg,1939,https://upload.wikimedia.org/wikipedia/commons/4/44/Chemical_Warfare_in_the_Twentieth_Century-_the_Second_World_War_H25000.jpg?utm_source=commons.wikimedia.org&utm_campaign=imageinfo&utm_content=original,Wikimedia Commons,Public domain,,IMAGE
25327720,File:Chemical Warfare in the Twentieth Century- the Second World War H25001.jpg,1939,https://upload.wikimedia.org/wikipedia/commons/e/ec/Chemical_Warfare_in_the_Twentieth_Century-_the_Second_World_War_H25001.jpg?utm_source=commons.wikimedia.org&utm_campaign=imageinfo&utm_content=original,Wikimedia Commons,Public domain,,IMAGE
25327733,File:Chemical Warfare in the Twentieth Century- the Second World War H25002.jpg,1939,https://upload.wikimedia.org/wikipedia/commons/4/44/Chemical_Warfare_in_the_Twentieth_Century-_the_Second_World_War_H25002.jpg?utm_source=commons.wikimedia.org&utm_campaign=imageinfo&utm_content=original,Wikimedia Commons,Public domain,,IMAGE
30907623,File:Chemical Warfare in the Twentieth Century- the Second World War H25561.jpg,1939,https://upload.wikimedia.org/wikipedia/commons/0/03/Chemical_Warfare_in_the_Twentieth_Century-_the_Second_World_War_H25561.jpg?utm_source=commons.wikimedia.org&utm_campaign=imageinfo&utm_content=original,Wikimedia Commons,Public domain,,IMAGE
30907797,File:Chemical Warfare in the Twentieth Century- the Second World War H29839.jpg,1939,https://upload.wikimedia.org/wikipedia/commons/a/ac/Chemical_Warfare_in_the_Twentieth_Century-_the_Second_World_War_H29839.jpg?utm_source=commons.wikimedia.org&utm_campaign=imageinfo&utm_content=original,Wikimedia Commons,Public domain,,IMAGE
30907804,File:Chemical Warfare in the Twentieth Century- the Second World War H29840.jpg,1939,https://upload.wikimedia.org/wikipedia/commons/b/be/Chemical_Warfare_in_the_Twentieth_Century-_the_Second_World_War_H29840.jpg?utm_source=commons.wikimedia.org&utm_campaign=imageinfo&utm_content=original,Wikimedia Commons,Public domain,,IMAGE
30907780,File:Chemical Warfare in the Twentieth Century- the Second World War H29841.jpg,1939,https://upload.wikimedia.org/wikipedia/commons/3/3e/Chemical_Warfare_in_the_Twentieth_Century-_the_Second_World_War_H29841.jpg?utm_source=commons.wikimedia.org&utm_campaign=imageinfo&utm_content=original,Wikimedia Commons,Public domain,,IMAGE
30907791,File:Chemical Warfare in the Twentieth Century- the Second World War H29842.jpg,1939,https://upload.wikimedia.org/wikipedia/commons/0/07/Chemical_Warfare_in_the_Twentieth_Century-_the_Second_World_War_H29842.jpg?utm_source=commons.wikimedia.org&utm_campaign=imageinfo&utm_content=original,Wikimedia Commons,Public domain,,IMAGE
30907769,File:Chemical Warfare in the Twentieth Century- the Second World War H29843.jpg,1939,https://upload.wikimedia.org/wikipedia/commons/8/8e/Chemical_Warfare_in_the_Twentieth_Century-_the_Second_World_War_H29843.jpg?utm_source=commons.wikimedia.org&utm_campaign=imageinfo&utm_content=original,Wikimedia Commons,Public domain,,IMAGE
30907761,File:Chemical Warfare in the Twentieth Century- the Second World War H29845.jpg,1939,https://upload.wikimedia.org/wikipedia/commons/b/b5/Chemical_Warfare_in_the_Twentieth_Century-_the_Second_World_War_H29845.jpg?utm_source=commons.wikimedia.org&utm_campaign=imageinfo&utm_content=original,Wikimedia Commons,Public domain,,IMAGE
30907642,File:Chemical Warfare in the Twentieth Century- the Second World War H29846.jpg,1939,https://upload.wikimedia.org/wikipedia/commons/c/ca/Chemical_Warfare_in_the_Twentieth_Century-_the_Second_World_War_H29846.jpg?utm_source=commons.wikimedia.org&utm_campaign=imageinfo&utm_content=original,Wikimedia Commons,Public domain,,IMAGE
49780976,"File:Colorful, prisoner of war, second World War Fortepan 27346.jpg",1942,https://upload.wikimedia.org/wikipedia/commons/e/e8/Colorful%2C_prisoner_of_war%2C_second_World_War_Fortepan_27346.jpg?utm_source=commons.wikimedia.org&utm_campaign=imageinfo&utm_content=original,Wikimedia Commons,CC BY-SA 3.0,,IMAGE
116989211,"File:Damaged buildings of the Riga Old Town and St. Peter's Church during the World War II, 1939-1945.jpg",1941,https://upload.wikimedia.org/wikipedia/commons/b/b6/Damaged_buildings_of_the_Riga_Old_Town_and_St._Peter%27s_Church_during_the_World_War_II%2C_1939-1945.jpg?utm_source=commons.wikimedia.org&utm_campaign=imageinfo&utm_content=original,Wikimedia Commons,CC BY 4.0,,IMAGE
24452887,File:Farming in Britain during the Second World War TR941.jpg,1939,https://upload.wikimedia.org/wikipedia/commons/4/42/Farming_in_Britain_during_the_Second_World_War_TR941.jpg?utm_source=commons.wikimedia.org&utm_campaign=imageinfo&utm_content=original,Wikimedia Commons,Public domain,,IMAGE
30886517,File:Indian Forces in North Africa during the Second World War E7180.jpg,1939,https://upload.wikimedia.org/wikipedia/commons/a/a7/Indian_Forces_in_North_Africa_during_the_Second_World_War_E7180.jpg?utm_source=commons.wikimedia.org&utm_campaign=imageinfo&utm_content=original,Wikimedia Commons,Public domain,,IMAGE
24242123,File:Ministry of Information Second World War Official Collection CBM1524.jpg,1939,https://upload.wikimedia.org/wikipedia/commons/9/9d/Ministry_of_Information_Second_World_War_Official_Collection_CBM1524.jpg?utm_source=commons.wikimedia.org&utm_campaign=imageinfo&utm_content=original,Wikimedia Commons,Public domain,,IMAGE
39872709,File:Salvage of Metal For the War Effort in Britain during the Second World War HU57738.jpg,1939,https://upload.wikimedia.org/wikipedia/commons/f/fe/Salvage_of_Metal_For_the_War_Effort_in_Britain_during_the_Second_World_War_HU57738.jpg?utm_source=commons.wikimedia.org&utm_campaign=imageinfo&utm_content=original,Wikimedia Commons,Public domain,,IMAGE
25316246,File:Sport and Leisure during the Second World War H30227.jpg,1939,https://upload.wikimedia.org/wikipedia/commons/5/55/Sport_and_Leisure_during_the_Second_World_War_H30227.jpg?utm_source=commons.wikimedia.org&utm_campaign=imageinfo&utm_content=original,Wikimedia Commons,Public domain,,IMAGE
24425730,File:The Auxiliary Territorial Service in Britain during the Second World War TR2603.jpg,1939,https://upload.wikimedia.org/wikipedia/commons/b/ba/The_Auxiliary_Territorial_Service_in_Britain_during_the_Second_World_War_TR2603.jpg?utm_source=commons.wikimedia.org&utm_campaign=imageinfo&utm_content=original,Wikimedia Commons,Public domain,,IMAGE
24425735,File:The Auxiliary Territorial Service in Britain during the Second World War TR2604.jpg,1939,https://upload.wikimedia.org/wikipedia/commons/8/86/The_Auxiliary_Territorial_Service_in_Britain_during_the_Second_World_War_TR2604.jpg?utm_source=commons.wikimedia.org&utm_campaign=imageinfo&utm_content=original,Wikimedia Commons,Public domain,,IMAGE
24425837,File:The Auxiliary Territorial Service in Britain during the Second World War TR2605.jpg,1939,https://upload.wikimedia.org/wikipedia/commons/7/79/The_Auxiliary_Territorial_Service_in_Britain_during_the_Second_World_War_TR2605.jpg?utm_source=commons.wikimedia.org&utm_campaign=imageinfo&utm_content=original,Wikimedia Commons,Public domain,,IMAGE
24362372,File:The British Home Front during the Second World War. D18666.jpg,1939,https://upload.wikimedia.org/wikipedia/commons/a/a5/The_British_Home_Front_during_the_Second_World_War._D18666.jpg?utm_source=commons.wikimedia.org&utm_campaign=imageinfo&utm_content=original,Wikimedia Commons,Public domain,,IMAGE
24362368,File:The British Home Front during the Second World War. D18667.jpg,1939,https://upload.wikimedia.org/wikipedia/commons/e/e0/The_British_Home_Front_during_the_Second_World_War._D18667.jpg?utm_source=commons.wikimedia.org&utm_campaign=imageinfo&utm_content=original,Wikimedia Commons,Public domain,,IMAGE
24362435,File:The British Home Front during the Second World War. D18685.jpg,1939,https://upload.wikimedia.org/wikipedia/commons/9/96/The_British_Home_Front_during_the_Second_World_War._D18685.jpg?utm_source=commons.wikimedia.org&utm_campaign=imageinfo&utm_content=original,Wikimedia Commons,Public domain,,IMAGE
25092380,File:The Civilian Evacuation Scheme during the Second World War HU36233.jpg,1939,https://upload.wikimedia.org/wikipedia/commons/e/e0/The_Civilian_Evacuation_Scheme_during_the_Second_World_War_HU36233.jpg?utm_source=commons.wikimedia.org&utm_campaign=imageinfo&utm_content=original,Wikimedia Commons,Public domain,,IMAGE
24398203,File:The Home Front in Britain during the Second World War TR2130.jpg,1939,https://upload.wikimedia.org/wikipedia/commons/a/a3/The_Home_Front_in_Britain_during_the_Second_World_War_TR2130.jpg?utm_source=commons.wikimedia.org&utm_campaign=imageinfo&utm_content=original,Wikimedia Commons,Public domain,,IMAGE
24422103,File:The Home Front in Britain during the Second World War TR2653.jpg,1939,https://upload.wikimedia.org/wikipedia/commons/3/3e/The_Home_Front_in_Britain_during_the_Second_World_War_TR2653.jpg?utm_source=commons.wikimedia.org&utm_campaign=imageinfo&utm_content=original,Wikimedia Commons,Public domain,,IMAGE
24422110,File:The Home Front in Britain during the Second World War TR2654.jpg,1939,https://upload.wikimedia.org/wikipedia/commons/1/1c/The_Home_Front_in_Britain_during_the_Second_World_War_TR2654.jpg?utm_source=commons.wikimedia.org&utm_campaign=imageinfo&utm_content=original,Wikimedia Commons,Public domain,,IMAGE
30835038,File:The Polish Navy during the Second World War HU76124.jpg,1939,https://upload.wikimedia.org/wikipedia/commons/5/53/The_Polish_Navy_during_the_Second_World_War_HU76124.jpg?utm_source=commons.wikimedia.org&utm_campaign=imageinfo&utm_content=original,Wikimedia Commons,Public domain,,IMAGE
30835044,File:The Polish Navy during the Second World War HU76125.jpg,1939,https://upload.wikimedia.org/wikipedia/commons/a/a7/The_Polish_Navy_during_the_Second_World_War_HU76125.jpg?utm_source=commons.wikimedia.org&utm_campaign=imageinfo&utm_content=original,Wikimedia Commons,Public domain,,IMAGE
25109446,File:The Royal Navy during the Second World War A1218.jpg,1939,https://upload.wikimedia.org/wikipedia/commons/3/3b/The_Royal_Navy_during_the_Second_World_War_A1218.jpg?utm_source=commons.wikimedia.org&utm_campaign=imageinfo&utm_content=original,Wikimedia Commons,Public domain,,IMAGE
24498184,File:The Royal Navy during the Second World War BU8515.jpg,1939,https://upload.wikimedia.org/wikipedia/commons/9/96/The_Royal_Navy_during_the_Second_World_War_BU8515.jpg?utm_source=commons.wikimedia.org&utm_campaign=imageinfo&utm_content=original,Wikimedia Commons,Public domain,,IMAGE
25118670,File:The Royal Navy during the Second World War HMS Ekins at Harwich A 26397.jpg,1939,https://upload.wikimedia.org/wikipedia/commons/f/fc/The_Royal_Navy_during_the_Second_World_War_HMS_Ekins_at_Harwich_A_26397.jpg?utm_source=commons.wikimedia.org&utm_campaign=imageinfo&utm_content=original,Wikimedia Commons,Public domain,,IMAGE
25118959,File:The Royal Navy during the Second World War HMS Glory IWM A 28926.jpg,1939,https://upload.wikimedia.org/wikipedia/commons/6/67/The_Royal_Navy_during_the_Second_World_War_HMS_Glory_IWM_A_28926.jpg?utm_source=commons.wikimedia.org&utm_campaign=imageinfo&utm_content=original,Wikimedia Commons,Public domain,,IMAGE
27677918,File:The Second World War 1939 - 1945- the War in the Far East 1941 - 1945 IND3383.jpg,1939,https://upload.wikimedia.org/wikipedia/commons/e/eb/The_Second_World_War_1939_-_1945-_the_War_in_the_Far_East_1941_-_1945_IND3383.jpg?utm_source=commons.wikimedia.org&utm_campaign=imageinfo&utm_content=original,Wikimedia Commons,Public domain,,IMAGE
30887313,File:US Bases in the Caribbean during the Second World War OEM21397.jpg,1939,https://upload.wikimedia.org/wikipedia/commons/6/64/US_Bases_in_the_Caribbean_during_the_Second_World_War_OEM21397.jpg?utm_source=commons.wikimedia.org&utm_campaign=imageinfo&utm_content=original,Wikimedia Commons,Public domain,,IMAGE
30887306,File:US Bases in the Caribbean during the Second World War OEM21398.jpg,1939,https://upload.wikimedia.org/wikipedia/commons/f/f3/US_Bases_in_the_Caribbean_during_the_Second_World_War_OEM21398.jpg?utm_source=commons.wikimedia.org&utm_campaign=imageinfo&utm_content=original,Wikimedia Commons,Public domain,,IMAGE
24488173,File:War Office Second World War Official Collection B10978.jpg,1939,https://upload.wikimedia.org/wikipedia/commons/b/b2/War_Office_Second_World_War_Official_Collection_B10978.jpg?utm_source=commons.wikimedia.org&utm_campaign=imageinfo&utm_content=original,Wikimedia Commons,Public domain,,IMAGE
24488224,File:War Office Second World War Official Collection B7468.jpg,1939,https://upload.wikimedia.org/wikipedia/commons/8/8f/War_Office_Second_World_War_Official_Collection_B7468.jpg?utm_source=commons.wikimedia.org&utm_campaign=imageinfo&utm_content=original,Wikimedia Commons,Public domain,,IMAGE
30881956,File:War Office Second World War Official Collection E19874.jpg,1942,https://upload.wikimedia.org/wikipedia/commons/5/5f/War_Office_Second_World_War_Official_Collection_E19874.jpg?utm_source=commons.wikimedia.org&utm_campaign=imageinfo&utm_content=original,Wikimedia Commons,Public domain,,IMAGE
30906606,File:Winston Churchill during the Second World War H32959.jpg,1943,https://upload.wikimedia.org/wikipedia/commons/2/23/Winston_Churchill_during_the_Second_World_War_H32959.jpg?utm_source=commons.wikimedia.org&utm_campaign=imageinfo&utm_content=original,Wikimedia Commons,Public domain,,IMAGE
24396336,File:Air Ministry Second World War Official Collection C443.jpg,1939,https://upload.wikimedia.org/wikipedia/commons/d/d7/Air_Ministry_Second_World_War_Official_Collection_C443.jpg?utm_source=commons.wikimedia.org&utm_campaign=imageinfo&utm_content=original,Wikimedia Commons,Public domain,,IMAGE
24478686,File:Air Ministry Second World War Official Collection C4849.jpg,1939,https://upload.wikimedia.org/wikipedia/commons/1/18/Air_Ministry_Second_World_War_Official_Collection_C4849.jpg?utm_source=commons.wikimedia.org&utm_campaign=imageinfo&utm_content=original,Wikimedia Commons,Public domain,,IMAGE
24478279,File:Air Ministry Second World War Official Collection CF387.jpg,1939,https://upload.wikimedia.org/wikipedia/commons/6/6d/Air_Ministry_Second_World_War_Official_Collection_CF387.jpg?utm_source=commons.wikimedia.org&utm_campaign=imageinfo&utm_content=original,Wikimedia Commons,Public domain,,IMAGE
24465706,File:Air Ministry Second World War Official Collection CH12562.jpg,1939,https://upload.wikimedia.org/wikipedia/commons/8/80/Air_Ministry_Second_World_War_Official_Collection_CH12562.jpg?utm_source=commons.wikimedia.org&utm_campaign=imageinfo&utm_content=original,Wikimedia Commons,Public domain,,IMAGE
24478400,File:Air Ministry Second World War Official Collection CI75.jpg,1939,https://upload.wikimedia.org/wikipedia/commons/8/86/Air_Ministry_Second_World_War_Official_Collection_CI75.jpg?utm_source=commons.wikimedia.org&utm_campaign=imageinfo&utm_content=original,Wikimedia Commons,Public domain,,IMAGE
24478508,File:Air Ministry Second World War Official Collection CI853.jpg,1939,https://upload.wikimedia.org/wikipedia/commons/6/62/Air_Ministry_Second_World_War_Official_Collection_CI853.jpg?utm_source=commons.wikimedia.org&utm_campaign=imageinfo&utm_content=original,Wikimedia Commons,Public domain,,IMAGE
151106936,File:Atlantic Arch side of National World War II Memorial 20240601.jpg,2024,https://upload.wikimedia.org/wikipedia/commons/9/9b/Atlantic_Arch_side_of_National_World_War_II_Memorial_20240601.jpg?utm_source=commons.wikimedia.org&utm_campaign=imageinfo&utm_content=original,Wikimedia Commons,CC BY-SA 4.0,,IMAGE
30886534,File:Australian Forces in North Africa during the Second World War E2478.jpg,1939,https://upload.wikimedia.org/wikipedia/commons/5/58/Australian_Forces_in_North_Africa_during_the_Second_World_War_E2478.jpg?utm_source=commons.wikimedia.org&utm_campaign=imageinfo&utm_content=original,Wikimedia Commons,Public domain,,IMAGE
89200862,File:Belgian World War Memorial stone (Leuven).jpg,2020,https://upload.wikimedia.org/wikipedia/commons/8/80/Belgian_World_War_Memorial_stone_%28Leuven%29.jpg?utm_source=commons.wikimedia.org&utm_campaign=imageinfo&utm_content=original,Wikimedia Commons,CC BY-SA 4.0,,IMAGE
30907739,File:Chemical Warfare in the Twentieth Century- the Second World War H25568.jpg,1939,https://upload.wikimedia.org/wikipedia/commons/c/c1/Chemical_Warfare_in_the_Twentieth_Century-_the_Second_World_War_H25568.jpg?utm_source=commons.wikimedia.org&utm_campaign=imageinfo&utm_content=original,Wikimedia Commons,Public domain,,IMAGE
30907745,File:Chemical Warfare in the Twentieth Century- the Second World War H25569.jpg,1939,https://upload.wikimedia.org/wikipedia/commons/8/84/Chemical_Warfare_in_the_Twentieth_Century-_the_Second_World_War_H25569.jpg?utm_source=commons.wikimedia.org&utm_campaign=imageinfo&utm_content=original,Wikimedia Commons,Public domain,,IMAGE
30906518,File:Chemical Warfare in the Twentieth Century- the Second World War H25575.jpg,1939,https://upload.wikimedia.org/wikipedia/commons/9/9f/Chemical_Warfare_in_the_Twentieth_Century-_the_Second_World_War_H25575.jpg?utm_source=commons.wikimedia.org&utm_campaign=imageinfo&utm_content=original,Wikimedia Commons,Public domain,,IMAGE
25330926,File:Chemical Warfare in the Twentieth Century- the Second World War H25578.jpg,1939,https://upload.wikimedia.org/wikipedia/commons/a/a6/Chemical_Warfare_in_the_Twentieth_Century-_the_Second_World_War_H25578.jpg?utm_source=commons.wikimedia.org&utm_campaign=imageinfo&utm_content=original,Wikimedia Commons,Public domain,,IMAGE
30907645,File:Chemical Warfare in the Twentieth Century- the Second World War H29847.jpg,1939,https://upload.wikimedia.org/wikipedia/commons/c/c3/Chemical_Warfare_in_the_Twentieth_Century-_the_Second_World_War_H29847.jpg?utm_source=commons.wikimedia.org&utm_campaign=imageinfo&utm_content=original,Wikimedia Commons,Public domain,,IMAGE
24361800,File:Cinemas and Cinema-going during the Second World War D12056.jpg,1939,https://upload.wikimedia.org/wikipedia/commons/b/b8/Cinemas_and_Cinema-going_during_the_Second_World_War_D12056.jpg?utm_source=commons.wikimedia.org&utm_campaign=imageinfo&utm_content=original,Wikimedia Commons,Public domain,,IMAGE
24478234,File:Commonwealth Air Aces of the Second World War CF90.jpg,1943,https://upload.wikimedia.org/wikipedia/commons/b/b8/Commonwealth_Air_Aces_of_the_Second_World_War_CF90.jpg?utm_source=commons.wikimedia.org&utm_campaign=imageinfo&utm_content=original,Wikimedia Commons,Public domain,,IMAGE
109985626,"File:Military vehicles in Liberty Square, Panevėžys, Lithuania during the World War II.jpg",1941,https://upload.wikimedia.org/wikipedia/commons/8/81/Military_vehicles_in_Liberty_Square%2C_Panev%C4%97%C5%BEys%2C_Lithuania_during_the_World_War_II.jpg?utm_source=commons.wikimedia.org&utm_campaign=imageinfo&utm_content=original,Wikimedia Commons,Public domain,,IMAGE
30907918,File:Neville Chamberlain during the Second World War in France O2170.jpg,1939,https://upload.wikimedia.org/wikipedia/commons/a/ad/Neville_Chamberlain_during_the_Second_World_War_in_France_O2170.jpg?utm_source=commons.wikimedia.org&utm_campaign=imageinfo&utm_content=original,Wikimedia Commons,Public domain,,IMAGE
31078858,File:Second World War Europe 1939-1942 de.webm,2014,https://upload.wikimedia.org/wikipedia/commons/f/f6/Second_World_War_Europe_1939-1942_de.webm?utm_source=commons.wikimedia.org&utm_campaign=imageinfo&utm_content=original,Wikimedia Commons,Public domain,,IMAGE
24425666,File:The Auxiliary Territorial Service in Britain during the Second World War TR2599.jpg,1939,https://upload.wikimedia.org/wikipedia/commons/f/f8/The_Auxiliary_Territorial_Service_in_Britain_during_the_Second_World_War_TR2599.jpg?utm_source=commons.wikimedia.org&utm_campaign=imageinfo&utm_content=original,Wikimedia Commons,Public domain,,IMAGE
24425711,File:The Auxiliary Territorial Service in Britain during the Second World War TR2602.jpg,1939,https://upload.wikimedia.org/wikipedia/commons/e/e9/The_Auxiliary_Territorial_Service_in_Britain_during_the_Second_World_War_TR2602.jpg?utm_source=commons.wikimedia.org&utm_campaign=imageinfo&utm_content=original,Wikimedia Commons,Public domain,,IMAGE
24425998,File:The Auxiliary Territorial Service in Britain during the Second World War TR2607.jpg,1939,https://upload.wikimedia.org/wikipedia/commons/8/8c/The_Auxiliary_Territorial_Service_in_Britain_during_the_Second_World_War_TR2607.jpg?utm_source=commons.wikimedia.org&utm_campaign=imageinfo&utm_content=original,Wikimedia Commons,Public domain,,IMAGE
30968119,File:The Caribbean Regiment during the Second World War E31212.jpg,1939,https://upload.wikimedia.org/wikipedia/commons/c/ce/The_Caribbean_Regiment_during_the_Second_World_War_E31212.jpg?utm_source=commons.wikimedia.org&utm_campaign=imageinfo&utm_content=original,Wikimedia Commons,Public domain,,IMAGE
25092332,File:The Home Front in Britain during the Second World War HU36203.jpg,1939,https://upload.wikimedia.org/wikipedia/commons/0/05/The_Home_Front_in_Britain_during_the_Second_World_War_HU36203.jpg?utm_source=commons.wikimedia.org&utm_campaign=imageinfo&utm_content=original,Wikimedia Commons,Public domain,,IMAGE
24398201,File:The Home Front in Britain during the Second World War TR2132.jpg,1939,https://upload.wikimedia.org/wikipedia/commons/9/99/The_Home_Front_in_Britain_during_the_Second_World_War_TR2132.jpg?utm_source=commons.wikimedia.org&utm_campaign=imageinfo&utm_content=original,Wikimedia Commons,Public domain,,IMAGE
24398202,File:The Home Front in Britain during the Second World War TR2133.jpg,1939,https://upload.wikimedia.org/wikipedia/commons/5/5a/The_Home_Front_in_Britain_during_the_Second_World_War_TR2133.jpg?utm_source=commons.wikimedia.org&utm_campaign=imageinfo&utm_content=original,Wikimedia Commons,Public domain,,IMAGE
24398196,File:The Home Front in Britain during the Second World War TR2136.jpg,1939,https://upload.wikimedia.org/wikipedia/commons/f/fb/The_Home_Front_in_Britain_during_the_Second_World_War_TR2136.jpg?utm_source=commons.wikimedia.org&utm_campaign=imageinfo&utm_content=original,Wikimedia Commons,Public domain,,IMAGE
24398198,File:The Home Front in Britain during the Second World War TR2137.jpg,1939,https://upload.wikimedia.org/wikipedia/commons/5/51/The_Home_Front_in_Britain_during_the_Second_World_War_TR2137.jpg?utm_source=commons.wikimedia.org&utm_campaign=imageinfo&utm_content=original,Wikimedia Commons,Public domain,,IMAGE
25320765,File:The Home Guard during the Second World War H2722.jpg,1939,https://upload.wikimedia.org/wikipedia/commons/1/19/The_Home_Guard_during_the_Second_World_War_H2722.jpg?utm_source=commons.wikimedia.org&utm_campaign=imageinfo&utm_content=original,Wikimedia Commons,Public domain,,IMAGE
30908782,File:The Home Guard during the Second World War H31546.jpg,1939,https://upload.wikimedia.org/wikipedia/commons/d/d7/The_Home_Guard_during_the_Second_World_War_H31546.jpg?utm_source=commons.wikimedia.org&utm_campaign=imageinfo&utm_content=original,Wikimedia Commons,Public domain,,IMAGE
30835031,File:The Polish Navy during the Second World War HU76128.jpg,1939,https://upload.wikimedia.org/wikipedia/commons/0/0f/The_Polish_Navy_during_the_Second_World_War_HU76128.jpg?utm_source=commons.wikimedia.org&utm_campaign=imageinfo&utm_content=original,Wikimedia Commons,Public domain,,IMAGE
25075402,File:The Royal Navy during the Second World War A26700.jpg,1939,https://upload.wikimedia.org/wikipedia/commons/d/d1/The_Royal_Navy_during_the_Second_World_War_A26700.jpg?utm_source=commons.wikimedia.org&utm_campaign=imageinfo&utm_content=original,Wikimedia Commons,Public domain,,IMAGE
24470399,File:The Royal Navy during the Second World War CH9026.jpg,1939,https://upload.wikimedia.org/wikipedia/commons/d/df/The_Royal_Navy_during_the_Second_World_War_CH9026.jpg?utm_source=commons.wikimedia.org&utm_campaign=imageinfo&utm_content=original,Wikimedia Commons,Public domain,,IMAGE
25083322,File:The Royal Navy during the Second World War HMS Glasgow 4-inch AA gun crew A 21143.jpg,1939,https://upload.wikimedia.org/wikipedia/commons/3/3d/The_Royal_Navy_during_the_Second_World_War_HMS_Glasgow_4-inch_AA_gun_crew_A_21143.jpg?utm_source=commons.wikimedia.org&utm_campaign=imageinfo&utm_content=original,Wikimedia Commons,Public domain,,IMAGE
25115870,File:The Royal Navy during the Second World War HMS Nelson IWM A 28920.jpg,1939,https://upload.wikimedia.org/wikipedia/commons/0/0c/The_Royal_Navy_during_the_Second_World_War_HMS_Nelson_IWM_A_28920.jpg?utm_source=commons.wikimedia.org&utm_campaign=imageinfo&utm_content=original,Wikimedia Commons,Public domain,,IMAGE
24397469,File:The Royal Navy in the Second World War- Personalities TR632.jpg,1939,https://upload.wikimedia.org/wikipedia/commons/5/51/The_Royal_Navy_in_the_Second_World_War-_Personalities_TR632.jpg?utm_source=commons.wikimedia.org&utm_campaign=imageinfo&utm_content=original,Wikimedia Commons,Public domain,,IMAGE
24396851,File:The Royal Navy in the Second World War- Personalities TR634.jpg,1939,https://upload.wikimedia.org/wikipedia/commons/2/21/The_Royal_Navy_in_the_Second_World_War-_Personalities_TR634.jpg?utm_source=commons.wikimedia.org&utm_campaign=imageinfo&utm_content=original,Wikimedia Commons,Public domain,,IMAGE
39764445,File:The Royal Navy in the Second World War TR100.jpg,1942,https://upload.wikimedia.org/wikipedia/commons/8/8d/The_Royal_Navy_in_the_Second_World_War_TR100.jpg?utm_source=commons.wikimedia.org&utm_campaign=imageinfo&utm_content=original,Wikimedia Commons,Public domain,,IMAGE
25089984,File:The Russian Army in the Second World War HU111054.jpg,1941,https://upload.wikimedia.org/wikipedia/commons/7/70/The_Russian_Army_in_the_Second_World_War_HU111054.jpg?utm_source=commons.wikimedia.org&utm_campaign=imageinfo&utm_content=original,Wikimedia Commons,Public domain,,IMAGE
24436925,File:The Synthetic Production of Penicillin during the Second World War TR1431.jpg,1939,https://upload.wikimedia.org/wikipedia/commons/5/5f/The_Synthetic_Production_of_Penicillin_during_the_Second_World_War_TR1431.jpg?utm_source=commons.wikimedia.org&utm_campaign=imageinfo&utm_content=original,Wikimedia Commons,Public domain,,IMAGE
24396448,File:The Synthetic Production of Penicillin during the Second World War TR1458.jpg,1939,https://upload.wikimedia.org/wikipedia/commons/a/a3/The_Synthetic_Production_of_Penicillin_during_the_Second_World_War_TR1458.jpg?utm_source=commons.wikimedia.org&utm_campaign=imageinfo&utm_content=original,Wikimedia Commons,Public domain,,IMAGE
30848196,File:The Synthetic Production of Penicillin during the Second World War TR1461.jpg,1939,https://upload.wikimedia.org/wikipedia/commons/2/26/The_Synthetic_Production_of_Penicillin_during_the_Second_World_War_TR1461.jpg?utm_source=commons.wikimedia.org&utm_campaign=imageinfo&utm_content=original,Wikimedia Commons,Public domain,,IMAGE
25092017,File:The Women's Land Army during the Second World War HU63799.jpg,1939,https://upload.wikimedia.org/wikipedia/commons/4/45/The_Women%27s_Land_Army_during_the_Second_World_War_HU63799.jpg?utm_source=commons.wikimedia.org&utm_campaign=imageinfo&utm_content=original,Wikimedia Commons,Public domain,,IMAGE
24365372,"File:The work of the Merchant Navy during the Second World War, 1943 D16069.jpg",1943,https://upload.wikimedia.org/wikipedia/commons/b/b6/The_work_of_the_Merchant_Navy_during_the_Second_World_War%2C_1943_D16069.jpg?utm_source=commons.wikimedia.org&utm_campaign=imageinfo&utm_content=original,Wikimedia Commons,Public domain,,IMAGE
79899552,File:WW II Alpino Sergente Giovannucci Verino in Battle Uniform.jpg,2018,https://upload.wikimedia.org/wikipedia/commons/d/dd/WW_II_Alpino_Sergente_Giovannucci_Verino_in_Battle_Uniform.jpg?utm_source=commons.wikimedia.org&utm_campaign=imageinfo&utm_content=original,Wikimedia Commons,CC BY-SA 4.0,,IMAGE
24502791,File:War Office Second World War Official Collection B10047.jpg,1939,https://upload.wikimedia.org/wikipedia/commons/8/82/War_Office_Second_World_War_Official_Collection_B10047.jpg?utm_source=commons.wikimedia.org&utm_campaign=imageinfo&utm_content=original,Wikimedia Commons,Public domain,,IMAGE
24502801,File:War Office Second World War Official Collection B12458.jpg,1939,https://upload.wikimedia.org/wikipedia/commons/4/43/War_Office_Second_World_War_Official_Collection_B12458.jpg?utm_source=commons.wikimedia.org&utm_campaign=imageinfo&utm_content=original,Wikimedia Commons,Public domain,,IMAGE
30882188,File:War Office Second World War Official Collection E18586.jpg,1939,https://upload.wikimedia.org/wikipedia/commons/1/10/War_Office_Second_World_War_Official_Collection_E18586.jpg?utm_source=commons.wikimedia.org&utm_campaign=imageinfo&utm_content=original,Wikimedia Commons,Public domain,,IMAGE
24378607,File:A London family from Peckham evacuated to Bideford in North Devon during the Second World War. D2227.jpg,1939,https://upload.wikimedia.org/wikipedia/commons/3/3b/A_London_family_from_Peckham_evacuated_to_Bideford_in_North_Devon_during_the_Second_World_War._D2227.jpg?utm_source=commons.wikimedia.org&utm_campaign=imageinfo&utm_content=original,Wikimedia Commons,Public domain,,IMAGE
24453281,File:Air Ministry Second World War Official Collection C242.jpg,1939,https://upload.wikimedia.org/wikipedia/commons/e/e5/Air_Ministry_Second_World_War_Official_Collection_C242.jpg?utm_source=commons.wikimedia.org&utm_campaign=imageinfo&utm_content=original,Wikimedia Commons,Public domain,,IMAGE
24448688,File:Air Ministry Second World War Official Collection C3044.jpg,1939,https://upload.wikimedia.org/wikipedia/commons/7/7a/Air_Ministry_Second_World_War_Official_Collection_C3044.jpg?utm_source=commons.wikimedia.org&utm_campaign=imageinfo&utm_content=original,Wikimedia Commons,Public domain,,IMAGE
24478284,File:Air Ministry Second World War Official Collection CF350.jpg,1943,https://upload.wikimedia.org/wikipedia/commons/a/a6/Air_Ministry_Second_World_War_Official_Collection_CF350.jpg?utm_source=commons.wikimedia.org&utm_campaign=imageinfo&utm_content=original,Wikimedia Commons,Public domain,,IMAGE
24464438,File:Air Ministry Second World War Official Collection CH544.jpg,1939,https://upload.wikimedia.org/wikipedia/commons/5/55/Air_Ministry_Second_World_War_Official_Collection_CH544.jpg?utm_source=commons.wikimedia.org&utm_campaign=imageinfo&utm_content=original,Wikimedia Commons,Public domain,,IMAGE
24478415,File:Air Ministry Second World War Official Collection CI1266.jpg,1939,https://upload.wikimedia.org/wikipedia/commons/b/b6/Air_Ministry_Second_World_War_Official_Collection_CI1266.jpg?utm_source=commons.wikimedia.org&utm_campaign=imageinfo&utm_content=original,Wikimedia Commons,Public domain,,IMAGE
24478434,File:Air Ministry Second World War Official Collection CI1344.jpg,1939,https://upload.wikimedia.org/wikipedia/commons/2/2f/Air_Ministry_Second_World_War_Official_Collection_CI1344.jpg?utm_source=commons.wikimedia.org&utm_campaign=imageinfo&utm_content=original,Wikimedia Commons,Public domain,,IMAGE
24478403,File:Air Ministry Second World War Official Collection CI1348.jpg,1939,https://upload.wikimedia.org/wikipedia/commons/0/0a/Air_Ministry_Second_World_War_Official_Collection_CI1348.jpg?utm_source=commons.wikimedia.org&utm_campaign=imageinfo&utm_content=original,Wikimedia Commons,Public domain,,IMAGE
24478392,File:Air Ministry Second World War Official Collection CI149.jpg,1939,https://upload.wikimedia.org/wikipedia/commons/f/ff/Air_Ministry_Second_World_War_Official_Collection_CI149.jpg?utm_source=commons.wikimedia.org&utm_campaign=imageinfo&utm_content=original,Wikimedia Commons,Public domain,,IMAGE
24478369,File:Air Ministry Second World War Official Collection CI369.jpg,1939,https://upload.wikimedia.org/wikipedia/commons/a/ac/Air_Ministry_Second_World_War_Official_Collection_CI369.jpg?utm_source=commons.wikimedia.org&utm_campaign=imageinfo&utm_content=original,Wikimedia Commons,Public domain,,IMAGE
24478467,File:Air Ministry Second World War Official Collection CI438.jpg,1939,https://upload.wikimedia.org/wikipedia/commons/8/82/Air_Ministry_Second_World_War_Official_Collection_CI438.jpg?utm_source=commons.wikimedia.org&utm_campaign=imageinfo&utm_content=original,Wikimedia Commons,Public domain,,IMAGE
24478506,File:Air Ministry Second World War Official Collection CI664.jpg,1939,https://upload.wikimedia.org/wikipedia/commons/7/70/Air_Ministry_Second_World_War_Official_Collection_CI664.jpg?utm_source=commons.wikimedia.org&utm_campaign=imageinfo&utm_content=original,Wikimedia Commons,Public domain,,IMAGE
24478396,File:Air Ministry Second World War Official Collection CI81.jpg,1939,https://upload.wikimedia.org/wikipedia/commons/9/97/Air_Ministry_Second_World_War_Official_Collection_CI81.jpg?utm_source=commons.wikimedia.org&utm_campaign=imageinfo&utm_content=original,Wikimedia Commons,Public domain,,IMAGE
39649067,File:Anti-invasion Defences in Britain during the Second World War H2459.jpg,1939,https://upload.wikimedia.org/wikipedia/commons/0/01/Anti-invasion_Defences_in_Britain_during_the_Second_World_War_H2459.jpg?utm_source=commons.wikimedia.org&utm_campaign=imageinfo&utm_content=original,Wikimedia Commons,Public domain,,IMAGE
30906104,File:Anti-invasion Defences in Britain during the Second World War H2465.jpg,1940,https://upload.wikimedia.org/wikipedia/commons/a/a0/Anti-invasion_Defences_in_Britain_during_the_Second_World_War_H2465.jpg?utm_source=commons.wikimedia.org&utm_campaign=imageinfo&utm_content=original,Wikimedia Commons,Public domain,,IMAGE
25087257,File:British Medical Services in the Second World War A26430.jpg,1944,https://upload.wikimedia.org/wikipedia/commons/9/9c/British_Medical_Services_in_the_Second_World_War_A26430.jpg?utm_source=commons.wikimedia.org&utm_campaign=imageinfo&utm_content=original,Wikimedia Commons,Public domain,,IMAGE
30906524,File:Chemical Warfare in the Twentieth Century- the Second World War H29838.jpg,1939,https://upload.wikimedia.org/wikipedia/commons/1/11/Chemical_Warfare_in_the_Twentieth_Century-_the_Second_World_War_H29838.jpg?utm_source=commons.wikimedia.org&utm_campaign=imageinfo&utm_content=original,Wikimedia Commons,Public domain,,IMAGE
30907773,File:Chemical Warfare in the Twentieth Century- the Second World War H29844.jpg,1939,https://upload.wikimedia.org/wikipedia/commons/2/2e/Chemical_Warfare_in_the_Twentieth_Century-_the_Second_World_War_H29844.jpg?utm_source=commons.wikimedia.org&utm_campaign=imageinfo&utm_content=original,Wikimedia Commons,Public domain,,IMAGE
24465832,File:Commonwealth Air Aces of the Second World War CH3757.jpg,1941,https://upload.wikimedia.org/wikipedia/commons/9/98/Commonwealth_Air_Aces_of_the_Second_World_War_CH3757.jpg?utm_source=commons.wikimedia.org&utm_campaign=imageinfo&utm_content=original,Wikimedia Commons,Public domain,,IMAGE
25091073,File:Gas Mask Drills during the Second World War HU36136.jpg,1939,https://upload.wikimedia.org/wikipedia/commons/c/c2/Gas_Mask_Drills_during_the_Second_World_War_HU36136.jpg?utm_source=commons.wikimedia.org&utm_campaign=imageinfo&utm_content=original,Wikimedia Commons,Public domain,,IMAGE
25085150,File:Leisure and Entertainment during the Second World War A14189.jpg,1939,https://upload.wikimedia.org/wikipedia/commons/c/c0/Leisure_and_Entertainment_during_the_Second_World_War_A14189.jpg?utm_source=commons.wikimedia.org&utm_campaign=imageinfo&utm_content=original,Wikimedia Commons,Public domain,,IMAGE
24378642,File:Ministry of Information Second World War Official Collection D26243.jpg,1945,https://upload.wikimedia.org/wikipedia/commons/4/4c/Ministry_of_Information_Second_World_War_Official_Collection_D26243.jpg?utm_source=commons.wikimedia.org&utm_campaign=imageinfo&utm_content=original,Wikimedia Commons,Public domain,,IMAGE
24358301,File:Ministry of Information Second World War Official Collection D2868.jpg,1939,https://upload.wikimedia.org/wikipedia/commons/5/53/Ministry_of_Information_Second_World_War_Official_Collection_D2868.jpg?utm_source=commons.wikimedia.org&utm_campaign=imageinfo&utm_content=original,Wikimedia Commons,Public domain,,IMAGE
151106935,File:Pacific Arch side of National World War II Memorial 20240601.jpg,2024,https://upload.wikimedia.org/wikipedia/commons/9/96/Pacific_Arch_side_of_National_World_War_II_Memorial_20240601.jpg?utm_source=commons.wikimedia.org&utm_campaign=imageinfo&utm_content=original,Wikimedia Commons,CC BY-SA 4.0,,IMAGE
36558325,File:Preveli World War II Memorial.JPG,2014,https://upload.wikimedia.org/wikipedia/commons/9/9b/Preveli_World_War_II_Memorial.JPG?utm_source=commons.wikimedia.org&utm_campaign=imageinfo&utm_content=original,Wikimedia Commons,CC BY-SA 4.0,,IMAGE
24453538,File:Scenes From the Gold Coast during the Second World War TR2763.jpg,1939,https://upload.wikimedia.org/wikipedia/commons/f/f5/Scenes_From_the_Gold_Coast_during_the_Second_World_War_TR2763.jpg?utm_source=commons.wikimedia.org&utm_campaign=imageinfo&utm_content=original,Wikimedia Commons,Public domain,,IMAGE
24453547,File:Scenes From the Gold Coast during the Second World War TR2764.jpg,1939,https://upload.wikimedia.org/wikipedia/commons/3/3f/Scenes_From_the_Gold_Coast_during_the_Second_World_War_TR2764.jpg?utm_source=commons.wikimedia.org&utm_campaign=imageinfo&utm_content=original,Wikimedia Commons,Public domain,,IMAGE
102738701,File:Second World War - geograph.org.uk - 1849326.jpg,2010,https://upload.wikimedia.org/wikipedia/commons/f/f1/Second_World_War_-_geograph.org.uk_-_1849326.jpg?utm_source=commons.wikimedia.org&utm_campaign=imageinfo&utm_content=original,Wikimedia Commons,CC BY-SA 2.0,,IMAGE
118611804,File:Second World War Europe 06 1940-en.svg,2022,https://upload.wikimedia.org/wikipedia/commons/0/03/Second_World_War_Europe_06_1940-en.svg?utm_source=commons.wikimedia.org&utm_campaign=imageinfo&utm_content=original,Wikimedia Commons,CC BY-SA 4.0,,IMAGE
25296370,File:Sport and Leisure in the British Army during the Second World War NA11632.jpg,1939,https://upload.wikimedia.org/wikipedia/commons/6/6e/Sport_and_Leisure_in_the_British_Army_during_the_Second_World_War_NA11632.jpg?utm_source=commons.wikimedia.org&utm_campaign=imageinfo&utm_content=original,Wikimedia Commons,Public domain,,IMAGE
25090280,File:The Home Front in Britain during the Second World War HU44272.jpg,1939,https://upload.wikimedia.org/wikipedia/commons/9/90/The_Home_Front_in_Britain_during_the_Second_World_War_HU44272.jpg?utm_source=commons.wikimedia.org&utm_campaign=imageinfo&utm_content=original,Wikimedia Commons,Public domain,,IMAGE
30835049,File:The Polish Navy during the Second World War HU76126.jpg,1939,https://upload.wikimedia.org/wikipedia/commons/6/65/The_Polish_Navy_during_the_Second_World_War_HU76126.jpg?utm_source=commons.wikimedia.org&utm_campaign=imageinfo&utm_content=original,Wikimedia Commons,Public domain,,IMAGE
24396902,File:The Royal Air Force during the Second World War- Personalities TR1773.jpg,1939,https://upload.wikimedia.org/wikipedia/commons/f/fd/The_Royal_Air_Force_during_the_Second_World_War-_Personalities_TR1773.jpg?utm_source=commons.wikimedia.org&utm_campaign=imageinfo&utm_content=original,Wikimedia Commons,Public domain,,IMAGE
25087825,File:The Royal Navy during the Second World War A13410.jpg,1939,https://upload.wikimedia.org/wikipedia/commons/8/82/The_Royal_Navy_during_the_Second_World_War_A13410.jpg?utm_source=commons.wikimedia.org&utm_campaign=imageinfo&utm_content=original,Wikimedia Commons,Public domain,,IMAGE
25088238,File:The Royal Navy during the Second World War A13854.jpg,1939,https://upload.wikimedia.org/wikipedia/commons/a/ae/The_Royal_Navy_during_the_Second_World_War_A13854.jpg?utm_source=commons.wikimedia.org&utm_campaign=imageinfo&utm_content=original,Wikimedia Commons,Public domain,,IMAGE
25078520,File:The Royal Navy during the Second World War A15551.jpg,1939,https://upload.wikimedia.org/wikipedia/commons/0/0f/The_Royal_Navy_during_the_Second_World_War_A15551.jpg?utm_source=commons.wikimedia.org&utm_campaign=imageinfo&utm_content=original,Wikimedia Commons,Public domain,,IMAGE
25124384,File:The Royal Navy during the Second World War A18974.jpg,1939,https://upload.wikimedia.org/wikipedia/commons/f/f9/The_Royal_Navy_during_the_Second_World_War_A18974.jpg?utm_source=commons.wikimedia.org&utm_campaign=imageinfo&utm_content=original,Wikimedia Commons,Public domain,,IMAGE
25117977,File:The Royal Navy during the Second World War A20918.jpg,1939,https://upload.wikimedia.org/wikipedia/commons/e/e3/The_Royal_Navy_during_the_Second_World_War_A20918.jpg?utm_source=commons.wikimedia.org&utm_campaign=imageinfo&utm_content=original,Wikimedia Commons,Public domain,,IMAGE
25078811,File:The Royal Navy during the Second World War A20955.jpg,1939,https://upload.wikimedia.org/wikipedia/commons/d/d8/The_Royal_Navy_during_the_Second_World_War_A20955.jpg?utm_source=commons.wikimedia.org&utm_campaign=imageinfo&utm_content=original,Wikimedia Commons,Public domain,,IMAGE
25083300,File:The Royal Navy during the Second World War A21145.jpg,1939,https://upload.wikimedia.org/wikipedia/commons/3/3a/The_Royal_Navy_during_the_Second_World_War_A21145.jpg?utm_source=commons.wikimedia.org&utm_campaign=imageinfo&utm_content=original,Wikimedia Commons,Public domain,,IMAGE
25118107,File:The Royal Navy during the Second World War A22483.jpg,1939,https://upload.wikimedia.org/wikipedia/commons/7/74/The_Royal_Navy_during_the_Second_World_War_A22483.jpg?utm_source=commons.wikimedia.org&utm_campaign=imageinfo&utm_content=original,Wikimedia Commons,Public domain,,IMAGE
25109257,File:The Royal Navy during the Second World War A6201.jpg,1939,https://upload.wikimedia.org/wikipedia/commons/e/ec/The_Royal_Navy_during_the_Second_World_War_A6201.jpg?utm_source=commons.wikimedia.org&utm_campaign=imageinfo&utm_content=original,Wikimedia Commons,Public domain,,IMAGE
25081739,File:The Royal Navy during the Second World War A7941.jpg,1939,https://upload.wikimedia.org/wikipedia/commons/3/30/The_Royal_Navy_during_the_Second_World_War_A7941.jpg?utm_source=commons.wikimedia.org&utm_campaign=imageinfo&utm_content=original,Wikimedia Commons,Public domain,,IMAGE
24465808,File:The South African Air Force during the Second World War CM2079.jpg,1939,https://upload.wikimedia.org/wikipedia/commons/f/f7/The_South_African_Air_Force_during_the_Second_World_War_CM2079.jpg?utm_source=commons.wikimedia.org&utm_campaign=imageinfo&utm_content=original,Wikimedia Commons,Public domain,,IMAGE
24445937,File:Universal Carriers in Service With the British Army during the Second World War TR3738.jpg,1939,https://upload.wikimedia.org/wikipedia/commons/8/84/Universal_Carriers_in_Service_With_the_British_Army_during_the_Second_World_War_TR3738.jpg?utm_source=commons.wikimedia.org&utm_campaign=imageinfo&utm_content=original,Wikimedia Commons,Public domain,,IMAGE
25260202,File:West Indians in Britain during the Second World War A6194.jpg,1939,https://upload.wikimedia.org/wikipedia/commons/4/4a/West_Indians_in_Britain_during_the_Second_World_War_A6194.jpg?utm_source=commons.wikimedia.org&utm_campaign=imageinfo&utm_content=original,Wikimedia Commons,Public domain,,IMAGE
24465628,File:Winston Churchill during the Second World War in North Africa CNA864.jpg,1943,https://upload.wikimedia.org/wikipedia/commons/2/2c/Winston_Churchill_during_the_Second_World_War_in_North_Africa_CNA864.jpg?utm_source=commons.wikimedia.org&utm_campaign=imageinfo&utm_content=original,Wikimedia Commons,Public domain,,IMAGE
25297490,File:Winston Churchill during the Second World War in the United Kingdom H2270.jpg,1940,https://upload.wikimedia.org/wikipedia/commons/4/4d/Winston_Churchill_during_the_Second_World_War_in_the_United_Kingdom_H2270.jpg?utm_source=commons.wikimedia.org&utm_campaign=imageinfo&utm_content=original,Wikimedia Commons,Public domain,,IMAGE
30876211,File:Winston Churchill during the Second World War in the United Kingdom H3718.jpg,1940,https://upload.wikimedia.org/wikipedia/commons/9/95/Winston_Churchill_during_the_Second_World_War_in_the_United_Kingdom_H3718.jpg?utm_source=commons.wikimedia.org&utm_campaign=imageinfo&utm_content=original,Wikimedia Commons,Public domain,,IMAGE
24448758,File:Air Ministry Second World War Official Collection C3386.jpg,1939,https://upload.wikimedia.org/wikipedia/commons/6/64/Air_Ministry_Second_World_War_Official_Collection_C3386.jpg?utm_source=commons.wikimedia.org&utm_campaign=imageinfo&utm_content=original,Wikimedia Commons,Public domain,,IMAGE
24478678,File:Air Ministry Second World War Official Collection C4869.jpg,1939,https://upload.wikimedia.org/wikipedia/commons/3/33/Air_Ministry_Second_World_War_Official_Collection_C4869.jpg?utm_source=commons.wikimedia.org&utm_campaign=imageinfo&utm_content=original,Wikimedia Commons,Public domain,,IMAGE
24478275,File:Air Ministry Second World War Official Collection CF453.jpg,1939,https://upload.wikimedia.org/wikipedia/commons/7/7c/Air_Ministry_Second_World_War_Official_Collection_CF453.jpg?utm_source=commons.wikimedia.org&utm_campaign=imageinfo&utm_content=original,Wikimedia Commons,Public domain,,IMAGE
24478298,File:Air Ministry Second World War Official Collection CF607.jpg,1939,https://upload.wikimedia.org/wikipedia/commons/6/65/Air_Ministry_Second_World_War_Official_Collection_CF607.jpg?utm_source=commons.wikimedia.org&utm_campaign=imageinfo&utm_content=original,Wikimedia Commons,Public domain,,IMAGE
24478296,File:Air Ministry Second World War Official Collection CF753.jpg,1939,https://upload.wikimedia.org/wikipedia/commons/c/ca/Air_Ministry_Second_World_War_Official_Collection_CF753.jpg?utm_source=commons.wikimedia.org&utm_campaign=imageinfo&utm_content=original,Wikimedia Commons,Public domain,,IMAGE
24478293,File:Air Ministry Second World War Official Collection CF763.jpg,1939,https://upload.wikimedia.org/wikipedia/commons/6/63/Air_Ministry_Second_World_War_Official_Collection_CF763.jpg?utm_source=commons.wikimedia.org&utm_campaign=imageinfo&utm_content=original,Wikimedia Commons,Public domain,,IMAGE
30855399,File:Air Ministry Second World War Official Collection CH2510.jpg,1939,https://upload.wikimedia.org/wikipedia/commons/6/68/Air_Ministry_Second_World_War_Official_Collection_CH2510.jpg?utm_source=commons.wikimedia.org&utm_campaign=imageinfo&utm_content=original,Wikimedia Commons,Public domain,,IMAGE
30855382,File:Air Ministry Second World War Official Collection CH3290.jpg,1939,https://upload.wikimedia.org/wikipedia/commons/b/b7/Air_Ministry_Second_World_War_Official_Collection_CH3290.jpg?utm_source=commons.wikimedia.org&utm_campaign=imageinfo&utm_content=original,Wikimedia Commons,Public domain,,IMAGE
30855412,File:Air Ministry Second World War Official Collection CH3428.jpg,1939,https://upload.wikimedia.org/wikipedia/commons/e/ed/Air_Ministry_Second_World_War_Official_Collection_CH3428.jpg?utm_source=commons.wikimedia.org&utm_campaign=imageinfo&utm_content=original,Wikimedia Commons,Public domain,,IMAGE
24478390,File:Air Ministry Second World War Official Collection CI151.jpg,1939,https://upload.wikimedia.org/wikipedia/commons/0/0e/Air_Ministry_Second_World_War_Official_Collection_CI151.jpg?utm_source=commons.wikimedia.org&utm_campaign=imageinfo&utm_content=original,Wikimedia Commons,Public domain,,IMAGE
24478442,File:Air Ministry Second World War Official Collection CI1929.jpg,1939,https://upload.wikimedia.org/wikipedia/commons/f/f0/Air_Ministry_Second_World_War_Official_Collection_CI1929.jpg?utm_source=commons.wikimedia.org&utm_campaign=imageinfo&utm_content=original,Wikimedia Commons,Public domain,,IMAGE
24478380,File:Air Ministry Second World War Official Collection CI275.jpg,1939,https://upload.wikimedia.org/wikipedia/commons/3/3c/Air_Ministry_Second_World_War_Official_Collection_CI275.jpg?utm_source=commons.wikimedia.org&utm_campaign=imageinfo&utm_content=original,Wikimedia Commons,Public domain,,IMAGE
24478376,File:Air Ministry Second World War Official Collection CI286.jpg,1939,https://upload.wikimedia.org/wikipedia/commons/8/8b/Air_Ministry_Second_World_War_Official_Collection_CI286.jpg?utm_source=commons.wikimedia.org&utm_campaign=imageinfo&utm_content=original,Wikimedia Commons,Public domain,,IMAGE
24478356,File:Air Ministry Second World War Official Collection CI307.jpg,1939,https://upload.wikimedia.org/wikipedia/commons/2/29/Air_Ministry_Second_World_War_Official_Collection_CI307.jpg?utm_source=commons.wikimedia.org&utm_campaign=imageinfo&utm_content=original,Wikimedia Commons,Public domain,,IMAGE
24478364,File:Air Ministry Second World War Official Collection CI313.jpg,1939,https://upload.wikimedia.org/wikipedia/commons/9/9e/Air_Ministry_Second_World_War_Official_Collection_CI313.jpg?utm_source=commons.wikimedia.org&utm_campaign=imageinfo&utm_content=original,Wikimedia Commons,Public domain,,IMAGE
24478670,File:Air Ministry Second World War Official Collection CI404.jpg,1939,https://upload.wikimedia.org/wikipedia/commons/5/59/Air_Ministry_Second_World_War_Official_Collection_CI404.jpg?utm_source=commons.wikimedia.org&utm_campaign=imageinfo&utm_content=original,Wikimedia Commons,Public domain,,IMAGE
24478464,File:Air Ministry Second World War Official Collection CI414.jpg,1939,https://upload.wikimedia.org/wikipedia/commons/d/d6/Air_Ministry_Second_World_War_Official_Collection_CI414.jpg?utm_source=commons.wikimedia.org&utm_campaign=imageinfo&utm_content=original,Wikimedia Commons,Public domain,,IMAGE
24478489,File:Air Ministry Second World War Official Collection CI924.jpg,1939,https://upload.wikimedia.org/wikipedia/commons/8/80/Air_Ministry_Second_World_War_Official_Collection_CI924.jpg?utm_source=commons.wikimedia.org&utm_campaign=imageinfo&utm_content=original,Wikimedia Commons,Public domain,,IMAGE
24478491,File:Air Ministry Second World War Official Collection CI926.jpg,1939,https://upload.wikimedia.org/wikipedia/commons/e/ee/Air_Ministry_Second_World_War_Official_Collection_CI926.jpg?utm_source=commons.wikimedia.org&utm_campaign=imageinfo&utm_content=original,Wikimedia Commons,Public domain,,IMAGE
24471707,File:Air Ministry Second World War Official Collection CL1087.jpg,1939,https://upload.wikimedia.org/wikipedia/commons/f/f7/Air_Ministry_Second_World_War_Official_Collection_CL1087.jpg?utm_source=commons.wikimedia.org&utm_campaign=imageinfo&utm_content=original,Wikimedia Commons,Public domain,,IMAGE
25090686,File:Air Raid Damage in Britain during the Second World War HU36188.jpg,1939,https://upload.wikimedia.org/wikipedia/commons/2/2e/Air_Raid_Damage_in_Britain_during_the_Second_World_War_HU36188.jpg?utm_source=commons.wikimedia.org&utm_campaign=imageinfo&utm_content=original,Wikimedia Commons,Public domain,,IMAGE
25092346,File:Animal Mascots in the Royal Navy during the Second World War HU45273.jpg,1939,https://upload.wikimedia.org/wikipedia/commons/3/30/Animal_Mascots_in_the_Royal_Navy_during_the_Second_World_War_HU45273.jpg?utm_source=commons.wikimedia.org&utm_campaign=imageinfo&utm_content=original,Wikimedia Commons,Public domain,,IMAGE
30885977,File:Australian Forces in North Africa during the Second World War E4814.jpg,1941,https://upload.wikimedia.org/wikipedia/commons/5/50/Australian_Forces_in_North_Africa_during_the_Second_World_War_E4814.jpg?utm_source=commons.wikimedia.org&utm_campaign=imageinfo&utm_content=original,Wikimedia Commons,Public domain,,IMAGE
25124688,File:Douglas DC-3 - Wilhemlshaven - Royal Navy during the Second World War A28482.jpg,1939,https://upload.wikimedia.org/wikipedia/commons/3/3a/Douglas_DC-3_-_Wilhemlshaven_-_Royal_Navy_during_the_Second_World_War_A28482.jpg?utm_source=commons.wikimedia.org&utm_campaign=imageinfo&utm_content=original,Wikimedia Commons,Public domain,,IMAGE
30878078,File:Leisure and Entertainment during the Second World War D2693.jpg,1939,https://upload.wikimedia.org/wikipedia/commons/d/d1/Leisure_and_Entertainment_during_the_Second_World_War_D2693.jpg?utm_source=commons.wikimedia.org&utm_campaign=imageinfo&utm_content=original,Wikimedia Commons,Public domain,,IMAGE
25091066,File:Protecting Works of Art during the Second World War HU36134.jpg,1939,https://upload.wikimedia.org/wikipedia/commons/e/e8/Protecting_Works_of_Art_during_the_Second_World_War_HU36134.jpg?utm_source=commons.wikimedia.org&utm_campaign=imageinfo&utm_content=original,Wikimedia Commons,Public domain,,IMAGE
30886523,File:Rhodesian Forces in North Africa during the Second World War E11684.jpg,1939,https://upload.wikimedia.org/wikipedia/commons/a/a5/Rhodesian_Forces_in_North_Africa_during_the_Second_World_War_E11684.jpg?utm_source=commons.wikimedia.org&utm_campaign=imageinfo&utm_content=original,Wikimedia Commons,Public domain,,IMAGE
8805988,File:Second world war Pacific War animation small.gif,2009,https://upload.wikimedia.org/wikipedia/commons/8/8c/Second_world_war_Pacific_War_animation_small.gif?utm_source=commons.wikimedia.org&utm_campaign=imageinfo&utm_content=original,Wikimedia Commons,CC BY-SA 2.5,,IMAGE
30847944,File:Sport and Leisure in the Royal Air Force during the Second World War CNA2322.jpg,1939,https://upload.wikimedia.org/wikipedia/commons/0/06/Sport_and_Leisure_in_the_Royal_Air_Force_during_the_Second_World_War_CNA2322.jpg?utm_source=commons.wikimedia.org&utm_campaign=imageinfo&utm_content=original,Wikimedia Commons,Public domain,,IMAGE
25337709,File:The British Army in Britain during the Second World War H8614.jpg,1939,https://upload.wikimedia.org/wikipedia/commons/6/66/The_British_Army_in_Britain_during_the_Second_World_War_H8614.jpg?utm_source=commons.wikimedia.org&utm_campaign=imageinfo&utm_content=original,Wikimedia Commons,Public domain,,IMAGE
30882158,File:The Greek Government in Exile during the Second World War E9639.jpg,1942,https://upload.wikimedia.org/wikipedia/commons/8/8d/The_Greek_Government_in_Exile_during_the_Second_World_War_E9639.jpg?utm_source=commons.wikimedia.org&utm_campaign=imageinfo&utm_content=original,Wikimedia Commons,Public domain,,IMAGE
25078664,File:The Greek Navy during the Second World War A20923.jpg,1939,https://upload.wikimedia.org/wikipedia/commons/f/f1/The_Greek_Navy_during_the_Second_World_War_A20923.jpg?utm_source=commons.wikimedia.org&utm_campaign=imageinfo&utm_content=original,Wikimedia Commons,Public domain,,IMAGE
25088027,File:The Royal Navy during the Second World War A13293.jpg,1939,https://upload.wikimedia.org/wikipedia/commons/2/2a/The_Royal_Navy_during_the_Second_World_War_A13293.jpg?utm_source=commons.wikimedia.org&utm_campaign=imageinfo&utm_content=original,Wikimedia Commons,Public domain,,IMAGE
25085523,File:The Royal Navy during the Second World War A14449.jpg,1939,https://upload.wikimedia.org/wikipedia/commons/2/22/The_Royal_Navy_during_the_Second_World_War_A14449.jpg?utm_source=commons.wikimedia.org&utm_campaign=imageinfo&utm_content=original,Wikimedia Commons,Public domain,,IMAGE
25099415,File:The Royal Navy during the Second World War A19396.jpg,1939,https://upload.wikimedia.org/wikipedia/commons/b/b2/The_Royal_Navy_during_the_Second_World_War_A19396.jpg?utm_source=commons.wikimedia.org&utm_campaign=imageinfo&utm_content=original,Wikimedia Commons,Public domain,,IMAGE
25256412,File:The Royal Navy during the Second World War A24703.jpg,1939,https://upload.wikimedia.org/wikipedia/commons/9/95/The_Royal_Navy_during_the_Second_World_War_A24703.jpg?utm_source=commons.wikimedia.org&utm_campaign=imageinfo&utm_content=original,Wikimedia Commons,Public domain,,IMAGE
25084439,File:The Royal Navy during the Second World War A25473.jpg,1939,https://upload.wikimedia.org/wikipedia/commons/8/84/The_Royal_Navy_during_the_Second_World_War_A25473.jpg?utm_source=commons.wikimedia.org&utm_campaign=imageinfo&utm_content=original,Wikimedia Commons,Public domain,,IMAGE
25097100,File:The Royal Navy during the Second World War A27572.jpg,1939,https://upload.wikimedia.org/wikipedia/commons/4/4d/The_Royal_Navy_during_the_Second_World_War_A27572.jpg?utm_source=commons.wikimedia.org&utm_campaign=imageinfo&utm_content=original,Wikimedia Commons,Public domain,,IMAGE
25263805,File:The Royal Navy during the Second World War A28841.jpg,1939,https://upload.wikimedia.org/wikipedia/commons/d/d6/The_Royal_Navy_during_the_Second_World_War_A28841.jpg?utm_source=commons.wikimedia.org&utm_campaign=imageinfo&utm_content=original,Wikimedia Commons,Public domain,,IMAGE
25279211,File:The Royal Navy during the Second World War A4497.jpg,1939,https://upload.wikimedia.org/wikipedia/commons/b/bc/The_Royal_Navy_during_the_Second_World_War_A4497.jpg?utm_source=commons.wikimedia.org&utm_campaign=imageinfo&utm_content=original,Wikimedia Commons,Public domain,,IMAGE
25081158,File:The Royal Navy during the Second World War A7950.jpg,1939,https://upload.wikimedia.org/wikipedia/commons/e/ef/The_Royal_Navy_during_the_Second_World_War_A7950.jpg?utm_source=commons.wikimedia.org&utm_campaign=imageinfo&utm_content=original,Wikimedia Commons,Public domain,,IMAGE
25080730,File:The Royal Navy during the Second World War A8041.jpg,1939,https://upload.wikimedia.org/wikipedia/commons/c/c8/The_Royal_Navy_during_the_Second_World_War_A8041.jpg?utm_source=commons.wikimedia.org&utm_campaign=imageinfo&utm_content=original,Wikimedia Commons,Public domain,,IMAGE
25082724,File:The Royal Navy during the Second World War A8313.jpg,1939,https://upload.wikimedia.org/wikipedia/commons/f/f1/The_Royal_Navy_during_the_Second_World_War_A8313.jpg?utm_source=commons.wikimedia.org&utm_campaign=imageinfo&utm_content=original,Wikimedia Commons,Public domain,,IMAGE
25075685,File:The Royal Navy during the Second World War HMS Spur on the Mersey IWM A 27377.jpg,1944,https://upload.wikimedia.org/wikipedia/commons/5/51/The_Royal_Navy_during_the_Second_World_War_HMS_Spur_on_the_Mersey_IWM_A_27377.jpg?utm_source=commons.wikimedia.org&utm_campaign=imageinfo&utm_content=original,Wikimedia Commons,Public domain,,IMAGE
30876026,File:The Second World War 1939 - 1945- North Africa 1940 - 1943 NA2562.jpg,1943,https://upload.wikimedia.org/wikipedia/commons/a/a7/The_Second_World_War_1939_-_1945-_North_Africa_1940_-_1943_NA2562.jpg?utm_source=commons.wikimedia.org&utm_campaign=imageinfo&utm_content=original,Wikimedia Commons,Public domain,,IMAGE
25256185,File:West Indians in Britain during the Second World War A6195.jpg,1939,https://upload.wikimedia.org/wikipedia/commons/f/ff/West_Indians_in_Britain_during_the_Second_World_War_A6195.jpg?utm_source=commons.wikimedia.org&utm_campaign=imageinfo&utm_content=original,Wikimedia Commons,Public domain,,IMAGE
106345127,File:World War II Monument and Lincoln Memorial.jpg,2021,https://upload.wikimedia.org/wikipedia/commons/c/c9/World_War_II_Monument_and_Lincoln_Memorial.jpg?utm_source=commons.wikimedia.org&utm_campaign=imageinfo&utm_content=original,Wikimedia Commons,CC0,,IMAGE
24467704,File:Air Ministry Second World War Official Collection CH1446.jpg,1939,https://upload.wikimedia.org/wikipedia/commons/2/24/Air_Ministry_Second_World_War_Official_Collection_CH1446.jpg?utm_source=commons.wikimedia.org&utm_campaign=imageinfo&utm_content=original,Wikimedia Commons,Public domain,,IMAGE
24464510,File:Air Ministry Second World War Official Collection CH5548A.jpg,1939,https://upload.wikimedia.org/wikipedia/commons/9/95/Air_Ministry_Second_World_War_Official_Collection_CH5548A.jpg?utm_source=commons.wikimedia.org&utm_campaign=imageinfo&utm_content=original,Wikimedia Commons,Public domain,,IMAGE
24464507,File:Air Ministry Second World War Official Collection CH7239.jpg,1939,https://upload.wikimedia.org/wikipedia/commons/d/d7/Air_Ministry_Second_World_War_Official_Collection_CH7239.jpg?utm_source=commons.wikimedia.org&utm_campaign=imageinfo&utm_content=original,Wikimedia Commons,Public domain,,IMAGE
24378570,File:Ministry of Information Second World War Official Collection D26241.jpg,1945,https://upload.wikimedia.org/wikipedia/commons/1/10/Ministry_of_Information_Second_World_War_Official_Collection_D26241.jpg?utm_source=commons.wikimedia.org&utm_campaign=imageinfo&utm_content=original,Wikimedia Commons,Public domain,,IMAGE
24378644,File:Ministry of Information Second World War Official Collection D26242.jpg,1945,https://upload.wikimedia.org/wikipedia/commons/a/a3/Ministry_of_Information_Second_World_War_Official_Collection_D26242.jpg?utm_source=commons.wikimedia.org&utm_campaign=imageinfo&utm_content=original,Wikimedia Commons,Public domain,,IMAGE
25475181,File:Second World War Europe 01 1940 de.svg,2013,https://upload.wikimedia.org/wikipedia/commons/f/f4/Second_World_War_Europe_01_1940_de.svg?utm_source=commons.wikimedia.org&utm_campaign=imageinfo&utm_content=original,Wikimedia Commons,Public domain,,IMAGE
25510681,File:Second World War Europe 01 1941 de.png,2013,https://upload.wikimedia.org/wikipedia/commons/c/c3/Second_World_War_Europe_01_1941_de.png?utm_source=commons.wikimedia.org&utm_campaign=imageinfo&utm_content=original,Wikimedia Commons,Public domain,,IMAGE
25475180,File:Second World War Europe 01 1941 de.svg,2013,https://upload.wikimedia.org/wikipedia/commons/d/dc/Second_World_War_Europe_01_1941_de.svg?utm_source=commons.wikimedia.org&utm_campaign=imageinfo&utm_content=original,Wikimedia Commons,Public domain,,IMAGE
25510762,File:Second World War Europe 02 1940 de.png,2013,https://upload.wikimedia.org/wikipedia/commons/6/64/Second_World_War_Europe_02_1940_de.png?utm_source=commons.wikimedia.org&utm_campaign=imageinfo&utm_content=original,Wikimedia Commons,Public domain,,IMAGE
25475185,File:Second World War Europe 02 1941 de.svg,2013,https://upload.wikimedia.org/wikipedia/commons/9/97/Second_World_War_Europe_02_1941_de.svg?utm_source=commons.wikimedia.org&utm_campaign=imageinfo&utm_content=original,Wikimedia Commons,Public domain,,IMAGE
25475186,File:Second World War Europe 03 1940 de.svg,2013,https://upload.wikimedia.org/wikipedia/commons/2/24/Second_World_War_Europe_03_1940_de.svg?utm_source=commons.wikimedia.org&utm_campaign=imageinfo&utm_content=original,Wikimedia Commons,Public domain,,IMAGE
25510931,File:Second World War Europe 04 1940 de.png,2013,https://upload.wikimedia.org/wikipedia/commons/9/9f/Second_World_War_Europe_04_1940_de.png?utm_source=commons.wikimedia.org&utm_campaign=imageinfo&utm_content=original,Wikimedia Commons,Public domain,,IMAGE
25475190,File:Second World War Europe 04 1940 de.svg,2013,https://upload.wikimedia.org/wikipedia/commons/a/a3/Second_World_War_Europe_04_1940_de.svg?utm_source=commons.wikimedia.org&utm_campaign=imageinfo&utm_content=original,Wikimedia Commons,Public domain,,IMAGE
25510937,File:Second World War Europe 04 1941 de.png,2013,https://upload.wikimedia.org/wikipedia/commons/4/4f/Second_World_War_Europe_04_1941_de.png?utm_source=commons.wikimedia.org&utm_campaign=imageinfo&utm_content=original,Wikimedia Commons,Public domain,,IMAGE
25475191,File:Second World War Europe 04 1941 de.svg,2013,https://upload.wikimedia.org/wikipedia/commons/8/81/Second_World_War_Europe_04_1941_de.svg?utm_source=commons.wikimedia.org&utm_campaign=imageinfo&utm_content=original,Wikimedia Commons,Public domain,,IMAGE
25510986,File:Second World War Europe 05 1940 de.png,2013,https://upload.wikimedia.org/wikipedia/commons/e/e7/Second_World_War_Europe_05_1940_de.png?utm_source=commons.wikimedia.org&utm_campaign=imageinfo&utm_content=original,Wikimedia Commons,Public domain,,IMAGE
25475193,File:Second World War Europe 05 1940 de.svg,2013,https://upload.wikimedia.org/wikipedia/commons/0/02/Second_World_War_Europe_05_1940_de.svg?utm_source=commons.wikimedia.org&utm_campaign=imageinfo&utm_content=original,Wikimedia Commons,Public domain,,IMAGE
25510980,File:Second World War Europe 05 1941 de.png,2013,https://upload.wikimedia.org/wikipedia/commons/2/2e/Second_World_War_Europe_05_1941_de.png?utm_source=commons.wikimedia.org&utm_campaign=imageinfo&utm_content=original,Wikimedia Commons,Public domain,,IMAGE
25475194,File:Second World War Europe 05 1941 de.svg,2013,https://upload.wikimedia.org/wikipedia/commons/e/ea/Second_World_War_Europe_05_1941_de.svg?utm_source=commons.wikimedia.org&utm_campaign=imageinfo&utm_content=original,Wikimedia Commons,Public domain,,IMAGE
25510985,File:Second World War Europe 05 1942 de.png,2013,https://upload.wikimedia.org/wikipedia/commons/2/24/Second_World_War_Europe_05_1942_de.png?utm_source=commons.wikimedia.org&utm_campaign=imageinfo&utm_content=original,Wikimedia Commons,Public domain,,IMAGE
25475196,File:Second World War Europe 06 1940 de.svg,2013,https://upload.wikimedia.org/wikipedia/commons/9/99/Second_World_War_Europe_06_1940_de.svg?utm_source=commons.wikimedia.org&utm_campaign=imageinfo&utm_content=original,Wikimedia Commons,Public domain,,IMAGE
25511145,File:Second World War Europe 06 1941 de.png,2013,https://upload.wikimedia.org/wikipedia/commons/1/11/Second_World_War_Europe_06_1941_de.png?utm_source=commons.wikimedia.org&utm_campaign=imageinfo&utm_content=original,Wikimedia Commons,Public domain,,IMAGE
25475198,File:Second World War Europe 06 1941 de.svg,2013,https://upload.wikimedia.org/wikipedia/commons/0/09/Second_World_War_Europe_06_1941_de.svg?utm_source=commons.wikimedia.org&utm_campaign=imageinfo&utm_content=original,Wikimedia Commons,Public domain,,IMAGE
25511148,File:Second World War Europe 06 1942 de.png,2013,https://upload.wikimedia.org/wikipedia/commons/b/b3/Second_World_War_Europe_06_1942_de.png?utm_source=commons.wikimedia.org&utm_campaign=imageinfo&utm_content=original,Wikimedia Commons,Public domain,,IMAGE
25511364,File:Second World War Europe 07 1940 de.png,2013,https://upload.wikimedia.org/wikipedia/commons/a/aa/Second_World_War_Europe_07_1940_de.png?utm_source=commons.wikimedia.org&utm_campaign=imageinfo&utm_content=original,Wikimedia Commons,Public domain,,IMAGE
25475199,File:Second World War Europe 07 1940 de.svg,2013,https://upload.wikimedia.org/wikipedia/commons/7/75/Second_World_War_Europe_07_1940_de.svg?utm_source=commons.wikimedia.org&utm_campaign=imageinfo&utm_content=original,Wikimedia Commons,Public domain,,IMAGE
25511365,File:Second World War Europe 07 1941 de.png,2013,https://upload.wikimedia.org/wikipedia/commons/d/d2/Second_World_War_Europe_07_1941_de.png?utm_source=commons.wikimedia.org&utm_campaign=imageinfo&utm_content=original,Wikimedia Commons,Public domain,,IMAGE
25511358,File:Second World War Europe 07 1942 de.png,2013,https://upload.wikimedia.org/wikipedia/commons/c/c4/Second_World_War_Europe_07_1942_de.png?utm_source=commons.wikimedia.org&utm_campaign=imageinfo&utm_content=original,Wikimedia Commons,Public domain,,IMAGE
25511427,File:Second World War Europe 08 1939 de.png,2013,https://upload.wikimedia.org/wikipedia/commons/c/c4/Second_World_War_Europe_08_1939_de.png?utm_source=commons.wikimedia.org&utm_campaign=imageinfo&utm_content=original,Wikimedia Commons,Public domain,,IMAGE
25475201,File:Second World War Europe 08 1940 de.svg,2013,https://upload.wikimedia.org/wikipedia/commons/5/5a/Second_World_War_Europe_08_1940_de.svg?utm_source=commons.wikimedia.org&utm_campaign=imageinfo&utm_content=original,Wikimedia Commons,Public domain,,IMAGE
25511432,File:Second World War Europe 08 1941 de.png,2013,https://upload.wikimedia.org/wikipedia/commons/a/a4/Second_World_War_Europe_08_1941_de.png?utm_source=commons.wikimedia.org&utm_campaign=imageinfo&utm_content=original,Wikimedia Commons,Public domain,,IMAGE
25475209,File:Second World War Europe 08 1941 de.svg,2013,https://upload.wikimedia.org/wikipedia/commons/0/02/Second_World_War_Europe_08_1941_de.svg?utm_source=commons.wikimedia.org&utm_campaign=imageinfo&utm_content=original,Wikimedia Commons,Public domain,,IMAGE
25511439,File:Second World War Europe 08 1942 de.png,2013,https://upload.wikimedia.org/wikipedia/commons/a/af/Second_World_War_Europe_08_1942_de.png?utm_source=commons.wikimedia.org&utm_campaign=imageinfo&utm_content=original,Wikimedia Commons,Public domain,,IMAGE
25511507,File:Second World War Europe 09 1939 de.png,2013,https://upload.wikimedia.org/wikipedia/commons/d/d8/Second_World_War_Europe_09_1939_de.png?utm_source=commons.wikimedia.org&utm_campaign=imageinfo&utm_content=original,Wikimedia Commons,Public domain,,IMAGE
25511510,File:Second World War Europe 09 1940 de.png,2013,https://upload.wikimedia.org/wikipedia/commons/c/c8/Second_World_War_Europe_09_1940_de.png?utm_source=commons.wikimedia.org&utm_campaign=imageinfo&utm_content=original,Wikimedia Commons,Public domain,,IMAGE
25475216,File:Second World War Europe 09 1940 de.svg,2013,https://upload.wikimedia.org/wikipedia/commons/0/06/Second_World_War_Europe_09_1940_de.svg?utm_source=commons.wikimedia.org&utm_campaign=imageinfo&utm_content=original,Wikimedia Commons,Public domain,,IMAGE
25511571,File:Second World War Europe 10 1940 de.png,2013,https://upload.wikimedia.org/wikipedia/commons/f/fd/Second_World_War_Europe_10_1940_de.png?utm_source=commons.wikimedia.org&utm_campaign=imageinfo&utm_content=original,Wikimedia Commons,Public domain,,IMAGE
25475219,File:Second World War Europe 10 1941 de.svg,2013,https://upload.wikimedia.org/wikipedia/commons/5/55/Second_World_War_Europe_10_1941_de.svg?utm_source=commons.wikimedia.org&utm_campaign=imageinfo&utm_content=original,Wikimedia Commons,Public domain,,IMAGE
25475224,File:Second World War Europe 10 1942 de.svg,2013,https://upload.wikimedia.org/wikipedia/commons/1/16/Second_World_War_Europe_10_1942_de.svg?utm_source=commons.wikimedia.org&utm_campaign=imageinfo&utm_content=original,Wikimedia Commons,Public domain,,IMAGE
25511632,File:Second World War Europe 11 1940 de.png,2013,https://upload.wikimedia.org/wikipedia/commons/2/2a/Second_World_War_Europe_11_1940_de.png?utm_source=commons.wikimedia.org&utm_campaign=imageinfo&utm_content=original,Wikimedia Commons,Public domain,,IMAGE
25511636,File:Second World War Europe 11 1941 de.png,2013,https://upload.wikimedia.org/wikipedia/commons/b/b2/Second_World_War_Europe_11_1941_de.png?utm_source=commons.wikimedia.org&utm_campaign=imageinfo&utm_content=original,Wikimedia Commons,Public domain,,IMAGE
25511639,File:Second World War Europe 11 1942 de.png,2013,https://upload.wikimedia.org/wikipedia/commons/1/10/Second_World_War_Europe_11_1942_de.png?utm_source=commons.wikimedia.org&utm_campaign=imageinfo&utm_content=original,Wikimedia Commons,Public domain,,IMAGE
25511683,File:Second World War Europe 12 1939 de.png,2013,https://upload.wikimedia.org/wikipedia/commons/5/50/Second_World_War_Europe_12_1939_de.png?utm_source=commons.wikimedia.org&utm_campaign=imageinfo&utm_content=original,Wikimedia Commons,Public domain,,IMAGE
25511680,File:Second World War Europe 12 1941 de.png,2013,https://upload.wikimedia.org/wikipedia/commons/f/f5/Second_World_War_Europe_12_1941_de.png?utm_source=commons.wikimedia.org&utm_campaign=imageinfo&utm_content=original,Wikimedia Commons,Public domain,,IMAGE
25475230,File:Second World War Europe 12 1941 de.svg,2013,https://upload.wikimedia.org/wikipedia/commons/2/22/Second_World_War_Europe_12_1941_de.svg?utm_source=commons.wikimedia.org&utm_campaign=imageinfo&utm_content=original,Wikimedia Commons,Public domain,,IMAGE
39602134,File:The Polish Navy during the Second World War A16028.jpg,1943,https://upload.wikimedia.org/wikipedia/commons/4/4b/The_Polish_Navy_during_the_Second_World_War_A16028.jpg?utm_source=commons.wikimedia.org&utm_campaign=imageinfo&utm_content=original,Wikimedia Commons,Public domain,,IMAGE
25087551,File:The Royal Navy during the Second World War A13865.jpg,1939,https://upload.wikimedia.org/wikipedia/commons/c/c7/The_Royal_Navy_during_the_Second_World_War_A13865.jpg?utm_source=commons.wikimedia.org&utm_campaign=imageinfo&utm_content=original,Wikimedia Commons,Public domain,,IMAGE
25081822,File:The Royal Navy during the Second World War A7948.jpg,1939,https://upload.wikimedia.org/wikipedia/commons/d/da/The_Royal_Navy_during_the_Second_World_War_A7948.jpg?utm_source=commons.wikimedia.org&utm_campaign=imageinfo&utm_content=original,Wikimedia Commons,Public domain,,IMAGE
24372030,"File:The work of the Merchant Navy during the Second World War, 1943 D16070.jpg",1943,https://upload.wikimedia.org/wikipedia/commons/9/90/The_work_of_the_Merchant_Navy_during_the_Second_World_War%2C_1943_D16070.jpg?utm_source=commons.wikimedia.org&utm_campaign=imageinfo&utm_content=original,Wikimedia Commons,Public domain,,IMAGE
138160091,File:World war II pilbox on A 696 near wwII radio station.jpg,2023,https://upload.wikimedia.org/wikipedia/commons/0/0f/World_war_II_pilbox_on_A_696_near_wwII_radio_station.jpg?utm_source=commons.wikimedia.org&utm_campaign=imageinfo&utm_content=original,Wikimedia Commons,CC BY-SA 4.0,,IMAGE
25124389,File:Aerial reconnaissance photograph of Alten Fjord during World War II A19624.jpg,1942,https://upload.wikimedia.org/wikipedia/commons/4/4f/Aerial_reconnaissance_photograph_of_Alten_Fjord_during_World_War_II_A19624.jpg?utm_source=commons.wikimedia.org&utm_campaign=imageinfo&utm_content=original,Wikimedia Commons,Public domain,,IMAGE
39748397,File:Air Ministry Second World War Official Collection CH1356.jpg,1939,https://upload.wikimedia.org/wikipedia/commons/5/5c/Air_Ministry_Second_World_War_Official_Collection_CH1356.jpg?utm_source=commons.wikimedia.org&utm_campaign=imageinfo&utm_content=original,Wikimedia Commons,Public domain,,IMAGE
39748372,File:Air Ministry Second World War Official Collection CH1397.jpg,1939,https://upload.wikimedia.org/wikipedia/commons/2/2d/Air_Ministry_Second_World_War_Official_Collection_CH1397.jpg?utm_source=commons.wikimedia.org&utm_campaign=imageinfo&utm_content=original,Wikimedia Commons,Public domain,,IMAGE
39748432,File:Air Ministry Second World War Official Collection CH1407.jpg,1939,https://upload.wikimedia.org/wikipedia/commons/6/6f/Air_Ministry_Second_World_War_Official_Collection_CH1407.jpg?utm_source=commons.wikimedia.org&utm_campaign=imageinfo&utm_content=original,Wikimedia Commons,Public domain,,IMAGE
24468128,File:Air Ministry Second World War Official Collection CH1640.jpg,1939,https://upload.wikimedia.org/wikipedia/commons/8/8d/Air_Ministry_Second_World_War_Official_Collection_CH1640.jpg?utm_source=commons.wikimedia.org&utm_campaign=imageinfo&utm_content=original,Wikimedia Commons,Public domain,,IMAGE
24468247,File:Air Ministry Second World War Official Collection CH1817.jpg,1939,https://upload.wikimedia.org/wikipedia/commons/f/fa/Air_Ministry_Second_World_War_Official_Collection_CH1817.jpg?utm_source=commons.wikimedia.org&utm_campaign=imageinfo&utm_content=original,Wikimedia Commons,Public domain,,IMAGE
24465775,File:Air Ministry Second World War Official Collection CH401.jpg,1939,https://upload.wikimedia.org/wikipedia/commons/6/62/Air_Ministry_Second_World_War_Official_Collection_CH401.jpg?utm_source=commons.wikimedia.org&utm_campaign=imageinfo&utm_content=original,Wikimedia Commons,Public domain,,IMAGE
24464432,File:Air Ministry Second World War Official Collection CH4317.jpg,1939,https://upload.wikimedia.org/wikipedia/commons/3/31/Air_Ministry_Second_World_War_Official_Collection_CH4317.jpg?utm_source=commons.wikimedia.org&utm_campaign=imageinfo&utm_content=original,Wikimedia Commons,Public domain,,IMAGE
24464423,File:Air Ministry Second World War Official Collection CH4333.jpg,1939,https://upload.wikimedia.org/wikipedia/commons/9/9d/Air_Ministry_Second_World_War_Official_Collection_CH4333.jpg?utm_source=commons.wikimedia.org&utm_campaign=imageinfo&utm_content=original,Wikimedia Commons,Public domain,,IMAGE
24464451,File:Air Ministry Second World War Official Collection CH555.jpg,1939,https://upload.wikimedia.org/wikipedia/commons/2/22/Air_Ministry_Second_World_War_Official_Collection_CH555.jpg?utm_source=commons.wikimedia.org&utm_campaign=imageinfo&utm_content=original,Wikimedia Commons,Public domain,,IMAGE
24478430,File:Air Ministry Second World War Official Collection CI1283.jpg,1944,https://upload.wikimedia.org/wikipedia/commons/0/02/Air_Ministry_Second_World_War_Official_Collection_CI1283.jpg?utm_source=commons.wikimedia.org&utm_campaign=imageinfo&utm_content=original,Wikimedia Commons,Public domain,,IMAGE
24478378,File:Air Ministry Second World War Official Collection CI273.jpg,1939,https://upload.wikimedia.org/wikipedia/commons/c/c3/Air_Ministry_Second_World_War_Official_Collection_CI273.jpg?utm_source=commons.wikimedia.org&utm_campaign=imageinfo&utm_content=original,Wikimedia Commons,Public domain,,IMAGE
24478358,File:Air Ministry Second World War Official Collection CI365.jpg,1939,https://upload.wikimedia.org/wikipedia/commons/5/5c/Air_Ministry_Second_World_War_Official_Collection_CI365.jpg?utm_source=commons.wikimedia.org&utm_campaign=imageinfo&utm_content=original,Wikimedia Commons,Public domain,,IMAGE
24478510,File:Air Ministry Second World War Official Collection CI857.jpg,1939,https://upload.wikimedia.org/wikipedia/commons/c/ca/Air_Ministry_Second_World_War_Official_Collection_CI857.jpg?utm_source=commons.wikimedia.org&utm_campaign=imageinfo&utm_content=original,Wikimedia Commons,Public domain,,IMAGE
24379014,File:Ministry of Information Second World War Official Collection D80.jpg,1939,https://upload.wikimedia.org/wikipedia/commons/1/19/Ministry_of_Information_Second_World_War_Official_Collection_D80.jpg?utm_source=commons.wikimedia.org&utm_campaign=imageinfo&utm_content=original,Wikimedia Commons,Public domain,,IMAGE
25279333,File:Royal Navy in Malta during the Second World War A4367.jpg,1939,https://upload.wikimedia.org/wikipedia/commons/2/2d/Royal_Navy_in_Malta_during_the_Second_World_War_A4367.jpg?utm_source=commons.wikimedia.org&utm_campaign=imageinfo&utm_content=original,Wikimedia Commons,Public domain,,IMAGE
50857547,"File:Second World War, war damage Fortepan 75415.jpg",1942,https://upload.wikimedia.org/wikipedia/commons/a/aa/Second_World_War%2C_war_damage_Fortepan_75415.jpg?utm_source=commons.wikimedia.org&utm_campaign=imageinfo&utm_content=original,Wikimedia Commons,CC BY-SA 3.0,,IMAGE
102738936,File:Second World War 2 - geograph.org.uk - 1849351.jpg,2010,https://upload.wikimedia.org/wikipedia/commons/7/7c/Second_World_War_2_-_geograph.org.uk_-_1849351.jpg?utm_source=commons.wikimedia.org&utm_campaign=imageinfo&utm_content=original,Wikimedia Commons,CC BY-SA 2.0,,IMAGE
25510433,File:Second World War Europe 01 1940 de.png,2013,https://upload.wikimedia.org/wikipedia/commons/4/45/Second_World_War_Europe_01_1940_de.png?utm_source=commons.wikimedia.org&utm_campaign=imageinfo&utm_content=original,Wikimedia Commons,Public domain,,IMAGE
25510740,File:Second World War Europe 01 1942 de.png,2013,https://upload.wikimedia.org/wikipedia/commons/c/cb/Second_World_War_Europe_01_1942_de.png?utm_source=commons.wikimedia.org&utm_campaign=imageinfo&utm_content=original,Wikimedia Commons,Public domain,,IMAGE
25475183,File:Second World War Europe 02 1940 de.svg,2013,https://upload.wikimedia.org/wikipedia/commons/d/d0/Second_World_War_Europe_02_1940_de.svg?utm_source=commons.wikimedia.org&utm_campaign=imageinfo&utm_content=original,Wikimedia Commons,Public domain,,IMAGE
25510803,File:Second World War Europe 02 1941 de.png,2013,https://upload.wikimedia.org/wikipedia/commons/9/94/Second_World_War_Europe_02_1941_de.png?utm_source=commons.wikimedia.org&utm_campaign=imageinfo&utm_content=original,Wikimedia Commons,Public domain,,IMAGE
25510810,File:Second World War Europe 02 1942 de.png,2013,https://upload.wikimedia.org/wikipedia/commons/b/bb/Second_World_War_Europe_02_1942_de.png?utm_source=commons.wikimedia.org&utm_campaign=imageinfo&utm_content=original,Wikimedia Commons,Public domain,,IMAGE
25510846,File:Second World War Europe 03 1940 de.png,2013,https://upload.wikimedia.org/wikipedia/commons/0/0e/Second_World_War_Europe_03_1940_de.png?utm_source=commons.wikimedia.org&utm_campaign=imageinfo&utm_content=original,Wikimedia Commons,Public domain,,IMAGE
25510844,File:Second World War Europe 03 1941 de.png,2013,https://upload.wikimedia.org/wikipedia/commons/5/53/Second_World_War_Europe_03_1941_de.png?utm_source=commons.wikimedia.org&utm_campaign=imageinfo&utm_content=original,Wikimedia Commons,Public domain,,IMAGE
25510842,File:Second World War Europe 03 1942 de.png,2013,https://upload.wikimedia.org/wikipedia/commons/e/e5/Second_World_War_Europe_03_1942_de.png?utm_source=commons.wikimedia.org&utm_campaign=imageinfo&utm_content=original,Wikimedia Commons,Public domain,,IMAGE
25510938,File:Second World War Europe 04 1942 de.png,2013,https://upload.wikimedia.org/wikipedia/commons/a/a8/Second_World_War_Europe_04_1942_de.png?utm_source=commons.wikimedia.org&utm_campaign=imageinfo&utm_content=original,Wikimedia Commons,Public domain,,IMAGE
25511141,File:Second World War Europe 06 1940 de.png,2013,https://upload.wikimedia.org/wikipedia/commons/a/ae/Second_World_War_Europe_06_1940_de.png?utm_source=commons.wikimedia.org&utm_campaign=imageinfo&utm_content=original,Wikimedia Commons,Public domain,,IMAGE
25475203,File:Second World War Europe 07 1941 de.svg,2013,https://upload.wikimedia.org/wikipedia/commons/3/3e/Second_World_War_Europe_07_1941_de.svg?utm_source=commons.wikimedia.org&utm_campaign=imageinfo&utm_content=original,Wikimedia Commons,Public domain,,IMAGE
25475233,File:Second World War Europe 07 1942 de.svg,2013,https://upload.wikimedia.org/wikipedia/commons/e/e4/Second_World_War_Europe_07_1942_de.svg?utm_source=commons.wikimedia.org&utm_campaign=imageinfo&utm_content=original,Wikimedia Commons,Public domain,,IMAGE
25511437,File:Second World War Europe 08 1940 de.png,2013,https://upload.wikimedia.org/wikipedia/commons/7/79/Second_World_War_Europe_08_1940_de.png?utm_source=commons.wikimedia.org&utm_campaign=imageinfo&utm_content=original,Wikimedia Commons,Public domain,,IMAGE
25511516,File:Second World War Europe 09 1941 de.png,2013,https://upload.wikimedia.org/wikipedia/commons/8/84/Second_World_War_Europe_09_1941_de.png?utm_source=commons.wikimedia.org&utm_campaign=imageinfo&utm_content=original,Wikimedia Commons,Public domain,,IMAGE
25475214,File:Second World War Europe 09 1941 de.svg,2013,https://upload.wikimedia.org/wikipedia/commons/4/48/Second_World_War_Europe_09_1941_de.svg?utm_source=commons.wikimedia.org&utm_campaign=imageinfo&utm_content=original,Wikimedia Commons,Public domain,,IMAGE
25511564,File:Second World War Europe 10 1939 de.png,2013,https://upload.wikimedia.org/wikipedia/commons/f/f7/Second_World_War_Europe_10_1939_de.png?utm_source=commons.wikimedia.org&utm_campaign=imageinfo&utm_content=original,Wikimedia Commons,Public domain,,IMAGE
25511573,File:Second World War Europe 10 1941 de.png,2013,https://upload.wikimedia.org/wikipedia/commons/c/c9/Second_World_War_Europe_10_1941_de.png?utm_source=commons.wikimedia.org&utm_campaign=imageinfo&utm_content=original,Wikimedia Commons,Public domain,,IMAGE
25511575,File:Second World War Europe 10 1942 de.png,2013,https://upload.wikimedia.org/wikipedia/commons/7/78/Second_World_War_Europe_10_1942_de.png?utm_source=commons.wikimedia.org&utm_campaign=imageinfo&utm_content=original,Wikimedia Commons,Public domain,,IMAGE
25511627,File:Second World War Europe 11 1939 de.png,2013,https://upload.wikimedia.org/wikipedia/commons/d/db/Second_World_War_Europe_11_1939_de.png?utm_source=commons.wikimedia.org&utm_campaign=imageinfo&utm_content=original,Wikimedia Commons,Public domain,,IMAGE
25475222,File:Second World War Europe 11 1940 de.svg,2013,https://upload.wikimedia.org/wikipedia/commons/4/41/Second_World_War_Europe_11_1940_de.svg?utm_source=commons.wikimedia.org&utm_campaign=imageinfo&utm_content=original,Wikimedia Commons,Public domain,,IMAGE
25475226,File:Second World War Europe 11 1941 de.svg,2013,https://upload.wikimedia.org/wikipedia/commons/b/bc/Second_World_War_Europe_11_1941_de.svg?utm_source=commons.wikimedia.org&utm_campaign=imageinfo&utm_content=original,Wikimedia Commons,Public domain,,IMAGE
25511681,File:Second World War Europe 12 1940 de.png,2013,https://upload.wikimedia.org/wikipedia/commons/0/0d/Second_World_War_Europe_12_1940_de.png?utm_source=commons.wikimedia.org&utm_campaign=imageinfo&utm_content=original,Wikimedia Commons,Public domain,,IMAGE
25511677,File:Second World War Europe 12 1942 de.png,2013,https://upload.wikimedia.org/wikipedia/commons/c/cc/Second_World_War_Europe_12_1942_de.png?utm_source=commons.wikimedia.org&utm_campaign=imageinfo&utm_content=original,Wikimedia Commons,Public domain,,IMAGE
25296368,File:Sport and Leisure in the British Army during the Second World War NA20484.jpg,1939,https://upload.wikimedia.org/wikipedia/commons/1/13/Sport_and_Leisure_in_the_British_Army_during_the_Second_World_War_NA20484.jpg?utm_source=commons.wikimedia.org&utm_campaign=imageinfo&utm_content=original,Wikimedia Commons,Public domain,,IMAGE
39872504,File:The German Navy in the Second World War HU104920.jpg,1939,https://upload.wikimedia.org/wikipedia/commons/e/e0/The_German_Navy_in_the_Second_World_War_HU104920.jpg?utm_source=commons.wikimedia.org&utm_campaign=imageinfo&utm_content=original,Wikimedia Commons,Public domain,,IMAGE
25105587,File:The Royal Navy during the Second World War A11909.jpg,1939,https://upload.wikimedia.org/wikipedia/commons/7/7e/The_Royal_Navy_during_the_Second_World_War_A11909.jpg?utm_source=commons.wikimedia.org&utm_campaign=imageinfo&utm_content=original,Wikimedia Commons,Public domain,,IMAGE
25087557,File:The Royal Navy during the Second World War A13864.jpg,1939,https://upload.wikimedia.org/wikipedia/commons/8/88/The_Royal_Navy_during_the_Second_World_War_A13864.jpg?utm_source=commons.wikimedia.org&utm_campaign=imageinfo&utm_content=original,Wikimedia Commons,Public domain,,IMAGE
25076272,File:The Royal Navy during the Second World War A15949.jpg,1939,https://upload.wikimedia.org/wikipedia/commons/5/5e/The_Royal_Navy_during_the_Second_World_War_A15949.jpg?utm_source=commons.wikimedia.org&utm_campaign=imageinfo&utm_content=original,Wikimedia Commons,Public domain,,IMAGE
25099327,File:The Royal Navy during the Second World War A19644.jpg,1939,https://upload.wikimedia.org/wikipedia/commons/b/bd/The_Royal_Navy_during_the_Second_World_War_A19644.jpg?utm_source=commons.wikimedia.org&utm_campaign=imageinfo&utm_content=original,Wikimedia Commons,Public domain,,IMAGE
25080861,File:The Royal Navy during the Second World War A20542.jpg,2013,https://upload.wikimedia.org/wikipedia/commons/f/f3/The_Royal_Navy_during_the_Second_World_War_A20542.jpg?utm_source=commons.wikimedia.org&utm_campaign=imageinfo&utm_content=original,Wikimedia Commons,Public domain,,IMAGE
132643006,File:Timeline of World War II collage.jpg,2023,https://upload.wikimedia.org/wikipedia/commons/e/e9/Timeline_of_World_War_II_collage.jpg?utm_source=commons.wikimedia.org&utm_campaign=imageinfo&utm_content=original,Wikimedia Commons,CC BY-SA 4.0,,IMAGE
24478675,File:Air Ministry Second World War Official Collection C5261.jpg,1939,https://upload.wikimedia.org/wikipedia/commons/d/da/Air_Ministry_Second_World_War_Official_Collection_C5261.jpg?utm_source=commons.wikimedia.org&utm_campaign=imageinfo&utm_content=original,Wikimedia Commons,Public domain,,IMAGE
24396199,File:Air Ministry Second World War Official Collection CE133.jpg,1944,https://upload.wikimedia.org/wikipedia/commons/5/56/Air_Ministry_Second_World_War_Official_Collection_CE133.jpg?utm_source=commons.wikimedia.org&utm_campaign=imageinfo&utm_content=original,Wikimedia Commons,Public domain,,IMAGE
24478313,File:Air Ministry Second World War Official Collection CF793.jpg,1939,https://upload.wikimedia.org/wikipedia/commons/1/10/Air_Ministry_Second_World_War_Official_Collection_CF793.jpg?utm_source=commons.wikimedia.org&utm_campaign=imageinfo&utm_content=original,Wikimedia Commons,Public domain,,IMAGE
39748392,File:Air Ministry Second World War Official Collection CH1298.jpg,1939,https://upload.wikimedia.org/wikipedia/commons/8/86/Air_Ministry_Second_World_War_Official_Collection_CH1298.jpg?utm_source=commons.wikimedia.org&utm_campaign=imageinfo&utm_content=original,Wikimedia Commons,Public domain,,IMAGE
24467708,File:Air Ministry Second World War Official Collection CH1422.jpg,1939,https://upload.wikimedia.org/wikipedia/commons/8/82/Air_Ministry_Second_World_War_Official_Collection_CH1422.jpg?utm_source=commons.wikimedia.org&utm_campaign=imageinfo&utm_content=original,Wikimedia Commons,Public domain,,IMAGE
24473252,File:Air Ministry Second World War Official Collection CH17000.jpg,1939,https://upload.wikimedia.org/wikipedia/commons/4/4a/Air_Ministry_Second_World_War_Official_Collection_CH17000.jpg?utm_source=commons.wikimedia.org&utm_campaign=imageinfo&utm_content=original,Wikimedia Commons,Public domain,,IMAGE
24468249,File:Air Ministry Second World War Official Collection CH1814.jpg,1939,https://upload.wikimedia.org/wikipedia/commons/e/e0/Air_Ministry_Second_World_War_Official_Collection_CH1814.jpg?utm_source=commons.wikimedia.org&utm_campaign=imageinfo&utm_content=original,Wikimedia Commons,Public domain,,IMAGE
24469069,File:Air Ministry Second World War Official Collection CH8479.jpg,1939,https://upload.wikimedia.org/wikipedia/commons/7/7a/Air_Ministry_Second_World_War_Official_Collection_CH8479.jpg?utm_source=commons.wikimedia.org&utm_campaign=imageinfo&utm_content=original,Wikimedia Commons,Public domain,,IMAGE
24478451,File:Air Ministry Second World War Official Collection CI697.jpg,1939,https://upload.wikimedia.org/wikipedia/commons/7/74/Air_Ministry_Second_World_War_Official_Collection_CI697.jpg?utm_source=commons.wikimedia.org&utm_campaign=imageinfo&utm_content=original,Wikimedia Commons,Public domain,,IMAGE
24478454,File:Air Ministry Second World War Official Collection CI699.jpg,1939,https://upload.wikimedia.org/wikipedia/commons/f/f4/Air_Ministry_Second_World_War_Official_Collection_CI699.jpg?utm_source=commons.wikimedia.org&utm_campaign=imageinfo&utm_content=original,Wikimedia Commons,Public domain,,IMAGE
24478460,File:Air Ministry Second World War Official Collection CI727.jpg,1939,https://upload.wikimedia.org/wikipedia/commons/5/52/Air_Ministry_Second_World_War_Official_Collection_CI727.jpg?utm_source=commons.wikimedia.org&utm_campaign=imageinfo&utm_content=original,Wikimedia Commons,Public domain,,IMAGE
24478480,File:Air Ministry Second World War Official Collection CI960.jpg,1939,https://upload.wikimedia.org/wikipedia/commons/9/9e/Air_Ministry_Second_World_War_Official_Collection_CI960.jpg?utm_source=commons.wikimedia.org&utm_campaign=imageinfo&utm_content=original,Wikimedia Commons,Public domain,,IMAGE
30886542,File:Australian and South African Forces in North Africa during the Second World War E14671.jpg,1939,https://upload.wikimedia.org/wikipedia/commons/c/cc/Australian_and_South_African_Forces_in_North_Africa_during_the_Second_World_War_E14671.jpg?utm_source=commons.wikimedia.org&utm_campaign=imageinfo&utm_content=original,Wikimedia Commons,Public domain,,IMAGE
50831781,"File:Colorful, soldier, prisoner of war, second World War Fortepan 73961.jpg",1942,https://upload.wikimedia.org/wikipedia/commons/a/ac/Colorful%2C_soldier%2C_prisoner_of_war%2C_second_World_War_Fortepan_73961.jpg?utm_source=commons.wikimedia.org&utm_campaign=imageinfo&utm_content=original,Wikimedia Commons,Public domain,,IMAGE
25088264,File:Leisure and Entertainment during the Second World War A13429.jpg,1939,https://upload.wikimedia.org/wikipedia/commons/4/47/Leisure_and_Entertainment_during_the_Second_World_War_A13429.jpg?utm_source=commons.wikimedia.org&utm_campaign=imageinfo&utm_content=original,Wikimedia Commons,Public domain,,IMAGE
6432282,File:Memorial tablet Second World War Maroslele.jpg,2009,https://upload.wikimedia.org/wikipedia/commons/6/6a/Memorial_tablet_Second_World_War_Maroslele.jpg?utm_source=commons.wikimedia.org&utm_campaign=imageinfo&utm_content=original,Wikimedia Commons,CC BY-SA 3.0,,IMAGE
30886513,File:New Zealand Forces in North Africa during the Second World War E3373.jpg,1939,https://upload.wikimedia.org/wikipedia/commons/5/5a/New_Zealand_Forces_in_North_Africa_during_the_Second_World_War_E3373.jpg?utm_source=commons.wikimedia.org&utm_campaign=imageinfo&utm_content=original,Wikimedia Commons,Public domain,,IMAGE
49807015,"File:Prisoner of war, second World War, eastern front, Soviet soldier Fortepan 28062.jpg",1942,https://upload.wikimedia.org/wikipedia/commons/b/b9/Prisoner_of_war%2C_second_World_War%2C_eastern_front%2C_Soviet_soldier_Fortepan_28062.jpg?utm_source=commons.wikimedia.org&utm_campaign=imageinfo&utm_content=original,Wikimedia Commons,CC BY-SA 3.0,,IMAGE
26981324,File:Second World War Europe 05 1941 fr.svg,2013,https://upload.wikimedia.org/wikipedia/commons/3/32/Second_World_War_Europe_05_1941_fr.svg?utm_source=commons.wikimedia.org&utm_campaign=imageinfo&utm_content=original,Wikimedia Commons,Public domain,,IMAGE
24396407,File:Sport and Leisure in the Royal Air Force during the Second World War C1399.jpg,1939,https://upload.wikimedia.org/wikipedia/commons/2/2c/Sport_and_Leisure_in_the_Royal_Air_Force_during_the_Second_World_War_C1399.jpg?utm_source=commons.wikimedia.org&utm_campaign=imageinfo&utm_content=original,Wikimedia Commons,Public domain,,IMAGE
24396036,File:The Home Front in Britain during the Second World War- Personalities TR40.jpg,1939,https://upload.wikimedia.org/wikipedia/commons/2/23/The_Home_Front_in_Britain_during_the_Second_World_War-_Personalities_TR40.jpg?utm_source=commons.wikimedia.org&utm_campaign=imageinfo&utm_content=original,Wikimedia Commons,Public domain,,IMAGE
24396022,File:The Home Front in Britain during the Second World War- Personalities TR43.jpg,1939,https://upload.wikimedia.org/wikipedia/commons/5/59/The_Home_Front_in_Britain_during_the_Second_World_War-_Personalities_TR43.jpg?utm_source=commons.wikimedia.org&utm_campaign=imageinfo&utm_content=original,Wikimedia Commons,Public domain,,IMAGE
24396848,File:The Royal Air Force during the Second World War- Personalities TR1092.jpg,1939,https://upload.wikimedia.org/wikipedia/commons/c/c5/The_Royal_Air_Force_during_the_Second_World_War-_Personalities_TR1092.jpg?utm_source=commons.wikimedia.org&utm_campaign=imageinfo&utm_content=original,Wikimedia Commons,Public domain,,IMAGE
24396846,File:The Royal Air Force during the Second World War- Personalities TR1093.jpg,1939,https://upload.wikimedia.org/wikipedia/commons/8/8f/The_Royal_Air_Force_during_the_Second_World_War-_Personalities_TR1093.jpg?utm_source=commons.wikimedia.org&utm_campaign=imageinfo&utm_content=original,Wikimedia Commons,Public domain,,IMAGE
25099011,File:The Royal Navy during the Second World War A13332.jpg,1939,https://upload.wikimedia.org/wikipedia/commons/c/c6/The_Royal_Navy_during_the_Second_World_War_A13332.jpg?utm_source=commons.wikimedia.org&utm_campaign=imageinfo&utm_content=original,Wikimedia Commons,Public domain,,IMAGE
25087540,File:The Royal Navy during the Second World War A13870.jpg,1939,https://upload.wikimedia.org/wikipedia/commons/e/e9/The_Royal_Navy_during_the_Second_World_War_A13870.jpg?utm_source=commons.wikimedia.org&utm_campaign=imageinfo&utm_content=original,Wikimedia Commons,Public domain,,IMAGE
25087505,File:The Royal Navy during the Second World War A13876.jpg,1939,https://upload.wikimedia.org/wikipedia/commons/e/e7/The_Royal_Navy_during_the_Second_World_War_A13876.jpg?utm_source=commons.wikimedia.org&utm_campaign=imageinfo&utm_content=original,Wikimedia Commons,Public domain,,IMAGE
25087484,File:The Royal Navy during the Second World War A13886.jpg,1939,https://upload.wikimedia.org/wikipedia/commons/d/db/The_Royal_Navy_during_the_Second_World_War_A13886.jpg?utm_source=commons.wikimedia.org&utm_campaign=imageinfo&utm_content=original,Wikimedia Commons,Public domain,,IMAGE
25085985,File:The Royal Navy during the Second World War A15395.jpg,1939,https://upload.wikimedia.org/wikipedia/commons/1/13/The_Royal_Navy_during_the_Second_World_War_A15395.jpg?utm_source=commons.wikimedia.org&utm_campaign=imageinfo&utm_content=original,Wikimedia Commons,Public domain,,IMAGE
25086014,File:The Royal Navy during the Second World War A15403.jpg,1939,https://upload.wikimedia.org/wikipedia/commons/0/07/The_Royal_Navy_during_the_Second_World_War_A15403.jpg?utm_source=commons.wikimedia.org&utm_campaign=imageinfo&utm_content=original,Wikimedia Commons,Public domain,,IMAGE
25257182,File:The Royal Navy during the Second World War A15712.jpg,1939,https://upload.wikimedia.org/wikipedia/commons/e/eb/The_Royal_Navy_during_the_Second_World_War_A15712.jpg?utm_source=commons.wikimedia.org&utm_campaign=imageinfo&utm_content=original,Wikimedia Commons,Public domain,,IMAGE
25274215,File:The Royal Navy during the Second World War A2567.jpg,1939,https://upload.wikimedia.org/wikipedia/commons/b/b8/The_Royal_Navy_during_the_Second_World_War_A2567.jpg?utm_source=commons.wikimedia.org&utm_campaign=imageinfo&utm_content=original,Wikimedia Commons,Public domain,,IMAGE
25115936,File:The Royal Navy during the Second World War A26728.jpg,1939,https://upload.wikimedia.org/wikipedia/commons/c/cb/The_Royal_Navy_during_the_Second_World_War_A26728.jpg?utm_source=commons.wikimedia.org&utm_campaign=imageinfo&utm_content=original,Wikimedia Commons,Public domain,,IMAGE
25074801,File:The Royal Navy during the Second World War A26739.jpg,1939,https://upload.wikimedia.org/wikipedia/commons/b/b2/The_Royal_Navy_during_the_Second_World_War_A26739.jpg?utm_source=commons.wikimedia.org&utm_campaign=imageinfo&utm_content=original,Wikimedia Commons,Public domain,,IMAGE
25107655,File:The Royal Navy during the Second World War A599.jpg,1939,https://upload.wikimedia.org/wikipedia/commons/b/bf/The_Royal_Navy_during_the_Second_World_War_A599.jpg?utm_source=commons.wikimedia.org&utm_campaign=imageinfo&utm_content=original,Wikimedia Commons,Public domain,,IMAGE
25081334,File:The Royal Navy during the Second World War A8187.jpg,1939,https://upload.wikimedia.org/wikipedia/commons/c/c4/The_Royal_Navy_during_the_Second_World_War_A8187.jpg?utm_source=commons.wikimedia.org&utm_campaign=imageinfo&utm_content=original,Wikimedia Commons,Public domain,,IMAGE
30837305,File:The Second World War - Personalities TR1231.jpg,1939,https://upload.wikimedia.org/wikipedia/commons/a/ae/The_Second_World_War_-_Personalities_TR1231.jpg?utm_source=commons.wikimedia.org&utm_campaign=imageinfo&utm_content=original,Wikimedia Commons,Public domain,,IMAGE
25092028,File:The Women's Land Army in Britain during the Second World War HU63797.jpg,1939,https://upload.wikimedia.org/wikipedia/commons/f/f1/The_Women%27s_Land_Army_in_Britain_during_the_Second_World_War_HU63797.jpg?utm_source=commons.wikimedia.org&utm_campaign=imageinfo&utm_content=original,Wikimedia Commons,Public domain,,IMAGE
39728802,File:The Yugoslav Government in Exile during the Second World War CM5648.jpg,1939,https://upload.wikimedia.org/wikipedia/commons/5/57/The_Yugoslav_Government_in_Exile_during_the_Second_World_War_CM5648.jpg?utm_source=commons.wikimedia.org&utm_campaign=imageinfo&utm_content=original,Wikimedia Commons,Public domain,,IMAGE
24371773,"File:The work of the Merchant Navy during the Second World War, 1943 D16067.jpg",1943,https://upload.wikimedia.org/wikipedia/commons/c/c2/The_work_of_the_Merchant_Navy_during_the_Second_World_War%2C_1943_D16067.jpg?utm_source=commons.wikimedia.org&utm_campaign=imageinfo&utm_content=original,Wikimedia Commons,Public domain,,IMAGE
24361356,"File:The work of the Ministry of Information during the Second World War, 1943 D12912.jpg",1943,https://upload.wikimedia.org/wikipedia/commons/c/c5/The_work_of_the_Ministry_of_Information_during_the_Second_World_War%2C_1943_D12912.jpg?utm_source=commons.wikimedia.org&utm_campaign=imageinfo&utm_content=original,Wikimedia Commons,Public domain,,IMAGE
24360576,"File:The work of the Ministry of Information during the Second World War, UK, 1942 D11518.jpg",1942,https://upload.wikimedia.org/wikipedia/commons/3/3c/The_work_of_the_Ministry_of_Information_during_the_Second_World_War%2C_UK%2C_1942_D11518.jpg?utm_source=commons.wikimedia.org&utm_campaign=imageinfo&utm_content=original,Wikimedia Commons,Public domain,,IMAGE
75283042,File:Trum Field World War II Memorial.jpg,2018,https://upload.wikimedia.org/wikipedia/commons/7/70/Trum_Field_World_War_II_Memorial.jpg?utm_source=commons.wikimedia.org&utm_campaign=imageinfo&utm_content=original,Wikimedia Commons,CC BY-SA 4.0,,IMAGE
50857475,"File:War damage, cannon, rider, second World War Fortepan 75406.jpg",1942,https://upload.wikimedia.org/wikipedia/commons/5/5c/War_damage%2C_cannon%2C_rider%2C_second_World_War_Fortepan_75406.jpg?utm_source=commons.wikimedia.org&utm_campaign=imageinfo&utm_content=original,Wikimedia Commons,CC BY-SA 3.0,,IMAGE
890051,File:World War II 1941 01.png,2006,https://upload.wikimedia.org/wikipedia/commons/b/b9/World_War_II_1941_01.png?utm_source=commons.wikimedia.org&utm_campaign=imageinfo&utm_content=original,Wikimedia Commons,CC BY-SA 3.0,,IMAGE
890344,File:World War II 1945 09.png,2006,https://upload.wikimedia.org/wikipedia/commons/2/26/World_War_II_1945_09.png?utm_source=commons.wikimedia.org&utm_campaign=imageinfo&utm_content=original,Wikimedia Commons,CC BY-SA 3.0,,IMAGE
24478302,File:Air Ministry Second World War Official Collection CF478.jpg,1939,https://upload.wikimedia.org/wikipedia/commons/a/ae/Air_Ministry_Second_World_War_Official_Collection_CF478.jpg?utm_source=commons.wikimedia.org&utm_campaign=imageinfo&utm_content=original,Wikimedia Commons,Public domain,,IMAGE
24464447,File:Air Ministry Second World War Official Collection CH3210.jpg,1939,https://upload.wikimedia.org/wikipedia/commons/d/d3/Air_Ministry_Second_World_War_Official_Collection_CH3210.jpg?utm_source=commons.wikimedia.org&utm_campaign=imageinfo&utm_content=original,Wikimedia Commons,Public domain,,IMAGE
24464491,File:Air Ministry Second World War Official Collection CH4354.jpg,1939,https://upload.wikimedia.org/wikipedia/commons/9/96/Air_Ministry_Second_World_War_Official_Collection_CH4354.jpg?utm_source=commons.wikimedia.org&utm_campaign=imageinfo&utm_content=original,Wikimedia Commons,Public domain,,IMAGE
24454366,File:Air Ministry Second World War Official Collection CI1370.jpg,1939,https://upload.wikimedia.org/wikipedia/commons/1/15/Air_Ministry_Second_World_War_Official_Collection_CI1370.jpg?utm_source=commons.wikimedia.org&utm_campaign=imageinfo&utm_content=original,Wikimedia Commons,Public domain,,IMAGE
24478468,File:Air Ministry Second World War Official Collection CI573.jpg,1939,https://upload.wikimedia.org/wikipedia/commons/2/20/Air_Ministry_Second_World_War_Official_Collection_CI573.jpg?utm_source=commons.wikimedia.org&utm_campaign=imageinfo&utm_content=original,Wikimedia Commons,Public domain,,IMAGE
24478514,File:Air Ministry Second World War Official Collection CI801.jpg,1939,https://upload.wikimedia.org/wikipedia/commons/d/db/Air_Ministry_Second_World_War_Official_Collection_CI801.jpg?utm_source=commons.wikimedia.org&utm_campaign=imageinfo&utm_content=original,Wikimedia Commons,Public domain,,IMAGE
24478485,File:Air Ministry Second World War Official Collection CI995.jpg,1939,https://upload.wikimedia.org/wikipedia/commons/8/8f/Air_Ministry_Second_World_War_Official_Collection_CI995.jpg?utm_source=commons.wikimedia.org&utm_campaign=imageinfo&utm_content=original,Wikimedia Commons,Public domain,,IMAGE
136143876,File:Berlé World War II memorial 1.jpg,2023,https://upload.wikimedia.org/wikipedia/commons/1/13/Berl%C3%A9_World_War_II_memorial_1.jpg?utm_source=commons.wikimedia.org&utm_campaign=imageinfo&utm_content=original,Wikimedia Commons,CC BY-SA 4.0,,IMAGE
49775648,"File:Colorful, cattle, second World War Fortepan 27230.jpg",1942,https://upload.wikimedia.org/wikipedia/commons/f/f9/Colorful%2C_cattle%2C_second_World_War_Fortepan_27230.jpg?utm_source=commons.wikimedia.org&utm_campaign=imageinfo&utm_content=original,Wikimedia Commons,CC BY-SA 3.0,,IMAGE
49780135,"File:Colorful, soldier, prisoner of war, second World War, eastern front Fortepan 27328.jpg",1942,https://upload.wikimedia.org/wikipedia/commons/a/ac/Colorful%2C_soldier%2C_prisoner_of_war%2C_second_World_War%2C_eastern_front_Fortepan_27328.jpg?utm_source=commons.wikimedia.org&utm_campaign=imageinfo&utm_content=original,Wikimedia Commons,CC BY-SA 3.0,,IMAGE
24347306,File:Ministry of Information Second World War Official Collection D8173.jpg,1939,https://upload.wikimedia.org/wikipedia/commons/c/c2/Ministry_of_Information_Second_World_War_Official_Collection_D8173.jpg?utm_source=commons.wikimedia.org&utm_campaign=imageinfo&utm_content=original,Wikimedia Commons,Public domain,,IMAGE
25475179,File:Second World War Europe 01 1942 de.svg,2013,https://upload.wikimedia.org/wikipedia/commons/c/c9/Second_World_War_Europe_01_1942_de.svg?utm_source=commons.wikimedia.org&utm_campaign=imageinfo&utm_content=original,Wikimedia Commons,Public domain,,IMAGE
25475188,File:Second World War Europe 03 1941 de.svg,2013,https://upload.wikimedia.org/wikipedia/commons/9/96/Second_World_War_Europe_03_1941_de.svg?utm_source=commons.wikimedia.org&utm_campaign=imageinfo&utm_content=original,Wikimedia Commons,Public domain,,IMAGE
25475192,File:Second World War Europe 04 1942 de.svg,2013,https://upload.wikimedia.org/wikipedia/commons/0/0b/Second_World_War_Europe_04_1942_de.svg?utm_source=commons.wikimedia.org&utm_campaign=imageinfo&utm_content=original,Wikimedia Commons,Public domain,,IMAGE
109932171,File:Second World War Europe 05 1941 es.svg,2021,https://upload.wikimedia.org/wikipedia/commons/d/d8/Second_World_War_Europe_05_1941_es.svg?utm_source=commons.wikimedia.org&utm_campaign=imageinfo&utm_content=original,Wikimedia Commons,CC0,,IMAGE
25475202,File:Second World War Europe 08 1939 de.svg,2013,https://upload.wikimedia.org/wikipedia/commons/8/86/Second_World_War_Europe_08_1939_de.svg?utm_source=commons.wikimedia.org&utm_campaign=imageinfo&utm_content=original,Wikimedia Commons,Public domain,,IMAGE
25475210,File:Second World War Europe 08 1942 de.svg,2013,https://upload.wikimedia.org/wikipedia/commons/5/54/Second_World_War_Europe_08_1942_de.svg?utm_source=commons.wikimedia.org&utm_campaign=imageinfo&utm_content=original,Wikimedia Commons,Public domain,,IMAGE
25475208,File:Second World War Europe 09 1939 de.svg,2013,https://upload.wikimedia.org/wikipedia/commons/3/37/Second_World_War_Europe_09_1939_de.svg?utm_source=commons.wikimedia.org&utm_campaign=imageinfo&utm_content=original,Wikimedia Commons,Public domain,,IMAGE
25475223,File:Second World War Europe 11 1939 de.svg,2013,https://upload.wikimedia.org/wikipedia/commons/6/63/Second_World_War_Europe_11_1939_de.svg?utm_source=commons.wikimedia.org&utm_campaign=imageinfo&utm_content=original,Wikimedia Commons,Public domain,,IMAGE
49789628,"File:Tableau, prisoner of war, Soviet soldier, second World War, eastern front Fortepan 27693.jpg",1942,https://upload.wikimedia.org/wikipedia/commons/3/3d/Tableau%2C_prisoner_of_war%2C_Soviet_soldier%2C_second_World_War%2C_eastern_front_Fortepan_27693.jpg?utm_source=commons.wikimedia.org&utm_campaign=imageinfo&utm_content=original,Wikimedia Commons,CC BY-SA 3.0,,IMAGE
24396021,File:The Home Front in Britain during the Second World War- Personalities TR41.jpg,1939,https://upload.wikimedia.org/wikipedia/commons/6/6c/The_Home_Front_in_Britain_during_the_Second_World_War-_Personalities_TR41.jpg?utm_source=commons.wikimedia.org&utm_campaign=imageinfo&utm_content=original,Wikimedia Commons,Public domain,,IMAGE
25091024,File:The Manufacture of Gas Masks in Britain during the Second World War HU68498.jpg,1939,https://upload.wikimedia.org/wikipedia/commons/e/ed/The_Manufacture_of_Gas_Masks_in_Britain_during_the_Second_World_War_HU68498.jpg?utm_source=commons.wikimedia.org&utm_campaign=imageinfo&utm_content=original,Wikimedia Commons,Public domain,,IMAGE
25101217,File:The Merchant Navy during the Second World War A21979.jpg,1939,https://upload.wikimedia.org/wikipedia/commons/8/8a/The_Merchant_Navy_during_the_Second_World_War_A21979.jpg?utm_source=commons.wikimedia.org&utm_campaign=imageinfo&utm_content=original,Wikimedia Commons,Public domain,,IMAGE
30908360,File:The Norwegian Government in Exile during the Second World War H5929.jpg,1939,https://upload.wikimedia.org/wikipedia/commons/f/f2/The_Norwegian_Government_in_Exile_during_the_Second_World_War_H5929.jpg?utm_source=commons.wikimedia.org&utm_campaign=imageinfo&utm_content=original,Wikimedia Commons,Public domain,,IMAGE
25089113,File:The Royal Navy during the Second World War A10443.jpg,1939,https://upload.wikimedia.org/wikipedia/commons/6/67/The_Royal_Navy_during_the_Second_World_War_A10443.jpg?utm_source=commons.wikimedia.org&utm_campaign=imageinfo&utm_content=original,Wikimedia Commons,Public domain,,IMAGE
25088695,File:The Royal Navy during the Second World War A11009.jpg,1939,https://upload.wikimedia.org/wikipedia/commons/7/78/The_Royal_Navy_during_the_Second_World_War_A11009.jpg?utm_source=commons.wikimedia.org&utm_campaign=imageinfo&utm_content=original,Wikimedia Commons,Public domain,,IMAGE
25100763,File:The Royal Navy during the Second World War A12131.jpg,1939,https://upload.wikimedia.org/wikipedia/commons/5/58/The_Royal_Navy_during_the_Second_World_War_A12131.jpg?utm_source=commons.wikimedia.org&utm_campaign=imageinfo&utm_content=original,Wikimedia Commons,Public domain,,IMAGE
25100824,File:The Royal Navy during the Second World War A12135.jpg,1939,https://upload.wikimedia.org/wikipedia/commons/d/d5/The_Royal_Navy_during_the_Second_World_War_A12135.jpg?utm_source=commons.wikimedia.org&utm_campaign=imageinfo&utm_content=original,Wikimedia Commons,Public domain,,IMAGE
25105128,File:The Royal Navy during the Second World War A12524.jpg,1939,https://upload.wikimedia.org/wikipedia/commons/d/de/The_Royal_Navy_during_the_Second_World_War_A12524.jpg?utm_source=commons.wikimedia.org&utm_campaign=imageinfo&utm_content=original,Wikimedia Commons,Public domain,,IMAGE
25099849,File:The Royal Navy during the Second World War A13055.jpg,1939,https://upload.wikimedia.org/wikipedia/commons/3/3a/The_Royal_Navy_during_the_Second_World_War_A13055.jpg?utm_source=commons.wikimedia.org&utm_campaign=imageinfo&utm_content=original,Wikimedia Commons,Public domain,,IMAGE
25088271,File:The Royal Navy during the Second World War A13435.jpg,1939,https://upload.wikimedia.org/wikipedia/commons/2/22/The_Royal_Navy_during_the_Second_World_War_A13435.jpg?utm_source=commons.wikimedia.org&utm_campaign=imageinfo&utm_content=original,Wikimedia Commons,Public domain,,IMAGE
25085356,File:The Royal Navy during the Second World War A14313.jpg,1939,https://upload.wikimedia.org/wikipedia/commons/4/42/The_Royal_Navy_during_the_Second_World_War_A14313.jpg?utm_source=commons.wikimedia.org&utm_campaign=imageinfo&utm_content=original,Wikimedia Commons,Public domain,,IMAGE
39856103,File:The Royal Navy during the Second World War A16887.jpg,1939,https://upload.wikimedia.org/wikipedia/commons/b/b1/The_Royal_Navy_during_the_Second_World_War_A16887.jpg?utm_source=commons.wikimedia.org&utm_campaign=imageinfo&utm_content=original,Wikimedia Commons,Public domain,,IMAGE
25080322,File:The Royal Navy during the Second World War A20821.jpg,1939,https://upload.wikimedia.org/wikipedia/commons/2/29/The_Royal_Navy_during_the_Second_World_War_A20821.jpg?utm_source=commons.wikimedia.org&utm_campaign=imageinfo&utm_content=original,Wikimedia Commons,Public domain,,IMAGE
25083375,File:The Royal Navy during the Second World War A21177.jpg,1939,https://upload.wikimedia.org/wikipedia/commons/2/20/The_Royal_Navy_during_the_Second_World_War_A21177.jpg?utm_source=commons.wikimedia.org&utm_campaign=imageinfo&utm_content=original,Wikimedia Commons,Public domain,,IMAGE
25083349,File:The Royal Navy during the Second World War A21200.jpg,1939,https://upload.wikimedia.org/wikipedia/commons/a/a6/The_Royal_Navy_during_the_Second_World_War_A21200.jpg?utm_source=commons.wikimedia.org&utm_campaign=imageinfo&utm_content=original,Wikimedia Commons,Public domain,,IMAGE
25118523,File:The Royal Navy during the Second World War A21251.jpg,1939,https://upload.wikimedia.org/wikipedia/commons/9/94/The_Royal_Navy_during_the_Second_World_War_A21251.jpg?utm_source=commons.wikimedia.org&utm_campaign=imageinfo&utm_content=original,Wikimedia Commons,Public domain,,IMAGE
25100692,File:The Royal Navy during the Second World War A21602.jpg,1939,https://upload.wikimedia.org/wikipedia/commons/5/57/The_Royal_Navy_during_the_Second_World_War_A21602.jpg?utm_source=commons.wikimedia.org&utm_campaign=imageinfo&utm_content=original,Wikimedia Commons,Public domain,,IMAGE
25076034,File:The Royal Navy during the Second World War A27252.jpg,1939,https://upload.wikimedia.org/wikipedia/commons/a/a2/The_Royal_Navy_during_the_Second_World_War_A27252.jpg?utm_source=commons.wikimedia.org&utm_campaign=imageinfo&utm_content=original,Wikimedia Commons,Public domain,,IMAGE
25097114,File:The Royal Navy during the Second World War A27571.jpg,1939,https://upload.wikimedia.org/wikipedia/commons/0/07/The_Royal_Navy_during_the_Second_World_War_A27571.jpg?utm_source=commons.wikimedia.org&utm_campaign=imageinfo&utm_content=original,Wikimedia Commons,Public domain,,IMAGE
30887638,File:The Special Air Service (sas) in North Africa during the Second World War E20084.jpg,1939,https://upload.wikimedia.org/wikipedia/commons/6/6b/The_Special_Air_Service_%28sas%29_in_North_Africa_during_the_Second_World_War_E20084.jpg?utm_source=commons.wikimedia.org&utm_campaign=imageinfo&utm_content=original,Wikimedia Commons,Public domain,,IMAGE
30968162,File:The Special Air Service (sas) in North Africa during the Second World War E21341.jpg,1939,https://upload.wikimedia.org/wikipedia/commons/5/57/The_Special_Air_Service_%28sas%29_in_North_Africa_during_the_Second_World_War_E21341.jpg?utm_source=commons.wikimedia.org&utm_campaign=imageinfo&utm_content=original,Wikimedia Commons,Public domain,,IMAGE
25092315,File:The Women's Land Army in Britain during the Second World War HU36275.jpg,1939,https://upload.wikimedia.org/wikipedia/commons/a/a5/The_Women%27s_Land_Army_in_Britain_during_the_Second_World_War_HU36275.jpg?utm_source=commons.wikimedia.org&utm_campaign=imageinfo&utm_content=original,Wikimedia Commons,Public domain,,IMAGE
30908336,File:The Yugoslav Government in Exile during the Second World War H11366.jpg,1939,https://upload.wikimedia.org/wikipedia/commons/1/12/The_Yugoslav_Government_in_Exile_during_the_Second_World_War_H11366.jpg?utm_source=commons.wikimedia.org&utm_campaign=imageinfo&utm_content=original,Wikimedia Commons,Public domain,,IMAGE
890023,File:World War II 1940 09.png,2006,https://upload.wikimedia.org/wikipedia/commons/9/9f/World_War_II_1940_09.png?utm_source=commons.wikimedia.org&utm_campaign=imageinfo&utm_content=original,Wikimedia Commons,CC BY-SA 3.0,,IMAGE
890103,File:World War II 1943 03.png,2006,https://upload.wikimedia.org/wikipedia/commons/9/92/World_War_II_1943_03.png?utm_source=commons.wikimedia.org&utm_campaign=imageinfo&utm_content=original,Wikimedia Commons,CC BY-SA 3.0,,IMAGE
890307,File:World War II 1944 02.png,2006,https://upload.wikimedia.org/wikipedia/commons/2/29/World_War_II_1944_02.png?utm_source=commons.wikimedia.org&utm_campaign=imageinfo&utm_content=original,Wikimedia Commons,CC BY-SA 3.0,,IMAGE
890339,File:World War II 1945 05.png,2006,https://upload.wikimedia.org/wikipedia/commons/0/0f/World_War_II_1945_05.png?utm_source=commons.wikimedia.org&utm_campaign=imageinfo&utm_content=original,Wikimedia Commons,CC BY-SA 3.0,,IMAGE
24464498,File:Air Ministry Second World War Official Collection CH12236.jpg,1939,https://upload.wikimedia.org/wikipedia/commons/7/7c/Air_Ministry_Second_World_War_Official_Collection_CH12236.jpg?utm_source=commons.wikimedia.org&utm_campaign=imageinfo&utm_content=original,Wikimedia Commons,Public domain,,IMAGE
24467665,File:Air Ministry Second World War Official Collection CH1429.jpg,1940,https://upload.wikimedia.org/wikipedia/commons/5/5a/Air_Ministry_Second_World_War_Official_Collection_CH1429.jpg?utm_source=commons.wikimedia.org&utm_campaign=imageinfo&utm_content=original,Wikimedia Commons,Public domain,,IMAGE
24467672,File:Air Ministry Second World War Official Collection CH1445.jpg,1939,https://upload.wikimedia.org/wikipedia/commons/e/e3/Air_Ministry_Second_World_War_Official_Collection_CH1445.jpg?utm_source=commons.wikimedia.org&utm_campaign=imageinfo&utm_content=original,Wikimedia Commons,Public domain,,IMAGE
24468243,File:Air Ministry Second World War Official Collection CH1879.jpg,1939,https://upload.wikimedia.org/wikipedia/commons/4/47/Air_Ministry_Second_World_War_Official_Collection_CH1879.jpg?utm_source=commons.wikimedia.org&utm_campaign=imageinfo&utm_content=original,Wikimedia Commons,Public domain,,IMAGE
24478499,File:Air Ministry Second World War Official Collection CI867.jpg,1939,https://upload.wikimedia.org/wikipedia/commons/a/aa/Air_Ministry_Second_World_War_Official_Collection_CI867.jpg?utm_source=commons.wikimedia.org&utm_campaign=imageinfo&utm_content=original,Wikimedia Commons,Public domain,,IMAGE
30886554,File:Indian Forces in North Africa during the Second World War E6940.jpg,1941,https://upload.wikimedia.org/wikipedia/commons/4/4a/Indian_Forces_in_North_Africa_during_the_Second_World_War_E6940.jpg?utm_source=commons.wikimedia.org&utm_campaign=imageinfo&utm_content=original,Wikimedia Commons,Public domain,,IMAGE
25127610,File:Leisure and Entertainment during the Second World War A22175.jpg,1939,https://upload.wikimedia.org/wikipedia/commons/6/63/Leisure_and_Entertainment_during_the_Second_World_War_A22175.jpg?utm_source=commons.wikimedia.org&utm_campaign=imageinfo&utm_content=original,Wikimedia Commons,Public domain,,IMAGE
49785354,"File:Prisoner of war, Soviet soldier, second World War, eastern front Fortepan 27552.jpg",1942,https://upload.wikimedia.org/wikipedia/commons/5/53/Prisoner_of_war%2C_Soviet_soldier%2C_second_World_War%2C_eastern_front_Fortepan_27552.jpg?utm_source=commons.wikimedia.org&utm_campaign=imageinfo&utm_content=original,Wikimedia Commons,CC BY-SA 3.0,,IMAGE
49780071,"File:Prisoner of war, colorful, portrait, second World War, eastern front Fortepan 27327.jpg",1942,https://upload.wikimedia.org/wikipedia/commons/9/99/Prisoner_of_war%2C_colorful%2C_portrait%2C_second_World_War%2C_eastern_front_Fortepan_27327.jpg?utm_source=commons.wikimedia.org&utm_campaign=imageinfo&utm_content=original,Wikimedia Commons,CC BY-SA 3.0,,IMAGE
25475184,File:Second World War Europe 02 1942 de.svg,2013,https://upload.wikimedia.org/wikipedia/commons/f/f8/Second_World_War_Europe_02_1942_de.svg?utm_source=commons.wikimedia.org&utm_campaign=imageinfo&utm_content=original,Wikimedia Commons,Public domain,,IMAGE
25475187,File:Second World War Europe 03 1942 de.svg,2013,https://upload.wikimedia.org/wikipedia/commons/1/13/Second_World_War_Europe_03_1942_de.svg?utm_source=commons.wikimedia.org&utm_campaign=imageinfo&utm_content=original,Wikimedia Commons,Public domain,,IMAGE
25475195,File:Second World War Europe 05 1942 de.svg,2013,https://upload.wikimedia.org/wikipedia/commons/5/5e/Second_World_War_Europe_05_1942_de.svg?utm_source=commons.wikimedia.org&utm_campaign=imageinfo&utm_content=original,Wikimedia Commons,Public domain,,IMAGE
25475197,File:Second World War Europe 06 1942 de.svg,2013,https://upload.wikimedia.org/wikipedia/commons/1/1f/Second_World_War_Europe_06_1942_de.svg?utm_source=commons.wikimedia.org&utm_campaign=imageinfo&utm_content=original,Wikimedia Commons,Public domain,,IMAGE
89919277,File:Second World War Europe 09 1939 es.svg,2020,https://upload.wikimedia.org/wikipedia/commons/c/c0/Second_World_War_Europe_09_1939_es.svg?utm_source=commons.wikimedia.org&utm_campaign=imageinfo&utm_content=original,Wikimedia Commons,CC BY-SA 4.0,,IMAGE
25511518,File:Second World War Europe 09 1942 de.png,2013,https://upload.wikimedia.org/wikipedia/commons/d/d6/Second_World_War_Europe_09_1942_de.png?utm_source=commons.wikimedia.org&utm_campaign=imageinfo&utm_content=original,Wikimedia Commons,Public domain,,IMAGE
25475215,File:Second World War Europe 09 1942 de.svg,2013,https://upload.wikimedia.org/wikipedia/commons/b/b2/Second_World_War_Europe_09_1942_de.svg?utm_source=commons.wikimedia.org&utm_campaign=imageinfo&utm_content=original,Wikimedia Commons,Public domain,,IMAGE
25475217,File:Second World War Europe 10 1940 de.svg,2013,https://upload.wikimedia.org/wikipedia/commons/f/f0/Second_World_War_Europe_10_1940_de.svg?utm_source=commons.wikimedia.org&utm_campaign=imageinfo&utm_content=original,Wikimedia Commons,Public domain,,IMAGE
25475228,File:Second World War Europe 12 1939 de.svg,2013,https://upload.wikimedia.org/wikipedia/commons/d/d9/Second_World_War_Europe_12_1939_de.svg?utm_source=commons.wikimedia.org&utm_campaign=imageinfo&utm_content=original,Wikimedia Commons,Public domain,,IMAGE
25475229,File:Second World War Europe 12 1940 de.svg,2013,https://upload.wikimedia.org/wikipedia/commons/3/34/Second_World_War_Europe_12_1940_de.svg?utm_source=commons.wikimedia.org&utm_campaign=imageinfo&utm_content=original,Wikimedia Commons,Public domain,,IMAGE
25475232,File:Second World War Europe 12 1942 de.svg,2013,https://upload.wikimedia.org/wikipedia/commons/b/bb/Second_World_War_Europe_12_1942_de.svg?utm_source=commons.wikimedia.org&utm_campaign=imageinfo&utm_content=original,Wikimedia Commons,Public domain,,IMAGE
49990903,File:Second World War Fortepan 31641.jpg,1942,https://upload.wikimedia.org/wikipedia/commons/e/eb/Second_World_War_Fortepan_31641.jpg?utm_source=commons.wikimedia.org&utm_campaign=imageinfo&utm_content=original,Wikimedia Commons,CC BY-SA 3.0,,IMAGE
7476096,File:Second World War memorial Mezőkovácsháza.jpg,2009,https://upload.wikimedia.org/wikipedia/commons/f/fd/Second_World_War_memorial_Mez%C5%91kov%C3%A1csh%C3%A1za.jpg?utm_source=commons.wikimedia.org&utm_campaign=imageinfo&utm_content=original,Wikimedia Commons,CC BY-SA 3.0,,IMAGE
25078747,File:The Greek Navy during the Second World War A20925.jpg,1939,https://upload.wikimedia.org/wikipedia/commons/2/2f/The_Greek_Navy_during_the_Second_World_War_A20925.jpg?utm_source=commons.wikimedia.org&utm_campaign=imageinfo&utm_content=original,Wikimedia Commons,Public domain,,IMAGE
24396832,File:The Royal Air Force in Britain during the Second World War TR10.jpg,1939,https://upload.wikimedia.org/wikipedia/commons/2/2d/The_Royal_Air_Force_in_Britain_during_the_Second_World_War_TR10.jpg?utm_source=commons.wikimedia.org&utm_campaign=imageinfo&utm_content=original,Wikimedia Commons,Public domain,,IMAGE
25106148,File:The Royal Navy during the Second World War A1042.jpg,1939,https://upload.wikimedia.org/wikipedia/commons/f/f6/The_Royal_Navy_during_the_Second_World_War_A1042.jpg?utm_source=commons.wikimedia.org&utm_campaign=imageinfo&utm_content=original,Wikimedia Commons,Public domain,,IMAGE
25100747,File:The Royal Navy during the Second World War A12133.jpg,1939,https://upload.wikimedia.org/wikipedia/commons/b/b5/The_Royal_Navy_during_the_Second_World_War_A12133.jpg?utm_source=commons.wikimedia.org&utm_campaign=imageinfo&utm_content=original,Wikimedia Commons,Public domain,,IMAGE
25100722,File:The Royal Navy during the Second World War A12134.jpg,1939,https://upload.wikimedia.org/wikipedia/commons/a/a3/The_Royal_Navy_during_the_Second_World_War_A12134.jpg?utm_source=commons.wikimedia.org&utm_campaign=imageinfo&utm_content=original,Wikimedia Commons,Public domain,,IMAGE
25100861,File:The Royal Navy during the Second World War A12139.jpg,1939,https://upload.wikimedia.org/wikipedia/commons/d/db/The_Royal_Navy_during_the_Second_World_War_A12139.jpg?utm_source=commons.wikimedia.org&utm_campaign=imageinfo&utm_content=original,Wikimedia Commons,Public domain,,IMAGE
25088003,File:The Royal Navy during the Second World War A13286.jpg,1939,https://upload.wikimedia.org/wikipedia/commons/0/04/The_Royal_Navy_during_the_Second_World_War_A13286.jpg?utm_source=commons.wikimedia.org&utm_campaign=imageinfo&utm_content=original,Wikimedia Commons,Public domain,,IMAGE
25084907,File:The Royal Navy during the Second World War A14624.jpg,1939,https://upload.wikimedia.org/wikipedia/commons/6/68/The_Royal_Navy_during_the_Second_World_War_A14624.jpg?utm_source=commons.wikimedia.org&utm_campaign=imageinfo&utm_content=original,Wikimedia Commons,Public domain,,IMAGE
25086066,File:The Royal Navy during the Second World War A15408.jpg,1939,https://upload.wikimedia.org/wikipedia/commons/6/65/The_Royal_Navy_during_the_Second_World_War_A15408.jpg?utm_source=commons.wikimedia.org&utm_campaign=imageinfo&utm_content=original,Wikimedia Commons,Public domain,,IMAGE
25078232,File:The Royal Navy during the Second World War A15475.jpg,1939,https://upload.wikimedia.org/wikipedia/commons/1/1e/The_Royal_Navy_during_the_Second_World_War_A15475.jpg?utm_source=commons.wikimedia.org&utm_campaign=imageinfo&utm_content=original,Wikimedia Commons,Public domain,,IMAGE
25261461,File:The Royal Navy during the Second World War A15505.jpg,1939,https://upload.wikimedia.org/wikipedia/commons/c/c0/The_Royal_Navy_during_the_Second_World_War_A15505.jpg?utm_source=commons.wikimedia.org&utm_campaign=imageinfo&utm_content=original,Wikimedia Commons,Public domain,,IMAGE
25261321,File:The Royal Navy during the Second World War A15507.jpg,1939,https://upload.wikimedia.org/wikipedia/commons/c/c8/The_Royal_Navy_during_the_Second_World_War_A15507.jpg?utm_source=commons.wikimedia.org&utm_campaign=imageinfo&utm_content=original,Wikimedia Commons,Public domain,,IMAGE
25257039,File:The Royal Navy during the Second World War A16053.jpg,1939,https://upload.wikimedia.org/wikipedia/commons/6/66/The_Royal_Navy_during_the_Second_World_War_A16053.jpg?utm_source=commons.wikimedia.org&utm_campaign=imageinfo&utm_content=original,Wikimedia Commons,Public domain,,IMAGE
25087581,File:The Royal Navy during the Second World War A18447.jpg,1939,https://upload.wikimedia.org/wikipedia/commons/e/e1/The_Royal_Navy_during_the_Second_World_War_A18447.jpg?utm_source=commons.wikimedia.org&utm_campaign=imageinfo&utm_content=original,Wikimedia Commons,Public domain,,IMAGE
25115827,File:The Royal Navy during the Second World War A22306.jpg,1939,https://upload.wikimedia.org/wikipedia/commons/b/bf/The_Royal_Navy_during_the_Second_World_War_A22306.jpg?utm_source=commons.wikimedia.org&utm_campaign=imageinfo&utm_content=original,Wikimedia Commons,Public domain,,IMAGE
25100974,File:The Royal Navy during the Second World War A22608.jpg,1939,https://upload.wikimedia.org/wikipedia/commons/0/0c/The_Royal_Navy_during_the_Second_World_War_A22608.jpg?utm_source=commons.wikimedia.org&utm_campaign=imageinfo&utm_content=original,Wikimedia Commons,Public domain,,IMAGE
25118311,File:The Royal Navy during the Second World War A23869.jpg,1939,https://upload.wikimedia.org/wikipedia/commons/c/c1/The_Royal_Navy_during_the_Second_World_War_A23869.jpg?utm_source=commons.wikimedia.org&utm_campaign=imageinfo&utm_content=original,Wikimedia Commons,Public domain,,IMAGE
25124717,File:The Royal Navy during the Second World War A28595.jpg,1939,https://upload.wikimedia.org/wikipedia/commons/9/9b/The_Royal_Navy_during_the_Second_World_War_A28595.jpg?utm_source=commons.wikimedia.org&utm_campaign=imageinfo&utm_content=original,Wikimedia Commons,Public domain,,IMAGE
25082050,File:The Royal Navy during the Second World War A8520.jpg,1939,https://upload.wikimedia.org/wikipedia/commons/2/2c/The_Royal_Navy_during_the_Second_World_War_A8520.jpg?utm_source=commons.wikimedia.org&utm_campaign=imageinfo&utm_content=original,Wikimedia Commons,Public domain,,IMAGE
890308,File:World War II 1944 03.png,2006,https://upload.wikimedia.org/wikipedia/commons/e/e6/World_War_II_1944_03.png?utm_source=commons.wikimedia.org&utm_campaign=imageinfo&utm_content=original,Wikimedia Commons,CC BY-SA 3.0,,IMAGE
890309,File:World War II 1944 04.png,2006,https://upload.wikimedia.org/wikipedia/commons/6/6a/World_War_II_1944_04.png?utm_source=commons.wikimedia.org&utm_campaign=imageinfo&utm_content=original,Wikimedia Commons,CC BY-SA 3.0,,IMAGE
890313,File:World War II 1944 06.png,2006,https://upload.wikimedia.org/wikipedia/commons/f/f3/World_War_II_1944_06.png?utm_source=commons.wikimedia.org&utm_campaign=imageinfo&utm_content=original,Wikimedia Commons,CC BY-SA 3.0,,IMAGE
890318,File:World War II 1944 09.png,2006,https://upload.wikimedia.org/wikipedia/commons/5/53/World_War_II_1944_09.png?utm_source=commons.wikimedia.org&utm_campaign=imageinfo&utm_content=original,Wikimedia Commons,CC BY-SA 3.0,,IMAGE
890321,File:World War II 1944 12.png,2006,https://upload.wikimedia.org/wikipedia/commons/6/6e/World_War_II_1944_12.png?utm_source=commons.wikimedia.org&utm_campaign=imageinfo&utm_content=original,Wikimedia Commons,CC BY-SA 3.0,,IMAGE
106345128,File:World War II Monument and Lincoln Memorial 2.jpg,2021,https://upload.wikimedia.org/wikipedia/commons/1/10/World_War_II_Monument_and_Lincoln_Memorial_2.jpg?utm_source=commons.wikimedia.org&utm_campaign=imageinfo&utm_content=original,Wikimedia Commons,CC0,,IMAGE
24468168,File:Air Ministry Second World War Official Collection CH1639.jpg,1939,https://upload.wikimedia.org/wikipedia/commons/7/7d/Air_Ministry_Second_World_War_Official_Collection_CH1639.jpg?utm_source=commons.wikimedia.org&utm_campaign=imageinfo&utm_content=original,Wikimedia Commons,Public domain,,IMAGE
24356210,File:Customer making a purchase in a grocery shop during the Second World War. D2374.jpg,1939,https://upload.wikimedia.org/wikipedia/commons/3/32/Customer_making_a_purchase_in_a_grocery_shop_during_the_Second_World_War._D2374.jpg?utm_source=commons.wikimedia.org&utm_campaign=imageinfo&utm_content=original,Wikimedia Commons,Public domain,,IMAGE
25075879,File:Leisure and Entertainment during the Second World War A27152.jpg,1939,https://upload.wikimedia.org/wikipedia/commons/5/57/Leisure_and_Entertainment_during_the_Second_World_War_A27152.jpg?utm_source=commons.wikimedia.org&utm_campaign=imageinfo&utm_content=original,Wikimedia Commons,Public domain,,IMAGE
24346851,File:Ministry of Information Second World War Official Collection D2771.jpg,1939,https://upload.wikimedia.org/wikipedia/commons/5/5f/Ministry_of_Information_Second_World_War_Official_Collection_D2771.jpg?utm_source=commons.wikimedia.org&utm_campaign=imageinfo&utm_content=original,Wikimedia Commons,Public domain,,IMAGE
24346976,File:Ministry of Information Second World War Official Collection D70.jpg,1939,https://upload.wikimedia.org/wikipedia/commons/4/43/Ministry_of_Information_Second_World_War_Official_Collection_D70.jpg?utm_source=commons.wikimedia.org&utm_campaign=imageinfo&utm_content=original,Wikimedia Commons,Public domain,,IMAGE
151882146,"File:National World War II Memorial drained for maintenance, 1 February 2024.jpg",2024,https://upload.wikimedia.org/wikipedia/commons/8/8c/National_World_War_II_Memorial_drained_for_maintenance%2C_1_February_2024.jpg?utm_source=commons.wikimedia.org&utm_campaign=imageinfo&utm_content=original,Wikimedia Commons,CC BY-SA 4.0,,IMAGE
24397295,File:Polish Fighter Squadrons Serving With the Royal Air Force during the Second World War TR2838.jpg,1939,https://upload.wikimedia.org/wikipedia/commons/7/7a/Polish_Fighter_Squadrons_Serving_With_the_Royal_Air_Force_during_the_Second_World_War_TR2838.jpg?utm_source=commons.wikimedia.org&utm_campaign=imageinfo&utm_content=original,Wikimedia Commons,Public domain,,IMAGE
25263560,File:Sport and Leisure during the Second World War A25396.jpg,1939,https://upload.wikimedia.org/wikipedia/commons/2/2a/Sport_and_Leisure_during_the_Second_World_War_A25396.jpg?utm_source=commons.wikimedia.org&utm_campaign=imageinfo&utm_content=original,Wikimedia Commons,Public domain,,IMAGE
25264319,File:Sport and Leisure during the Second World War A25591.jpg,1939,https://upload.wikimedia.org/wikipedia/commons/3/33/Sport_and_Leisure_during_the_Second_World_War_A25591.jpg?utm_source=commons.wikimedia.org&utm_campaign=imageinfo&utm_content=original,Wikimedia Commons,Public domain,,IMAGE
30849034,File:Sport and Leisure in the Royal Air Force during the Second World War CH4355.jpg,1939,https://upload.wikimedia.org/wikipedia/commons/d/d7/Sport_and_Leisure_in_the_Royal_Air_Force_during_the_Second_World_War_CH4355.jpg?utm_source=commons.wikimedia.org&utm_campaign=imageinfo&utm_content=original,Wikimedia Commons,Public domain,,IMAGE
25077501,File:The Fleet Air Arm during the Second World War A16162.jpg,1939,https://upload.wikimedia.org/wikipedia/commons/6/6c/The_Fleet_Air_Arm_during_the_Second_World_War_A16162.jpg?utm_source=commons.wikimedia.org&utm_campaign=imageinfo&utm_content=original,Wikimedia Commons,Public domain,,IMAGE
24463423,File:The Greek Government in Exile during the Second World War CM2758.jpg,1939,https://upload.wikimedia.org/wikipedia/commons/c/c7/The_Greek_Government_in_Exile_during_the_Second_World_War_CM2758.jpg?utm_source=commons.wikimedia.org&utm_campaign=imageinfo&utm_content=original,Wikimedia Commons,Public domain,,IMAGE
24397296,File:The Royal Air Force during the Second World War- Personalities TR893.jpg,1943,https://upload.wikimedia.org/wikipedia/commons/b/b3/The_Royal_Air_Force_during_the_Second_World_War-_Personalities_TR893.jpg?utm_source=commons.wikimedia.org&utm_campaign=imageinfo&utm_content=original,Wikimedia Commons,Public domain,,IMAGE
25262627,File:The Royal Navy during the Second World War A10100.jpg,1939,https://upload.wikimedia.org/wikipedia/commons/0/05/The_Royal_Navy_during_the_Second_World_War_A10100.jpg?utm_source=commons.wikimedia.org&utm_campaign=imageinfo&utm_content=original,Wikimedia Commons,Public domain,,IMAGE
25089054,File:The Royal Navy during the Second World War A10905.jpg,1939,https://upload.wikimedia.org/wikipedia/commons/3/39/The_Royal_Navy_during_the_Second_World_War_A10905.jpg?utm_source=commons.wikimedia.org&utm_campaign=imageinfo&utm_content=original,Wikimedia Commons,Public domain,,IMAGE
25088632,File:The Royal Navy during the Second World War A10943.jpg,1939,https://upload.wikimedia.org/wikipedia/commons/c/c3/The_Royal_Navy_during_the_Second_World_War_A10943.jpg?utm_source=commons.wikimedia.org&utm_campaign=imageinfo&utm_content=original,Wikimedia Commons,Public domain,,IMAGE
25100612,File:The Royal Navy during the Second World War A11316.jpg,1939,https://upload.wikimedia.org/wikipedia/commons/7/7d/The_Royal_Navy_during_the_Second_World_War_A11316.jpg?utm_source=commons.wikimedia.org&utm_campaign=imageinfo&utm_content=original,Wikimedia Commons,Public domain,,IMAGE
25105141,File:The Royal Navy during the Second World War A12525.jpg,1939,https://upload.wikimedia.org/wikipedia/commons/a/a1/The_Royal_Navy_during_the_Second_World_War_A12525.jpg?utm_source=commons.wikimedia.org&utm_campaign=imageinfo&utm_content=original,Wikimedia Commons,Public domain,,IMAGE
25105947,File:The Royal Navy during the Second World War A1313.jpg,1939,https://upload.wikimedia.org/wikipedia/commons/0/0d/The_Royal_Navy_during_the_Second_World_War_A1313.jpg?utm_source=commons.wikimedia.org&utm_campaign=imageinfo&utm_content=original,Wikimedia Commons,Public domain,,IMAGE
25088218,File:The Royal Navy during the Second World War A13843.jpg,1939,https://upload.wikimedia.org/wikipedia/commons/0/09/The_Royal_Navy_during_the_Second_World_War_A13843.jpg?utm_source=commons.wikimedia.org&utm_campaign=imageinfo&utm_content=original,Wikimedia Commons,Public domain,,IMAGE
25280879,File:The Royal Navy during the Second World War A1406.jpg,1939,https://upload.wikimedia.org/wikipedia/commons/9/91/The_Royal_Navy_during_the_Second_World_War_A1406.jpg?utm_source=commons.wikimedia.org&utm_campaign=imageinfo&utm_content=original,Wikimedia Commons,Public domain,,IMAGE
25280981,File:The Royal Navy during the Second World War A1532.jpg,1939,https://upload.wikimedia.org/wikipedia/commons/c/c3/The_Royal_Navy_during_the_Second_World_War_A1532.jpg?utm_source=commons.wikimedia.org&utm_campaign=imageinfo&utm_content=original,Wikimedia Commons,Public domain,,IMAGE
25099186,File:The Royal Navy during the Second World War A19000.jpg,1939,https://upload.wikimedia.org/wikipedia/commons/7/7b/The_Royal_Navy_during_the_Second_World_War_A19000.jpg?utm_source=commons.wikimedia.org&utm_campaign=imageinfo&utm_content=original,Wikimedia Commons,Public domain,,IMAGE
25263434,File:The Royal Navy during the Second World War A19498.jpg,1939,https://upload.wikimedia.org/wikipedia/commons/4/48/The_Royal_Navy_during_the_Second_World_War_A19498.jpg?utm_source=commons.wikimedia.org&utm_campaign=imageinfo&utm_content=original,Wikimedia Commons,Public domain,,IMAGE
25256878,File:The Royal Navy during the Second World War A19551.jpg,1939,https://upload.wikimedia.org/wikipedia/commons/c/c7/The_Royal_Navy_during_the_Second_World_War_A19551.jpg?utm_source=commons.wikimedia.org&utm_campaign=imageinfo&utm_content=original,Wikimedia Commons,Public domain,,IMAGE
25098524,File:The Royal Navy during the Second World War A19738.jpg,1939,https://upload.wikimedia.org/wikipedia/commons/b/b7/The_Royal_Navy_during_the_Second_World_War_A19738.jpg?utm_source=commons.wikimedia.org&utm_campaign=imageinfo&utm_content=original,Wikimedia Commons,Public domain,,IMAGE
25098537,File:The Royal Navy during the Second World War A19740.jpg,1939,https://upload.wikimedia.org/wikipedia/commons/2/29/The_Royal_Navy_during_the_Second_World_War_A19740.jpg?utm_source=commons.wikimedia.org&utm_campaign=imageinfo&utm_content=original,Wikimedia Commons,Public domain,,IMAGE
25080852,File:The Royal Navy during the Second World War A20509.jpg,1939,https://upload.wikimedia.org/wikipedia/commons/f/f5/The_Royal_Navy_during_the_Second_World_War_A20509.jpg?utm_source=commons.wikimedia.org&utm_campaign=imageinfo&utm_content=original,Wikimedia Commons,Public domain,,IMAGE
25100669,File:The Royal Navy during the Second World War A21571.jpg,1939,https://upload.wikimedia.org/wikipedia/commons/1/10/The_Royal_Navy_during_the_Second_World_War_A21571.jpg?utm_source=commons.wikimedia.org&utm_campaign=imageinfo&utm_content=original,Wikimedia Commons,Public domain,,IMAGE
25105155,File:The Royal Navy during the Second World War A22088.jpg,1942,https://upload.wikimedia.org/wikipedia/commons/d/df/The_Royal_Navy_during_the_Second_World_War_A22088.jpg?utm_source=commons.wikimedia.org&utm_campaign=imageinfo&utm_content=original,Wikimedia Commons,Public domain,,IMAGE
25115822,File:The Royal Navy during the Second World War A22308.jpg,1939,https://upload.wikimedia.org/wikipedia/commons/a/ab/The_Royal_Navy_during_the_Second_World_War_A22308.jpg?utm_source=commons.wikimedia.org&utm_campaign=imageinfo&utm_content=original,Wikimedia Commons,Public domain,,IMAGE
25117999,File:The Royal Navy during the Second World War A22329.jpg,1939,https://upload.wikimedia.org/wikipedia/commons/b/b4/The_Royal_Navy_during_the_Second_World_War_A22329.jpg?utm_source=commons.wikimedia.org&utm_campaign=imageinfo&utm_content=original,Wikimedia Commons,Public domain,,IMAGE
25100913,File:The Royal Navy during the Second World War A22439.jpg,1939,https://upload.wikimedia.org/wikipedia/commons/d/d2/The_Royal_Navy_during_the_Second_World_War_A22439.jpg?utm_source=commons.wikimedia.org&utm_campaign=imageinfo&utm_content=original,Wikimedia Commons,Public domain,,IMAGE
25099734,File:The Royal Navy during the Second World War A22746.jpg,1939,https://upload.wikimedia.org/wikipedia/commons/2/20/The_Royal_Navy_during_the_Second_World_War_A22746.jpg?utm_source=commons.wikimedia.org&utm_campaign=imageinfo&utm_content=original,Wikimedia Commons,Public domain,,IMAGE
25099676,File:The Royal Navy during the Second World War A22763.jpg,1939,https://upload.wikimedia.org/wikipedia/commons/4/43/The_Royal_Navy_during_the_Second_World_War_A22763.jpg?utm_source=commons.wikimedia.org&utm_campaign=imageinfo&utm_content=original,Wikimedia Commons,Public domain,,IMAGE
25099680,File:The Royal Navy during the Second World War A22764.jpg,1939,https://upload.wikimedia.org/wikipedia/commons/3/38/The_Royal_Navy_during_the_Second_World_War_A22764.jpg?utm_source=commons.wikimedia.org&utm_campaign=imageinfo&utm_content=original,Wikimedia Commons,Public domain,,IMAGE
25105485,File:The Royal Navy during the Second World War A22840.jpg,1939,https://upload.wikimedia.org/wikipedia/commons/e/e0/The_Royal_Navy_during_the_Second_World_War_A22840.jpg?utm_source=commons.wikimedia.org&utm_campaign=imageinfo&utm_content=original,Wikimedia Commons,Public domain,,IMAGE
25118330,File:The Royal Navy during the Second World War A23821.jpg,1939,https://upload.wikimedia.org/wikipedia/commons/d/d6/The_Royal_Navy_during_the_Second_World_War_A23821.jpg?utm_source=commons.wikimedia.org&utm_campaign=imageinfo&utm_content=original,Wikimedia Commons,Public domain,,IMAGE
25118568,File:The Royal Navy during the Second World War A25720.jpg,1939,https://upload.wikimedia.org/wikipedia/commons/c/c9/The_Royal_Navy_during_the_Second_World_War_A25720.jpg?utm_source=commons.wikimedia.org&utm_campaign=imageinfo&utm_content=original,Wikimedia Commons,Public domain,,IMAGE
25074895,File:The Royal Navy during the Second World War A26870.jpg,1939,https://upload.wikimedia.org/wikipedia/commons/9/92/The_Royal_Navy_during_the_Second_World_War_A26870.jpg?utm_source=commons.wikimedia.org&utm_campaign=imageinfo&utm_content=original,Wikimedia Commons,Public domain,,IMAGE
25075521,File:The Royal Navy during the Second World War A27467.jpg,1945,https://upload.wikimedia.org/wikipedia/commons/1/1c/The_Royal_Navy_during_the_Second_World_War_A27467.jpg?utm_source=commons.wikimedia.org&utm_campaign=imageinfo&utm_content=original,Wikimedia Commons,Public domain,,IMAGE
25082268,File:The Royal Navy during the Second World War A27473.jpg,1945,https://upload.wikimedia.org/wikipedia/commons/d/d4/The_Royal_Navy_during_the_Second_World_War_A27473.jpg?utm_source=commons.wikimedia.org&utm_campaign=imageinfo&utm_content=original,Wikimedia Commons,Public domain,,IMAGE
25273126,File:The Royal Navy during the Second World War A29210.jpg,1939,https://upload.wikimedia.org/wikipedia/commons/d/df/The_Royal_Navy_during_the_Second_World_War_A29210.jpg?utm_source=commons.wikimedia.org&utm_campaign=imageinfo&utm_content=original,Wikimedia Commons,Public domain,,IMAGE
25117282,File:The Royal Navy during the Second World War A30733.jpg,1945,https://upload.wikimedia.org/wikipedia/commons/f/f1/The_Royal_Navy_during_the_Second_World_War_A30733.jpg?utm_source=commons.wikimedia.org&utm_campaign=imageinfo&utm_content=original,Wikimedia Commons,Public domain,,IMAGE
25281026,File:The Royal Navy during the Second World War A6552.jpg,1939,https://upload.wikimedia.org/wikipedia/commons/3/39/The_Royal_Navy_during_the_Second_World_War_A6552.jpg?utm_source=commons.wikimedia.org&utm_campaign=imageinfo&utm_content=original,Wikimedia Commons,Public domain,,IMAGE
25081229,File:The Royal Navy during the Second World War A8151.jpg,1939,https://upload.wikimedia.org/wikipedia/commons/b/b0/The_Royal_Navy_during_the_Second_World_War_A8151.jpg?utm_source=commons.wikimedia.org&utm_campaign=imageinfo&utm_content=original,Wikimedia Commons,Public domain,,IMAGE
25082683,File:The Royal Navy during the Second World War A8339.jpg,1939,https://upload.wikimedia.org/wikipedia/commons/f/f4/The_Royal_Navy_during_the_Second_World_War_A8339.jpg?utm_source=commons.wikimedia.org&utm_campaign=imageinfo&utm_content=original,Wikimedia Commons,Public domain,,IMAGE
25086080,File:The Royal Navy during the Second World War A9128.jpg,1939,https://upload.wikimedia.org/wikipedia/commons/f/f7/The_Royal_Navy_during_the_Second_World_War_A9128.jpg?utm_source=commons.wikimedia.org&utm_campaign=imageinfo&utm_content=original,Wikimedia Commons,Public domain,,IMAGE
118412412,"File:War memorial for World war I+II in Gramatneusiedl, Lower Austria, Austria PNr°0932.jpg",2022,https://upload.wikimedia.org/wikipedia/commons/3/3c/War_memorial_for_World_war_I%2BII_in_Gramatneusiedl%2C_Lower_Austria%2C_Austria_PNr%C2%B00932.jpg?utm_source=commons.wikimedia.org&utm_campaign=imageinfo&utm_content=original,Wikimedia Commons,CC BY-SA 4.0,,IMAGE
24467670,File:Air Ministry Second World War Official Collection CH1434.jpg,1940,https://upload.wikimedia.org/wikipedia/commons/d/d0/Air_Ministry_Second_World_War_Official_Collection_CH1434.jpg?utm_source=commons.wikimedia.org&utm_campaign=imageinfo&utm_content=original,Wikimedia Commons,Public domain,,IMAGE
24478448,File:Air Ministry Second World War Official Collection CI576.jpg,1939,https://upload.wikimedia.org/wikipedia/commons/f/fa/Air_Ministry_Second_World_War_Official_Collection_CI576.jpg?utm_source=commons.wikimedia.org&utm_campaign=imageinfo&utm_content=original,Wikimedia Commons,Public domain,,IMAGE
49785563,"File:Prisoner of war, Soviet soldier, portrait, second World War, eastern front Fortepan 27565.jpg",1942,https://upload.wikimedia.org/wikipedia/commons/c/c6/Prisoner_of_war%2C_Soviet_soldier%2C_portrait%2C_second_World_War%2C_eastern_front_Fortepan_27565.jpg?utm_source=commons.wikimedia.org&utm_campaign=imageinfo&utm_content=original,Wikimedia Commons,CC BY-SA 3.0,,IMAGE
49814630,"File:Prisoner of war, war damage, railway, eastern front, second World War, Soviet soldier, wreck Fortepan 28246.jpg",1942,https://upload.wikimedia.org/wikipedia/commons/0/0f/Prisoner_of_war%2C_war_damage%2C_railway%2C_eastern_front%2C_second_World_War%2C_Soviet_soldier%2C_wreck_Fortepan_28246.jpg?utm_source=commons.wikimedia.org&utm_campaign=imageinfo&utm_content=original,Wikimedia Commons,CC BY-SA 3.0,,IMAGE
26439128,File:Second World War Monument Swetlahorsk.JPG,2013,https://upload.wikimedia.org/wikipedia/commons/b/b6/Second_World_War_Monument_Swetlahorsk.JPG?utm_source=commons.wikimedia.org&utm_campaign=imageinfo&utm_content=original,Wikimedia Commons,CC0,,IMAGE
35227684,File:The German Air Force in the Second World War HU108217.jpg,1939,https://upload.wikimedia.org/wikipedia/commons/1/14/The_German_Air_Force_in_the_Second_World_War_HU108217.jpg?utm_source=commons.wikimedia.org&utm_campaign=imageinfo&utm_content=original,Wikimedia Commons,Public domain,,IMAGE
24397302,File:The Royal Air Force during the Second World War- Personalities TR899.jpg,1939,https://upload.wikimedia.org/wikipedia/commons/e/ea/The_Royal_Air_Force_during_the_Second_World_War-_Personalities_TR899.jpg?utm_source=commons.wikimedia.org&utm_campaign=imageinfo&utm_content=original,Wikimedia Commons,Public domain,,IMAGE
25262616,File:The Royal Navy during the Second World War A10101.jpg,1939,https://upload.wikimedia.org/wikipedia/commons/e/eb/The_Royal_Navy_during_the_Second_World_War_A10101.jpg?utm_source=commons.wikimedia.org&utm_campaign=imageinfo&utm_content=original,Wikimedia Commons,Public domain,,IMAGE
25087754,File:The Royal Navy during the Second World War A10275.jpg,1939,https://upload.wikimedia.org/wikipedia/commons/f/f2/The_Royal_Navy_during_the_Second_World_War_A10275.jpg?utm_source=commons.wikimedia.org&utm_campaign=imageinfo&utm_content=original,Wikimedia Commons,Public domain,,IMAGE
25088995,File:The Royal Navy during the Second World War A10904.jpg,1939,https://upload.wikimedia.org/wikipedia/commons/1/1e/The_Royal_Navy_during_the_Second_World_War_A10904.jpg?utm_source=commons.wikimedia.org&utm_campaign=imageinfo&utm_content=original,Wikimedia Commons,Public domain,,IMAGE
25106082,File:The Royal Navy during the Second World War A1133.jpg,1939,https://upload.wikimedia.org/wikipedia/commons/7/7a/The_Royal_Navy_during_the_Second_World_War_A1133.jpg?utm_source=commons.wikimedia.org&utm_campaign=imageinfo&utm_content=original,Wikimedia Commons,Public domain,,IMAGE
25105623,File:The Royal Navy during the Second World War A11821.jpg,1939,https://upload.wikimedia.org/wikipedia/commons/6/6e/The_Royal_Navy_during_the_Second_World_War_A11821.jpg?utm_source=commons.wikimedia.org&utm_campaign=imageinfo&utm_content=original,Wikimedia Commons,Public domain,,IMAGE
25109398,File:The Royal Navy during the Second World War A1212.jpg,1939,https://upload.wikimedia.org/wikipedia/commons/c/c0/The_Royal_Navy_during_the_Second_World_War_A1212.jpg?utm_source=commons.wikimedia.org&utm_campaign=imageinfo&utm_content=original,Wikimedia Commons,Public domain,,IMAGE
25088034,File:The Royal Navy during the Second World War A13294.jpg,1939,https://upload.wikimedia.org/wikipedia/commons/f/f4/The_Royal_Navy_during_the_Second_World_War_A13294.jpg?utm_source=commons.wikimedia.org&utm_campaign=imageinfo&utm_content=original,Wikimedia Commons,Public domain,,IMAGE
25088116,File:The Royal Navy during the Second World War A13684.jpg,1939,https://upload.wikimedia.org/wikipedia/commons/8/81/The_Royal_Navy_during_the_Second_World_War_A13684.jpg?utm_source=commons.wikimedia.org&utm_campaign=imageinfo&utm_content=original,Wikimedia Commons,Public domain,,IMAGE
25085374,File:The Royal Navy during the Second World War A14354.jpg,1939,https://upload.wikimedia.org/wikipedia/commons/e/eb/The_Royal_Navy_during_the_Second_World_War_A14354.jpg?utm_source=commons.wikimedia.org&utm_campaign=imageinfo&utm_content=original,Wikimedia Commons,Public domain,,IMAGE
25281030,File:The Royal Navy during the Second World War A1517.jpg,1939,https://upload.wikimedia.org/wikipedia/commons/b/b0/The_Royal_Navy_during_the_Second_World_War_A1517.jpg?utm_source=commons.wikimedia.org&utm_campaign=imageinfo&utm_content=original,Wikimedia Commons,Public domain,,IMAGE
25085916,File:The Royal Navy during the Second World War A15170.jpg,1939,https://upload.wikimedia.org/wikipedia/commons/d/df/The_Royal_Navy_during_the_Second_World_War_A15170.jpg?utm_source=commons.wikimedia.org&utm_campaign=imageinfo&utm_content=original,Wikimedia Commons,Public domain,,IMAGE
25080494,File:The Royal Navy during the Second World War A16803.jpg,1939,https://upload.wikimedia.org/wikipedia/commons/e/e1/The_Royal_Navy_during_the_Second_World_War_A16803.jpg?utm_source=commons.wikimedia.org&utm_campaign=imageinfo&utm_content=original,Wikimedia Commons,Public domain,,IMAGE
25080470,File:The Royal Navy during the Second World War A16804.jpg,1939,https://upload.wikimedia.org/wikipedia/commons/2/24/The_Royal_Navy_during_the_Second_World_War_A16804.jpg?utm_source=commons.wikimedia.org&utm_campaign=imageinfo&utm_content=original,Wikimedia Commons,Public domain,,IMAGE
25089472,File:The Royal Navy during the Second World War A16805.jpg,1939,https://upload.wikimedia.org/wikipedia/commons/b/b9/The_Royal_Navy_during_the_Second_World_War_A16805.jpg?utm_source=commons.wikimedia.org&utm_campaign=imageinfo&utm_content=original,Wikimedia Commons,Public domain,,IMAGE
25080182,File:The Royal Navy during the Second World War A16810.jpg,1939,https://upload.wikimedia.org/wikipedia/commons/2/2c/The_Royal_Navy_during_the_Second_World_War_A16810.jpg?utm_source=commons.wikimedia.org&utm_campaign=imageinfo&utm_content=original,Wikimedia Commons,Public domain,,IMAGE
25276753,File:The Royal Navy during the Second World War A1746.jpg,1939,https://upload.wikimedia.org/wikipedia/commons/b/b9/The_Royal_Navy_during_the_Second_World_War_A1746.jpg?utm_source=commons.wikimedia.org&utm_campaign=imageinfo&utm_content=original,Wikimedia Commons,Public domain,,IMAGE
25087605,File:The Royal Navy during the Second World War A18524.jpg,1939,https://upload.wikimedia.org/wikipedia/commons/5/5b/The_Royal_Navy_during_the_Second_World_War_A18524.jpg?utm_source=commons.wikimedia.org&utm_campaign=imageinfo&utm_content=original,Wikimedia Commons,Public domain,,IMAGE
25256781,File:The Royal Navy during the Second World War A18816.jpg,1939,https://upload.wikimedia.org/wikipedia/commons/6/62/The_Royal_Navy_during_the_Second_World_War_A18816.jpg?utm_source=commons.wikimedia.org&utm_campaign=imageinfo&utm_content=original,Wikimedia Commons,Public domain,,IMAGE
25263459,File:The Royal Navy during the Second World War A19490.jpg,1939,https://upload.wikimedia.org/wikipedia/commons/b/ba/The_Royal_Navy_during_the_Second_World_War_A19490.jpg?utm_source=commons.wikimedia.org&utm_campaign=imageinfo&utm_content=original,Wikimedia Commons,Public domain,,IMAGE
25263465,File:The Royal Navy during the Second World War A19491.jpg,1939,https://upload.wikimedia.org/wikipedia/commons/2/2a/The_Royal_Navy_during_the_Second_World_War_A19491.jpg?utm_source=commons.wikimedia.org&utm_campaign=imageinfo&utm_content=original,Wikimedia Commons,Public domain,,IMAGE
25098923,File:The Royal Navy during the Second World War A19925.jpg,1939,https://upload.wikimedia.org/wikipedia/commons/e/eb/The_Royal_Navy_during_the_Second_World_War_A19925.jpg?utm_source=commons.wikimedia.org&utm_campaign=imageinfo&utm_content=original,Wikimedia Commons,Public domain,,IMAGE
25263358,File:The Royal Navy during the Second World War A20733.jpg,1939,https://upload.wikimedia.org/wikipedia/commons/d/d0/The_Royal_Navy_during_the_Second_World_War_A20733.jpg?utm_source=commons.wikimedia.org&utm_campaign=imageinfo&utm_content=original,Wikimedia Commons,Public domain,,IMAGE
25100645,File:The Royal Navy during the Second World War A21526.jpg,1939,https://upload.wikimedia.org/wikipedia/commons/4/4a/The_Royal_Navy_during_the_Second_World_War_A21526.jpg?utm_source=commons.wikimedia.org&utm_campaign=imageinfo&utm_content=original,Wikimedia Commons,Public domain,,IMAGE
25100684,File:The Royal Navy during the Second World War A21601.jpg,1939,https://upload.wikimedia.org/wikipedia/commons/4/4a/The_Royal_Navy_during_the_Second_World_War_A21601.jpg?utm_source=commons.wikimedia.org&utm_campaign=imageinfo&utm_content=original,Wikimedia Commons,Public domain,,IMAGE
25123228,File:The Royal Navy during the Second World War A24595.jpg,1939,https://upload.wikimedia.org/wikipedia/commons/e/ed/The_Royal_Navy_during_the_Second_World_War_A24595.jpg?utm_source=commons.wikimedia.org&utm_campaign=imageinfo&utm_content=original,Wikimedia Commons,Public domain,,IMAGE
25086053,File:The Royal Navy during the Second World War A24894.jpg,1939,https://upload.wikimedia.org/wikipedia/commons/3/39/The_Royal_Navy_during_the_Second_World_War_A24894.jpg?utm_source=commons.wikimedia.org&utm_campaign=imageinfo&utm_content=original,Wikimedia Commons,Public domain,,IMAGE
25084540,File:The Royal Navy during the Second World War A25737.jpg,1939,https://upload.wikimedia.org/wikipedia/commons/1/13/The_Royal_Navy_during_the_Second_World_War_A25737.jpg?utm_source=commons.wikimedia.org&utm_campaign=imageinfo&utm_content=original,Wikimedia Commons,Public domain,,IMAGE
25115948,File:The Royal Navy during the Second World War A26703.jpg,1939,https://upload.wikimedia.org/wikipedia/commons/f/f0/The_Royal_Navy_during_the_Second_World_War_A26703.jpg?utm_source=commons.wikimedia.org&utm_campaign=imageinfo&utm_content=original,Wikimedia Commons,Public domain,,IMAGE
25115928,File:The Royal Navy during the Second World War A26704.jpg,1939,https://upload.wikimedia.org/wikipedia/commons/b/b2/The_Royal_Navy_during_the_Second_World_War_A26704.jpg?utm_source=commons.wikimedia.org&utm_campaign=imageinfo&utm_content=original,Wikimedia Commons,Public domain,,IMAGE
25074859,File:The Royal Navy during the Second World War A26734.jpg,1939,https://upload.wikimedia.org/wikipedia/commons/1/1b/The_Royal_Navy_during_the_Second_World_War_A26734.jpg?utm_source=commons.wikimedia.org&utm_campaign=imageinfo&utm_content=original,Wikimedia Commons,Public domain,,IMAGE
25119035,File:The Royal Navy during the Second World War A27260.jpg,1939,https://upload.wikimedia.org/wikipedia/commons/4/4d/The_Royal_Navy_during_the_Second_World_War_A27260.jpg?utm_source=commons.wikimedia.org&utm_campaign=imageinfo&utm_content=original,Wikimedia Commons,Public domain,,IMAGE
25123772,File:The Royal Navy during the Second World War A27287.jpg,1939,https://upload.wikimedia.org/wikipedia/commons/3/34/The_Royal_Navy_during_the_Second_World_War_A27287.jpg?utm_source=commons.wikimedia.org&utm_campaign=imageinfo&utm_content=original,Wikimedia Commons,Public domain,,IMAGE
25123283,File:The Royal Navy during the Second World War A27306.jpg,1939,https://upload.wikimedia.org/wikipedia/commons/e/e2/The_Royal_Navy_during_the_Second_World_War_A27306.jpg?utm_source=commons.wikimedia.org&utm_campaign=imageinfo&utm_content=original,Wikimedia Commons,Public domain,,IMAGE
25117396,File:The Royal Navy during the Second World War A30258.jpg,1939,https://upload.wikimedia.org/wikipedia/commons/8/85/The_Royal_Navy_during_the_Second_World_War_A30258.jpg?utm_source=commons.wikimedia.org&utm_campaign=imageinfo&utm_content=original,Wikimedia Commons,Public domain,,IMAGE
25279223,File:The Royal Navy during the Second World War A4500.jpg,1939,https://upload.wikimedia.org/wikipedia/commons/b/bc/The_Royal_Navy_during_the_Second_World_War_A4500.jpg?utm_source=commons.wikimedia.org&utm_campaign=imageinfo&utm_content=original,Wikimedia Commons,Public domain,,IMAGE
25258175,File:The Royal Navy during the Second World War A5191.jpg,1939,https://upload.wikimedia.org/wikipedia/commons/a/a4/The_Royal_Navy_during_the_Second_World_War_A5191.jpg?utm_source=commons.wikimedia.org&utm_campaign=imageinfo&utm_content=original,Wikimedia Commons,Public domain,,IMAGE
25081803,File:The Royal Navy during the Second World War A7879.jpg,1939,https://upload.wikimedia.org/wikipedia/commons/c/cc/The_Royal_Navy_during_the_Second_World_War_A7879.jpg?utm_source=commons.wikimedia.org&utm_campaign=imageinfo&utm_content=original,Wikimedia Commons,Public domain,,IMAGE
25082230,File:The Royal Navy during the Second World War A8581.jpg,1939,https://upload.wikimedia.org/wikipedia/commons/2/24/The_Royal_Navy_during_the_Second_World_War_A8581.jpg?utm_source=commons.wikimedia.org&utm_campaign=imageinfo&utm_content=original,Wikimedia Commons,Public domain,,IMAGE
25258803,File:The Royal Navy during the Second World War A878.jpg,1939,https://upload.wikimedia.org/wikipedia/commons/9/9d/The_Royal_Navy_during_the_Second_World_War_A878.jpg?utm_source=commons.wikimedia.org&utm_campaign=imageinfo&utm_content=original,Wikimedia Commons,Public domain,,IMAGE
25097017,File:The Royal Navy during the Second World War A8789.jpg,1939,https://upload.wikimedia.org/wikipedia/commons/5/5c/The_Royal_Navy_during_the_Second_World_War_A8789.jpg?utm_source=commons.wikimedia.org&utm_campaign=imageinfo&utm_content=original,Wikimedia Commons,Public domain,,IMAGE
25086086,File:The Royal Navy during the Second World War A9127.jpg,1939,https://upload.wikimedia.org/wikipedia/commons/2/2c/The_Royal_Navy_during_the_Second_World_War_A9127.jpg?utm_source=commons.wikimedia.org&utm_campaign=imageinfo&utm_content=original,Wikimedia Commons,Public domain,,IMAGE
25264453,File:Winston Churchill during the Second World War A17038.jpg,1942,https://upload.wikimedia.org/wikipedia/commons/4/4e/Winston_Churchill_during_the_Second_World_War_A17038.jpg?utm_source=commons.wikimedia.org&utm_campaign=imageinfo&utm_content=original,Wikimedia Commons,Public domain,,IMAGE
3992666,File:2nd World War Memorial Makó.JPG,2008,https://upload.wikimedia.org/wikipedia/commons/c/cf/2nd_World_War_Memorial_Mak%C3%B3.JPG?utm_source=commons.wikimedia.org&utm_campaign=imageinfo&utm_content=original,Wikimedia Commons,Public domain,,IMAGE
24397682,File:British Flying Boat Service during the Second World War TR2422.jpg,1939,https://upload.wikimedia.org/wikipedia/commons/1/1c/British_Flying_Boat_Service_during_the_Second_World_War_TR2422.jpg?utm_source=commons.wikimedia.org&utm_campaign=imageinfo&utm_content=original,Wikimedia Commons,Public domain,,IMAGE
39645350,File:Chemical Warfare in the Twentieth Century- the Second World War H25570.jpg,1939,https://upload.wikimedia.org/wikipedia/commons/7/7a/Chemical_Warfare_in_the_Twentieth_Century-_the_Second_World_War_H25570.jpg?utm_source=commons.wikimedia.org&utm_campaign=imageinfo&utm_content=original,Wikimedia Commons,Public domain,,IMAGE
75410183,File:German Second World War Memorial in Narva.jpg,2018,https://upload.wikimedia.org/wikipedia/commons/b/b6/German_Second_World_War_Memorial_in_Narva.jpg?utm_source=commons.wikimedia.org&utm_campaign=imageinfo&utm_content=original,Wikimedia Commons,CC BY-SA 4.0,,IMAGE
39967239,File:Military Motorcycles of the Second World War KID5030.jpg,2015,https://upload.wikimedia.org/wikipedia/commons/7/79/Military_Motorcycles_of_the_Second_World_War_KID5030.jpg?utm_source=commons.wikimedia.org&utm_campaign=imageinfo&utm_content=original,Wikimedia Commons,Public domain,,IMAGE
39967310,File:Military Motorcycles of the Second World War KID5051.jpg,2015,https://upload.wikimedia.org/wikipedia/commons/3/3e/Military_Motorcycles_of_the_Second_World_War_KID5051.jpg?utm_source=commons.wikimedia.org&utm_campaign=imageinfo&utm_content=original,Wikimedia Commons,Public domain,,IMAGE
39967367,File:Military Motorcycles of the Second World War KID5052.jpg,2015,https://upload.wikimedia.org/wikipedia/commons/b/b1/Military_Motorcycles_of_the_Second_World_War_KID5052.jpg?utm_source=commons.wikimedia.org&utm_campaign=imageinfo&utm_content=original,Wikimedia Commons,Public domain,,IMAGE
39967383,File:Military Motorcycles of the Second World War KID5198.jpg,2015,https://upload.wikimedia.org/wikipedia/commons/6/6a/Military_Motorcycles_of_the_Second_World_War_KID5198.jpg?utm_source=commons.wikimedia.org&utm_campaign=imageinfo&utm_content=original,Wikimedia Commons,Public domain,,IMAGE
39967231,File:Military Motorcycles of the Second World War KID5335.jpg,2015,https://upload.wikimedia.org/wikipedia/commons/9/9b/Military_Motorcycles_of_the_Second_World_War_KID5335.jpg?utm_source=commons.wikimedia.org&utm_campaign=imageinfo&utm_content=original,Wikimedia Commons,Public domain,,IMAGE
39967345,File:Military Motorcycles of the Second World War KID5355.jpg,2015,https://upload.wikimedia.org/wikipedia/commons/e/e9/Military_Motorcycles_of_the_Second_World_War_KID5355.jpg?utm_source=commons.wikimedia.org&utm_campaign=imageinfo&utm_content=original,Wikimedia Commons,Public domain,,IMAGE
39967371,File:Military Motorcycles of the Second World War KID5359.jpg,2015,https://upload.wikimedia.org/wikipedia/commons/9/90/Military_Motorcycles_of_the_Second_World_War_KID5359.jpg?utm_source=commons.wikimedia.org&utm_campaign=imageinfo&utm_content=original,Wikimedia Commons,Public domain,,IMAGE
39967316,File:Military Motorcycles of the Second World War KID5364.jpg,2015,https://upload.wikimedia.org/wikipedia/commons/7/7b/Military_Motorcycles_of_the_Second_World_War_KID5364.jpg?utm_source=commons.wikimedia.org&utm_campaign=imageinfo&utm_content=original,Wikimedia Commons,Public domain,,IMAGE
39967287,File:Military Motorcycles of the Second World War KID5392.jpg,2015,https://upload.wikimedia.org/wikipedia/commons/b/bf/Military_Motorcycles_of_the_Second_World_War_KID5392.jpg?utm_source=commons.wikimedia.org&utm_campaign=imageinfo&utm_content=original,Wikimedia Commons,Public domain,,IMAGE
39967283,File:Military Motorcycles of the Second World War KID5393.jpg,2015,https://upload.wikimedia.org/wikipedia/commons/1/1d/Military_Motorcycles_of_the_Second_World_War_KID5393.jpg?utm_source=commons.wikimedia.org&utm_campaign=imageinfo&utm_content=original,Wikimedia Commons,Public domain,,IMAGE
39967268,File:Military Motorcycles of the Second World War KID5395.jpg,2015,https://upload.wikimedia.org/wikipedia/commons/c/c3/Military_Motorcycles_of_the_Second_World_War_KID5395.jpg?utm_source=commons.wikimedia.org&utm_campaign=imageinfo&utm_content=original,Wikimedia Commons,Public domain,,IMAGE
39967357,File:Military Motorcycles of the Second World War KID5397.jpg,2015,https://upload.wikimedia.org/wikipedia/commons/7/76/Military_Motorcycles_of_the_Second_World_War_KID5397.jpg?utm_source=commons.wikimedia.org&utm_campaign=imageinfo&utm_content=original,Wikimedia Commons,Public domain,,IMAGE
39967362,File:Military Motorcycles of the Second World War KID5398.jpg,2015,https://upload.wikimedia.org/wikipedia/commons/a/a2/Military_Motorcycles_of_the_Second_World_War_KID5398.jpg?utm_source=commons.wikimedia.org&utm_campaign=imageinfo&utm_content=original,Wikimedia Commons,Public domain,,IMAGE
39967331,File:Military Motorcycles of the Second World War KID5405.jpg,2015,https://upload.wikimedia.org/wikipedia/commons/6/64/Military_Motorcycles_of_the_Second_World_War_KID5405.jpg?utm_source=commons.wikimedia.org&utm_campaign=imageinfo&utm_content=original,Wikimedia Commons,Public domain,,IMAGE
39967298,File:Military Motorcycles of the Second World War KID5407.jpg,2015,https://upload.wikimedia.org/wikipedia/commons/5/5f/Military_Motorcycles_of_the_Second_World_War_KID5407.jpg?utm_source=commons.wikimedia.org&utm_campaign=imageinfo&utm_content=original,Wikimedia Commons,Public domain,,IMAGE
39967260,File:Military Motorcycles of the Second World War KID5440.jpg,2015,https://upload.wikimedia.org/wikipedia/commons/1/11/Military_Motorcycles_of_the_Second_World_War_KID5440.jpg?utm_source=commons.wikimedia.org&utm_campaign=imageinfo&utm_content=original,Wikimedia Commons,Public domain,,IMAGE
39967365,File:Military Motorcycles of the Second World War KID5485.jpg,2015,https://upload.wikimedia.org/wikipedia/commons/3/35/Military_Motorcycles_of_the_Second_World_War_KID5485.jpg?utm_source=commons.wikimedia.org&utm_campaign=imageinfo&utm_content=original,Wikimedia Commons,Public domain,,IMAGE
39967292,File:Military Motorcycles of the Second World War KID5555.jpg,2015,https://upload.wikimedia.org/wikipedia/commons/7/76/Military_Motorcycles_of_the_Second_World_War_KID5555.jpg?utm_source=commons.wikimedia.org&utm_campaign=imageinfo&utm_content=original,Wikimedia Commons,Public domain,,IMAGE
39967277,File:Military Motorcycles of the Second World War KID5790.jpg,2015,https://upload.wikimedia.org/wikipedia/commons/9/9e/Military_Motorcycles_of_the_Second_World_War_KID5790.jpg?utm_source=commons.wikimedia.org&utm_campaign=imageinfo&utm_content=original,Wikimedia Commons,Public domain,,IMAGE
24361371,"File:Ministry of Information Exhibitions during the Second World War, London, England, UK, 1943 D14883.jpg",1943,https://upload.wikimedia.org/wikipedia/commons/7/7d/Ministry_of_Information_Exhibitions_during_the_Second_World_War%2C_London%2C_England%2C_UK%2C_1943_D14883.jpg?utm_source=commons.wikimedia.org&utm_campaign=imageinfo&utm_content=original,Wikimedia Commons,Public domain,,IMAGE
24361160,"File:Ministry of Information Exhibitions during the Second World War, Oxford, Oxfordshire, England, UK, 1942 D8933.jpg",1942,https://upload.wikimedia.org/wikipedia/commons/8/86/Ministry_of_Information_Exhibitions_during_the_Second_World_War%2C_Oxford%2C_Oxfordshire%2C_England%2C_UK%2C_1942_D8933.jpg?utm_source=commons.wikimedia.org&utm_campaign=imageinfo&utm_content=original,Wikimedia Commons,Public domain,,IMAGE
49806120,"File:Prisoner of war, Soviet soldier, second World War, eastern front, barefoot Fortepan 28032.jpg",1942,https://upload.wikimedia.org/wikipedia/commons/f/f2/Prisoner_of_war%2C_Soviet_soldier%2C_second_World_War%2C_eastern_front%2C_barefoot_Fortepan_28032.jpg?utm_source=commons.wikimedia.org&utm_campaign=imageinfo&utm_content=original,Wikimedia Commons,CC BY-SA 3.0,,IMAGE
49807094,"File:Second World War, eastern front Fortepan 28064.jpg",1942,https://upload.wikimedia.org/wikipedia/commons/6/67/Second_World_War%2C_eastern_front_Fortepan_28064.jpg?utm_source=commons.wikimedia.org&utm_campaign=imageinfo&utm_content=original,Wikimedia Commons,CC BY-SA 3.0,,IMAGE
25885237,File:Second World War Europe 01 1941 es.svg,2013,https://upload.wikimedia.org/wikipedia/commons/6/69/Second_World_War_Europe_01_1941_es.svg?utm_source=commons.wikimedia.org&utm_campaign=imageinfo&utm_content=original,Wikimedia Commons,CC BY-SA 3.0,,IMAGE
26012530,File:Second World War Europe 11 1942 es.svg,2013,https://upload.wikimedia.org/wikipedia/commons/e/e4/Second_World_War_Europe_11_1942_es.svg?utm_source=commons.wikimedia.org&utm_campaign=imageinfo&utm_content=original,Wikimedia Commons,CC BY-SA 3.0,,IMAGE
49440136,File:Second World War Fortepan 14028.jpg,1942,https://upload.wikimedia.org/wikipedia/commons/a/a6/Second_World_War_Fortepan_14028.jpg?utm_source=commons.wikimedia.org&utm_campaign=imageinfo&utm_content=original,Wikimedia Commons,CC BY-SA 3.0,,IMAGE
25086806,File:The Royal Navy during the Second World War A10104.jpg,1939,https://upload.wikimedia.org/wikipedia/commons/b/ba/The_Royal_Navy_during_the_Second_World_War_A10104.jpg?utm_source=commons.wikimedia.org&utm_campaign=imageinfo&utm_content=original,Wikimedia Commons,Public domain,,IMAGE
25088896,File:The Royal Navy during the Second World War A10677.jpg,1939,https://upload.wikimedia.org/wikipedia/commons/6/6f/The_Royal_Navy_during_the_Second_World_War_A10677.jpg?utm_source=commons.wikimedia.org&utm_campaign=imageinfo&utm_content=original,Wikimedia Commons,Public domain,,IMAGE
25088683,File:The Royal Navy during the Second World War A11001.jpg,1939,https://upload.wikimedia.org/wikipedia/commons/9/93/The_Royal_Navy_during_the_Second_World_War_A11001.jpg?utm_source=commons.wikimedia.org&utm_campaign=imageinfo&utm_content=original,Wikimedia Commons,Public domain,,IMAGE
25105597,File:The Royal Navy during the Second World War A11965.jpg,1939,https://upload.wikimedia.org/wikipedia/commons/7/7c/The_Royal_Navy_during_the_Second_World_War_A11965.jpg?utm_source=commons.wikimedia.org&utm_campaign=imageinfo&utm_content=original,Wikimedia Commons,Public domain,,IMAGE
25264345,File:The Royal Navy during the Second World War A15173.jpg,1939,https://upload.wikimedia.org/wikipedia/commons/6/6b/The_Royal_Navy_during_the_Second_World_War_A15173.jpg?utm_source=commons.wikimedia.org&utm_campaign=imageinfo&utm_content=original,Wikimedia Commons,Public domain,,IMAGE
25078281,File:The Royal Navy during the Second World War A15424.jpg,1939,https://upload.wikimedia.org/wikipedia/commons/f/f1/The_Royal_Navy_during_the_Second_World_War_A15424.jpg?utm_source=commons.wikimedia.org&utm_campaign=imageinfo&utm_content=original,Wikimedia Commons,Public domain,,IMAGE
25078140,File:The Royal Navy during the Second World War A15461.jpg,1939,https://upload.wikimedia.org/wikipedia/commons/a/a7/The_Royal_Navy_during_the_Second_World_War_A15461.jpg?utm_source=commons.wikimedia.org&utm_campaign=imageinfo&utm_content=original,Wikimedia Commons,Public domain,,IMAGE
25272193,File:The Royal Navy during the Second World War A17768.jpg,1939,https://upload.wikimedia.org/wikipedia/commons/c/c7/The_Royal_Navy_during_the_Second_World_War_A17768.jpg?utm_source=commons.wikimedia.org&utm_campaign=imageinfo&utm_content=original,Wikimedia Commons,Public domain,,IMAGE
25256797,File:The Royal Navy during the Second World War A18819.jpg,1939,https://upload.wikimedia.org/wikipedia/commons/4/40/The_Royal_Navy_during_the_Second_World_War_A18819.jpg?utm_source=commons.wikimedia.org&utm_campaign=imageinfo&utm_content=original,Wikimedia Commons,Public domain,,IMAGE
25083547,File:The Royal Navy during the Second World War A21212.jpg,1939,https://upload.wikimedia.org/wikipedia/commons/0/07/The_Royal_Navy_during_the_Second_World_War_A21212.jpg?utm_source=commons.wikimedia.org&utm_campaign=imageinfo&utm_content=original,Wikimedia Commons,Public domain,,IMAGE
25075929,File:The Royal Navy during the Second World War A27166.jpg,1939,https://upload.wikimedia.org/wikipedia/commons/6/66/The_Royal_Navy_during_the_Second_World_War_A27166.jpg?utm_source=commons.wikimedia.org&utm_campaign=imageinfo&utm_content=original,Wikimedia Commons,Public domain,,IMAGE
25076204,File:The Royal Navy during the Second World War A27170.jpg,1945,https://upload.wikimedia.org/wikipedia/commons/6/6c/The_Royal_Navy_during_the_Second_World_War_A27170.jpg?utm_source=commons.wikimedia.org&utm_campaign=imageinfo&utm_content=original,Wikimedia Commons,Public domain,,IMAGE
25279540,File:The Royal Navy during the Second World War A3297.jpg,1939,https://upload.wikimedia.org/wikipedia/commons/b/b4/The_Royal_Navy_during_the_Second_World_War_A3297.jpg?utm_source=commons.wikimedia.org&utm_campaign=imageinfo&utm_content=original,Wikimedia Commons,Public domain,,IMAGE
25279601,File:The Royal Navy during the Second World War A3437.jpg,1939,https://upload.wikimedia.org/wikipedia/commons/8/8a/The_Royal_Navy_during_the_Second_World_War_A3437.jpg?utm_source=commons.wikimedia.org&utm_campaign=imageinfo&utm_content=original,Wikimedia Commons,Public domain,,IMAGE
56521878,"File:World War II Memorial, Szent Imre Square, 2016 Csepel.jpg",2016,https://upload.wikimedia.org/wikipedia/commons/b/ba/World_War_II_Memorial%2C_Szent_Imre_Square%2C_2016_Csepel.jpg?utm_source=commons.wikimedia.org&utm_campaign=imageinfo&utm_content=original,Wikimedia Commons,CC BY-SA 3.0,,IMAGE
49777105,"File:Colorful, prisoner of war, weapon, gun, second World War, eastern front, guard, dixie Fortepan 27258.jpg",1942,https://upload.wikimedia.org/wikipedia/commons/e/e9/Colorful%2C_prisoner_of_war%2C_weapon%2C_gun%2C_second_World_War%2C_eastern_front%2C_guard%2C_dixie_Fortepan_27258.jpg?utm_source=commons.wikimedia.org&utm_campaign=imageinfo&utm_content=original,Wikimedia Commons,CC BY-SA 3.0,,IMAGE
25088891,File:HMS Belfast during the Second World War A18690.jpg,1939,https://upload.wikimedia.org/wikipedia/commons/4/4a/HMS_Belfast_during_the_Second_World_War_A18690.jpg?utm_source=commons.wikimedia.org&utm_campaign=imageinfo&utm_content=original,Wikimedia Commons,Public domain,,IMAGE
39967273,File:Military Motorcycles of the Second World War KID5336.jpg,2015,https://upload.wikimedia.org/wikipedia/commons/3/31/Military_Motorcycles_of_the_Second_World_War_KID5336.jpg?utm_source=commons.wikimedia.org&utm_campaign=imageinfo&utm_content=original,Wikimedia Commons,Public domain,,IMAGE
39967280,File:Military Motorcycles of the Second World War KID5396.jpg,2015,https://upload.wikimedia.org/wikipedia/commons/2/2e/Military_Motorcycles_of_the_Second_World_War_KID5396.jpg?utm_source=commons.wikimedia.org&utm_campaign=imageinfo&utm_content=original,Wikimedia Commons,Public domain,,IMAGE
39967328,File:Military Motorcycles of the Second World War KID5406.jpg,2015,https://upload.wikimedia.org/wikipedia/commons/8/83/Military_Motorcycles_of_the_Second_World_War_KID5406.jpg?utm_source=commons.wikimedia.org&utm_campaign=imageinfo&utm_content=original,Wikimedia Commons,Public domain,,IMAGE
39967390,File:Military Motorcycles of the Second World War KID5418.jpg,2015,https://upload.wikimedia.org/wikipedia/commons/9/95/Military_Motorcycles_of_the_Second_World_War_KID5418.jpg?utm_source=commons.wikimedia.org&utm_campaign=imageinfo&utm_content=original,Wikimedia Commons,Public domain,,IMAGE
39967245,File:Military Motorcycles of the Second World War KID5526.jpg,2015,https://upload.wikimedia.org/wikipedia/commons/4/41/Military_Motorcycles_of_the_Second_World_War_KID5526.jpg?utm_source=commons.wikimedia.org&utm_campaign=imageinfo&utm_content=original,Wikimedia Commons,Public domain,,IMAGE
39967305,File:Military Motorcycles of the Second World War KID5792.jpg,2015,https://upload.wikimedia.org/wikipedia/commons/5/5f/Military_Motorcycles_of_the_Second_World_War_KID5792.jpg?utm_source=commons.wikimedia.org&utm_campaign=imageinfo&utm_content=original,Wikimedia Commons,Public domain,,IMAGE
24361173,"File:Ministry of Information Exhibitions during the Second World War, Leicester, Leicestershire, England, UK, 1942 D8427.jpg",1942,https://upload.wikimedia.org/wikipedia/commons/4/4d/Ministry_of_Information_Exhibitions_during_the_Second_World_War%2C_Leicester%2C_Leicestershire%2C_England%2C_UK%2C_1942_D8427.jpg?utm_source=commons.wikimedia.org&utm_campaign=imageinfo&utm_content=original,Wikimedia Commons,Public domain,,IMAGE
24361168,"File:Ministry of Information Exhibitions during the Second World War, Northampton, Northamptonshire, England, UK, 1942 D7986.jpg",1942,https://upload.wikimedia.org/wikipedia/commons/9/99/Ministry_of_Information_Exhibitions_during_the_Second_World_War%2C_Northampton%2C_Northamptonshire%2C_England%2C_UK%2C_1942_D7986.jpg?utm_source=commons.wikimedia.org&utm_campaign=imageinfo&utm_content=original,Wikimedia Commons,Public domain,,IMAGE
39873007,File:Ministry of Information Second World War Press Agency Print Collection HU103329.jpg,1939,https://upload.wikimedia.org/wikipedia/commons/0/01/Ministry_of_Information_Second_World_War_Press_Agency_Print_Collection_HU103329.jpg?utm_source=commons.wikimedia.org&utm_campaign=imageinfo&utm_content=original,Wikimedia Commons,Public domain,,IMAGE
49785573,"File:Prisoner of war, eastern front, second World War, Soviet soldier Fortepan 27564.jpg",1942,https://upload.wikimedia.org/wikipedia/commons/1/11/Prisoner_of_war%2C_eastern_front%2C_second_World_War%2C_Soviet_soldier_Fortepan_27564.jpg?utm_source=commons.wikimedia.org&utm_campaign=imageinfo&utm_content=original,Wikimedia Commons,CC BY-SA 3.0,,IMAGE
50857659,"File:Second World War, damaged building, war damage Fortepan 75424.jpg",1942,https://upload.wikimedia.org/wikipedia/commons/d/d3/Second_World_War%2C_damaged_building%2C_war_damage_Fortepan_75424.jpg?utm_source=commons.wikimedia.org&utm_campaign=imageinfo&utm_content=original,Wikimedia Commons,CC BY-SA 3.0,,IMAGE
25975660,File:Second World War Europe 03 1941 es.svg,2013,https://upload.wikimedia.org/wikipedia/commons/e/e1/Second_World_War_Europe_03_1941_es.svg?utm_source=commons.wikimedia.org&utm_campaign=imageinfo&utm_content=original,Wikimedia Commons,CC BY-SA 3.0,,IMAGE
27166778,File:Second World War Europe 05 1941 east fr.svg,2013,https://upload.wikimedia.org/wikipedia/commons/6/60/Second_World_War_Europe_05_1941_east_fr.svg?utm_source=commons.wikimedia.org&utm_campaign=imageinfo&utm_content=original,Wikimedia Commons,Public domain,,IMAGE
49344927,File:Second World War Fortepan 10406.jpg,1942,https://upload.wikimedia.org/wikipedia/commons/f/ff/Second_World_War_Fortepan_10406.jpg?utm_source=commons.wikimedia.org&utm_campaign=imageinfo&utm_content=original,Wikimedia Commons,CC BY-SA 3.0,,IMAGE
49284947,File:Second World War Fortepan 8425.jpg,1942,https://upload.wikimedia.org/wikipedia/commons/d/d4/Second_World_War_Fortepan_8425.jpg?utm_source=commons.wikimedia.org&utm_campaign=imageinfo&utm_content=original,Wikimedia Commons,CC BY-SA 3.0,,IMAGE
104008955,File:Second World War Fortifications on Inchcolm - geograph.org.uk - 1900168.jpg,2010,https://upload.wikimedia.org/wikipedia/commons/8/81/Second_World_War_Fortifications_on_Inchcolm_-_geograph.org.uk_-_1900168.jpg?utm_source=commons.wikimedia.org&utm_campaign=imageinfo&utm_content=original,Wikimedia Commons,CC BY-SA 2.0,,IMAGE
25089088,File:The Royal Navy during the Second World War A10602.jpg,1939,https://upload.wikimedia.org/wikipedia/commons/c/ca/The_Royal_Navy_during_the_Second_World_War_A10602.jpg?utm_source=commons.wikimedia.org&utm_campaign=imageinfo&utm_content=original,Wikimedia Commons,Public domain,,IMAGE
25106033,File:The Royal Navy during the Second World War A1239.jpg,1939,https://upload.wikimedia.org/wikipedia/commons/d/d8/The_Royal_Navy_during_the_Second_World_War_A1239.jpg?utm_source=commons.wikimedia.org&utm_campaign=imageinfo&utm_content=original,Wikimedia Commons,Public domain,,IMAGE
25087933,File:The Royal Navy during the Second World War A13227.jpg,1939,https://upload.wikimedia.org/wikipedia/commons/a/a3/The_Royal_Navy_during_the_Second_World_War_A13227.jpg?utm_source=commons.wikimedia.org&utm_campaign=imageinfo&utm_content=original,Wikimedia Commons,Public domain,,IMAGE
25087966,File:The Royal Navy during the Second World War A13229.jpg,1939,https://upload.wikimedia.org/wikipedia/commons/0/04/The_Royal_Navy_during_the_Second_World_War_A13229.jpg?utm_source=commons.wikimedia.org&utm_campaign=imageinfo&utm_content=original,Wikimedia Commons,Public domain,,IMAGE
25087861,File:The Royal Navy during the Second World War A13425.jpg,1939,https://upload.wikimedia.org/wikipedia/commons/f/fb/The_Royal_Navy_during_the_Second_World_War_A13425.jpg?utm_source=commons.wikimedia.org&utm_campaign=imageinfo&utm_content=original,Wikimedia Commons,Public domain,,IMAGE
25088163,File:The Royal Navy during the Second World War A13787.jpg,1939,https://upload.wikimedia.org/wikipedia/commons/2/2a/The_Royal_Navy_during_the_Second_World_War_A13787.jpg?utm_source=commons.wikimedia.org&utm_campaign=imageinfo&utm_content=original,Wikimedia Commons,Public domain,,IMAGE
25281020,File:The Royal Navy during the Second World War A1506.jpg,1939,https://upload.wikimedia.org/wikipedia/commons/b/b4/The_Royal_Navy_during_the_Second_World_War_A1506.jpg?utm_source=commons.wikimedia.org&utm_campaign=imageinfo&utm_content=original,Wikimedia Commons,Public domain,,IMAGE
25263606,File:The Royal Navy during the Second World War A15127.jpg,1939,https://upload.wikimedia.org/wikipedia/commons/d/d6/The_Royal_Navy_during_the_Second_World_War_A15127.jpg?utm_source=commons.wikimedia.org&utm_campaign=imageinfo&utm_content=original,Wikimedia Commons,Public domain,,IMAGE
25080219,File:The Royal Navy during the Second World War A16822.jpg,1939,https://upload.wikimedia.org/wikipedia/commons/f/f6/The_Royal_Navy_during_the_Second_World_War_A16822.jpg?utm_source=commons.wikimedia.org&utm_campaign=imageinfo&utm_content=original,Wikimedia Commons,Public domain,,IMAGE
25079900,File:The Royal Navy during the Second World War A17072.jpg,1939,https://upload.wikimedia.org/wikipedia/commons/e/e1/The_Royal_Navy_during_the_Second_World_War_A17072.jpg?utm_source=commons.wikimedia.org&utm_campaign=imageinfo&utm_content=original,Wikimedia Commons,Public domain,,IMAGE
25099267,File:The Royal Navy during the Second World War A19529.jpg,1939,https://upload.wikimedia.org/wikipedia/commons/7/70/The_Royal_Navy_during_the_Second_World_War_A19529.jpg?utm_source=commons.wikimedia.org&utm_campaign=imageinfo&utm_content=original,Wikimedia Commons,Public domain,,IMAGE
25087046,File:The Royal Navy during the Second World War A20016.jpg,1939,https://upload.wikimedia.org/wikipedia/commons/a/a2/The_Royal_Navy_during_the_Second_World_War_A20016.jpg?utm_source=commons.wikimedia.org&utm_campaign=imageinfo&utm_content=original,Wikimedia Commons,Public domain,,IMAGE
25087036,File:The Royal Navy during the Second World War A20017.jpg,1939,https://upload.wikimedia.org/wikipedia/commons/9/98/The_Royal_Navy_during_the_Second_World_War_A20017.jpg?utm_source=commons.wikimedia.org&utm_campaign=imageinfo&utm_content=original,Wikimedia Commons,Public domain,,IMAGE
25087094,File:The Royal Navy during the Second World War A20024.jpg,1939,https://upload.wikimedia.org/wikipedia/commons/c/ca/The_Royal_Navy_during_the_Second_World_War_A20024.jpg?utm_source=commons.wikimedia.org&utm_campaign=imageinfo&utm_content=original,Wikimedia Commons,Public domain,,IMAGE
25087114,File:The Royal Navy during the Second World War A20026.jpg,1939,https://upload.wikimedia.org/wikipedia/commons/e/eb/The_Royal_Navy_during_the_Second_World_War_A20026.jpg?utm_source=commons.wikimedia.org&utm_campaign=imageinfo&utm_content=original,Wikimedia Commons,Public domain,,IMAGE
25273056,File:The Royal Navy during the Second World War A23306.jpg,1939,https://upload.wikimedia.org/wikipedia/commons/f/ff/The_Royal_Navy_during_the_Second_World_War_A23306.jpg?utm_source=commons.wikimedia.org&utm_campaign=imageinfo&utm_content=original,Wikimedia Commons,Public domain,,IMAGE
25094028,File:The Royal Navy during the Second World War A24391.jpg,1939,https://upload.wikimedia.org/wikipedia/commons/c/c8/The_Royal_Navy_during_the_Second_World_War_A24391.jpg?utm_source=commons.wikimedia.org&utm_campaign=imageinfo&utm_content=original,Wikimedia Commons,Public domain,,IMAGE
25123213,File:The Royal Navy during the Second World War A24601.jpg,1941,https://upload.wikimedia.org/wikipedia/commons/0/0c/The_Royal_Navy_during_the_Second_World_War_A24601.jpg?utm_source=commons.wikimedia.org&utm_campaign=imageinfo&utm_content=original,Wikimedia Commons,Public domain,,IMAGE
25118255,File:The Royal Navy during the Second World War A25003.jpg,1939,https://upload.wikimedia.org/wikipedia/commons/5/50/The_Royal_Navy_during_the_Second_World_War_A25003.jpg?utm_source=commons.wikimedia.org&utm_campaign=imageinfo&utm_content=original,Wikimedia Commons,Public domain,,IMAGE
25076252,File:The Royal Navy during the Second World War A27168.jpg,1939,https://upload.wikimedia.org/wikipedia/commons/4/4b/The_Royal_Navy_during_the_Second_World_War_A27168.jpg?utm_source=commons.wikimedia.org&utm_campaign=imageinfo&utm_content=original,Wikimedia Commons,Public domain,,IMAGE
25075542,File:The Royal Navy during the Second World War A27468.jpg,1945,https://upload.wikimedia.org/wikipedia/commons/4/47/The_Royal_Navy_during_the_Second_World_War_A27468.jpg?utm_source=commons.wikimedia.org&utm_campaign=imageinfo&utm_content=original,Wikimedia Commons,Public domain,,IMAGE
25081955,File:The Royal Navy during the Second World War A27474.jpg,1945,https://upload.wikimedia.org/wikipedia/commons/8/83/The_Royal_Navy_during_the_Second_World_War_A27474.jpg?utm_source=commons.wikimedia.org&utm_campaign=imageinfo&utm_content=original,Wikimedia Commons,Public domain,,IMAGE
25083473,File:The Royal Navy during the Second World War A27667.jpg,1939,https://upload.wikimedia.org/wikipedia/commons/8/89/The_Royal_Navy_during_the_Second_World_War_A27667.jpg?utm_source=commons.wikimedia.org&utm_campaign=imageinfo&utm_content=original,Wikimedia Commons,Public domain,,IMAGE
25082639,File:The Royal Navy during the Second World War A8223.jpg,1939,https://upload.wikimedia.org/wikipedia/commons/0/0f/The_Royal_Navy_during_the_Second_World_War_A8223.jpg?utm_source=commons.wikimedia.org&utm_campaign=imageinfo&utm_content=original,Wikimedia Commons,Public domain,,IMAGE
25263399,File:The Royal Navy during the Second World War A9891.jpg,1939,https://upload.wikimedia.org/wikipedia/commons/0/07/The_Royal_Navy_during_the_Second_World_War_A9891.jpg?utm_source=commons.wikimedia.org&utm_campaign=imageinfo&utm_content=original,Wikimedia Commons,Public domain,,IMAGE
31144953,"File:War casualties from the Second World War and the Vietnam War inside the General Post Office in Perth, Western Australia..JPG",2014,https://upload.wikimedia.org/wikipedia/commons/8/8a/War_casualties_from_the_Second_World_War_and_the_Vietnam_War_inside_the_General_Post_Office_in_Perth%2C_Western_Australia..JPG?utm_source=commons.wikimedia.org&utm_campaign=imageinfo&utm_content=original,Wikimedia Commons,CC BY-SA 3.0,,IMAGE
50857448,"File:War damage, damaged building, second World War Fortepan 75405.jpg",1942,https://upload.wikimedia.org/wikipedia/commons/7/7e/War_damage%2C_damaged_building%2C_second_World_War_Fortepan_75405.jpg?utm_source=commons.wikimedia.org&utm_campaign=imageinfo&utm_content=original,Wikimedia Commons,CC BY-SA 3.0,,IMAGE
133270223,File:3 Displacement of Poles from the Łódź area by the Germans World War II.jpg,1939,https://upload.wikimedia.org/wikipedia/commons/d/d4/3_Displacement_of_Poles_from_the_%C5%81%C3%B3d%C5%BA_area_by_the_Germans_World_War_II.jpg?utm_source=commons.wikimedia.org&utm_campaign=imageinfo&utm_content=original,Wikimedia Commons,Public domain,,IMAGE
39748425,File:Air Ministry Second World War Official Collection CH1400.jpg,1940,https://upload.wikimedia.org/wikipedia/commons/a/a3/Air_Ministry_Second_World_War_Official_Collection_CH1400.jpg?utm_source=commons.wikimedia.org&utm_campaign=imageinfo&utm_content=original,Wikimedia Commons,Public domain,,IMAGE
131676422,File:American Troops in the World War II.jpg,1944,https://upload.wikimedia.org/wikipedia/commons/3/35/American_Troops_in_the_World_War_II.jpg?utm_source=commons.wikimedia.org&utm_campaign=imageinfo&utm_content=original,Wikimedia Commons,Public domain,,IMAGE
31663828,File:Civilian War Production in Russia during the Second World War HU81216.jpg,1939,https://upload.wikimedia.org/wikipedia/commons/f/fe/Civilian_War_Production_in_Russia_during_the_Second_World_War_HU81216.jpg?utm_source=commons.wikimedia.org&utm_campaign=imageinfo&utm_content=original,Wikimedia Commons,Public domain,,IMAGE
26503956,File:Clervaux World War II monument aux morts.jpg,2013,https://upload.wikimedia.org/wikipedia/commons/8/80/Clervaux_World_War_II_monument_aux_morts.jpg?utm_source=commons.wikimedia.org&utm_campaign=imageinfo&utm_content=original,Wikimedia Commons,CC BY-SA 3.0,,IMAGE
49781892,"File:Colorful, prisoner of war, chariot, horse, military, second World War, eastern front, butcher, carrion Fortepan 27380.jpg",1942,https://upload.wikimedia.org/wikipedia/commons/4/40/Colorful%2C_prisoner_of_war%2C_chariot%2C_horse%2C_military%2C_second_World_War%2C_eastern_front%2C_butcher%2C_carrion_Fortepan_27380.jpg?utm_source=commons.wikimedia.org&utm_campaign=imageinfo&utm_content=original,Wikimedia Commons,CC BY-SA 3.0,,IMAGE
151342360,File:Cratfield Second World War Memorial - geograph.org.uk - 6575920.jpg,2020,https://upload.wikimedia.org/wikipedia/commons/7/7e/Cratfield_Second_World_War_Memorial_-_geograph.org.uk_-_6575920.jpg?utm_source=commons.wikimedia.org&utm_campaign=imageinfo&utm_content=original,Wikimedia Commons,CC BY-SA 2.0,,IMAGE
49789852,"File:Meal, prisoner of war, Soviet soldier, second World War, eastern front, dixie, tin can Fortepan 27701.jpg",1942,https://upload.wikimedia.org/wikipedia/commons/6/6a/Meal%2C_prisoner_of_war%2C_Soviet_soldier%2C_second_World_War%2C_eastern_front%2C_dixie%2C_tin_can_Fortepan_27701.jpg?utm_source=commons.wikimedia.org&utm_campaign=imageinfo&utm_content=original,Wikimedia Commons,CC BY-SA 3.0,,IMAGE
39967320,File:Military Motorcycles of the Second World War KID5193.jpg,2015,https://upload.wikimedia.org/wikipedia/commons/a/a2/Military_Motorcycles_of_the_Second_World_War_KID5193.jpg?utm_source=commons.wikimedia.org&utm_campaign=imageinfo&utm_content=original,Wikimedia Commons,Public domain,,IMAGE
24361405,"File:Ministry of Information Exhibitions during the Second World War, London, England, UK, 1943 D17418.jpg",1943,https://upload.wikimedia.org/wikipedia/commons/8/82/Ministry_of_Information_Exhibitions_during_the_Second_World_War%2C_London%2C_England%2C_UK%2C_1943_D17418.jpg?utm_source=commons.wikimedia.org&utm_campaign=imageinfo&utm_content=original,Wikimedia Commons,Public domain,,IMAGE
24361420,"File:Ministry of Information Exhibitions during the Second World War, London, England, UK, 1943 D17866.jpg",1943,https://upload.wikimedia.org/wikipedia/commons/e/e8/Ministry_of_Information_Exhibitions_during_the_Second_World_War%2C_London%2C_England%2C_UK%2C_1943_D17866.jpg?utm_source=commons.wikimedia.org&utm_campaign=imageinfo&utm_content=original,Wikimedia Commons,Public domain,,IMAGE
24361260,"File:Ministry of Information Exhibitions during the Second World War, Luton, Bedfordshire, England, UK, 1942 D7326.jpg",1942,https://upload.wikimedia.org/wikipedia/commons/9/9e/Ministry_of_Information_Exhibitions_during_the_Second_World_War%2C_Luton%2C_Bedfordshire%2C_England%2C_UK%2C_1942_D7326.jpg?utm_source=commons.wikimedia.org&utm_campaign=imageinfo&utm_content=original,Wikimedia Commons,Public domain,,IMAGE
49806020,"File:Prisoner of war, Soviet soldier, second World War, eastern front, wooden spoon Fortepan 28024.jpg",1942,https://upload.wikimedia.org/wikipedia/commons/e/e3/Prisoner_of_war%2C_Soviet_soldier%2C_second_World_War%2C_eastern_front%2C_wooden_spoon_Fortepan_28024.jpg?utm_source=commons.wikimedia.org&utm_campaign=imageinfo&utm_content=original,Wikimedia Commons,CC BY-SA 3.0,,IMAGE
49785323,"File:Prisoner of war, portrait, Soviet soldier, second World War, eastern front Fortepan 27550.jpg",1942,https://upload.wikimedia.org/wikipedia/commons/8/87/Prisoner_of_war%2C_portrait%2C_Soviet_soldier%2C_second_World_War%2C_eastern_front_Fortepan_27550.jpg?utm_source=commons.wikimedia.org&utm_campaign=imageinfo&utm_content=original,Wikimedia Commons,CC BY-SA 3.0,,IMAGE
49785642,"File:Prisoner of war, portrait, Soviet soldier, second World War, eastern front Fortepan 27566.jpg",1942,https://upload.wikimedia.org/wikipedia/commons/c/c6/Prisoner_of_war%2C_portrait%2C_Soviet_soldier%2C_second_World_War%2C_eastern_front_Fortepan_27566.jpg?utm_source=commons.wikimedia.org&utm_campaign=imageinfo&utm_content=original,Wikimedia Commons,CC BY-SA 3.0,,IMAGE
49785285,"File:Prisoner of war, portrait, second World War, eastern front, Soviet soldier Fortepan 27548.jpg",1942,https://upload.wikimedia.org/wikipedia/commons/4/46/Prisoner_of_war%2C_portrait%2C_second_World_War%2C_eastern_front%2C_Soviet_soldier_Fortepan_27548.jpg?utm_source=commons.wikimedia.org&utm_campaign=imageinfo&utm_content=original,Wikimedia Commons,CC BY-SA 3.0,,IMAGE
49785283,"File:Prisoner of war, portrait, second World War, eastern front, Soviet soldier Fortepan 27549.jpg",1942,https://upload.wikimedia.org/wikipedia/commons/8/8e/Prisoner_of_war%2C_portrait%2C_second_World_War%2C_eastern_front%2C_Soviet_soldier_Fortepan_27549.jpg?utm_source=commons.wikimedia.org&utm_campaign=imageinfo&utm_content=original,Wikimedia Commons,CC BY-SA 3.0,,IMAGE
49806996,"File:Prisoner of war, second World War, eastern front, Soviet soldier, portrait Fortepan 28060.jpg",1942,https://upload.wikimedia.org/wikipedia/commons/6/6f/Prisoner_of_war%2C_second_World_War%2C_eastern_front%2C_Soviet_soldier%2C_portrait_Fortepan_28060.jpg?utm_source=commons.wikimedia.org&utm_campaign=imageinfo&utm_content=original,Wikimedia Commons,CC BY-SA 3.0,,IMAGE
49807022,"File:Prisoner of war, second World War, eastern front, Soviet soldier, portrait Fortepan 28061.jpg",1942,https://upload.wikimedia.org/wikipedia/commons/3/3c/Prisoner_of_war%2C_second_World_War%2C_eastern_front%2C_Soviet_soldier%2C_portrait_Fortepan_28061.jpg?utm_source=commons.wikimedia.org&utm_campaign=imageinfo&utm_content=original,Wikimedia Commons,CC BY-SA 3.0,,IMAGE
127921868,File:Ruins in the centre of Klaipėda during the World War II (January 1945).jpg,1945,https://upload.wikimedia.org/wikipedia/commons/2/28/Ruins_in_the_centre_of_Klaip%C4%97da_during_the_World_War_II_%28January_1945%29.jpg?utm_source=commons.wikimedia.org&utm_campaign=imageinfo&utm_content=original,Wikimedia Commons,Public domain,,IMAGE
127754361,File:Salem cemetery St. Eustatius Second World War Victims.jpg,2022,https://upload.wikimedia.org/wikipedia/commons/e/e8/Salem_cemetery_St._Eustatius_Second_World_War_Victims.jpg?utm_source=commons.wikimedia.org&utm_campaign=imageinfo&utm_content=original,Wikimedia Commons,CC BY-SA 4.0,,IMAGE
83672202,File:Second World War Europe 08 1939 es.svg,2019,https://upload.wikimedia.org/wikipedia/commons/4/41/Second_World_War_Europe_08_1939_es.svg?utm_source=commons.wikimedia.org&utm_campaign=imageinfo&utm_content=original,Wikimedia Commons,Public domain,,IMAGE
34589058,File:Second World War Memorial (2083013212).jpg,2008,https://upload.wikimedia.org/wikipedia/commons/4/4a/Second_World_War_Memorial_%282083013212%29.jpg?utm_source=commons.wikimedia.org&utm_campaign=imageinfo&utm_content=original,Wikimedia Commons,CC BY-SA 2.0,,IMAGE
34589057,File:Second World War Memorial (2083013214).jpg,2008,https://upload.wikimedia.org/wikipedia/commons/6/61/Second_World_War_Memorial_%282083013214%29.jpg?utm_source=commons.wikimedia.org&utm_campaign=imageinfo&utm_content=original,Wikimedia Commons,CC BY-SA 2.0,,IMAGE
34589056,File:Second World War Memorial (2083013218).jpg,2008,https://upload.wikimedia.org/wikipedia/commons/e/e2/Second_World_War_Memorial_%282083013218%29.jpg?utm_source=commons.wikimedia.org&utm_campaign=imageinfo&utm_content=original,Wikimedia Commons,CC BY-SA 2.0,,IMAGE
118104236,File:Second world war loophole in wall - geograph.org.uk - 3534508.jpg,2013,https://upload.wikimedia.org/wikipedia/commons/1/19/Second_world_war_loophole_in_wall_-_geograph.org.uk_-_3534508.jpg?utm_source=commons.wikimedia.org&utm_campaign=imageinfo&utm_content=original,Wikimedia Commons,CC BY-SA 2.0,,IMAGE
25099063,File:The Royal Navy during the Second World War A10667.jpg,1939,https://upload.wikimedia.org/wikipedia/commons/5/57/The_Royal_Navy_during_the_Second_World_War_A10667.jpg?utm_source=commons.wikimedia.org&utm_campaign=imageinfo&utm_content=original,Wikimedia Commons,Public domain,,IMAGE
25109382,File:The Royal Navy during the Second World War A1211.jpg,1939,https://upload.wikimedia.org/wikipedia/commons/7/76/The_Royal_Navy_during_the_Second_World_War_A1211.jpg?utm_source=commons.wikimedia.org&utm_campaign=imageinfo&utm_content=original,Wikimedia Commons,Public domain,,IMAGE
25087949,File:The Royal Navy during the Second World War A13228.jpg,1939,https://upload.wikimedia.org/wikipedia/commons/d/dc/The_Royal_Navy_during_the_Second_World_War_A13228.jpg?utm_source=commons.wikimedia.org&utm_campaign=imageinfo&utm_content=original,Wikimedia Commons,Public domain,,IMAGE
25087674,File:The Royal Navy during the Second World War A13979.jpg,1939,https://upload.wikimedia.org/wikipedia/commons/b/b0/The_Royal_Navy_during_the_Second_World_War_A13979.jpg?utm_source=commons.wikimedia.org&utm_campaign=imageinfo&utm_content=original,Wikimedia Commons,Public domain,,IMAGE
25085172,File:The Royal Navy during the Second World War A15128.jpg,1939,https://upload.wikimedia.org/wikipedia/commons/0/01/The_Royal_Navy_during_the_Second_World_War_A15128.jpg?utm_source=commons.wikimedia.org&utm_campaign=imageinfo&utm_content=original,Wikimedia Commons,Public domain,,IMAGE
25099427,File:The Royal Navy during the Second World War A19427.jpg,1942,https://upload.wikimedia.org/wikipedia/commons/9/9a/The_Royal_Navy_during_the_Second_World_War_A19427.jpg?utm_source=commons.wikimedia.org&utm_campaign=imageinfo&utm_content=original,Wikimedia Commons,Public domain,,IMAGE
25100530,File:The Royal Navy during the Second World War A21616.jpg,1939,https://upload.wikimedia.org/wikipedia/commons/6/65/The_Royal_Navy_during_the_Second_World_War_A21616.jpg?utm_source=commons.wikimedia.org&utm_campaign=imageinfo&utm_content=original,Wikimedia Commons,Public domain,,IMAGE
25273912,File:The Royal Navy during the Second World War A23545.jpg,1939,https://upload.wikimedia.org/wikipedia/commons/d/d1/The_Royal_Navy_during_the_Second_World_War_A23545.jpg?utm_source=commons.wikimedia.org&utm_campaign=imageinfo&utm_content=original,Wikimedia Commons,Public domain,,IMAGE
25272497,File:The Royal Navy during the Second World War A23771.jpg,1939,https://upload.wikimedia.org/wikipedia/commons/4/4f/The_Royal_Navy_during_the_Second_World_War_A23771.jpg?utm_source=commons.wikimedia.org&utm_campaign=imageinfo&utm_content=original,Wikimedia Commons,Public domain,,IMAGE
25124485,File:The Royal Navy during the Second World War A26571.jpg,1939,https://upload.wikimedia.org/wikipedia/commons/1/19/The_Royal_Navy_during_the_Second_World_War_A26571.jpg?utm_source=commons.wikimedia.org&utm_campaign=imageinfo&utm_content=original,Wikimedia Commons,Public domain,,IMAGE
25074966,File:The Royal Navy during the Second World War A26932.jpg,1939,https://upload.wikimedia.org/wikipedia/commons/d/d8/The_Royal_Navy_during_the_Second_World_War_A26932.jpg?utm_source=commons.wikimedia.org&utm_campaign=imageinfo&utm_content=original,Wikimedia Commons,Public domain,,IMAGE
25279347,File:The Royal Navy during the Second World War A4373.jpg,1939,https://upload.wikimedia.org/wikipedia/commons/1/1b/The_Royal_Navy_during_the_Second_World_War_A4373.jpg?utm_source=commons.wikimedia.org&utm_campaign=imageinfo&utm_content=original,Wikimedia Commons,Public domain,,IMAGE
25260148,File:The Royal Navy during the Second World War A6594.jpg,1939,https://upload.wikimedia.org/wikipedia/commons/5/5d/The_Royal_Navy_during_the_Second_World_War_A6594.jpg?utm_source=commons.wikimedia.org&utm_campaign=imageinfo&utm_content=original,Wikimedia Commons,Public domain,,IMAGE
25109205,File:The Royal Navy during the Second World War HMS Rodney bringing 16 inch shells aboard IWM A 204.jpg,1939,https://upload.wikimedia.org/wikipedia/commons/f/fe/The_Royal_Navy_during_the_Second_World_War_HMS_Rodney_bringing_16_inch_shells_aboard_IWM_A_204.jpg?utm_source=commons.wikimedia.org&utm_campaign=imageinfo&utm_content=original,Wikimedia Commons,Public domain,,IMAGE
24365359,"File:The work of the Merchant Navy during the Second World War, 1943 D16068.jpg",1943,https://upload.wikimedia.org/wikipedia/commons/1/12/The_work_of_the_Merchant_Navy_during_the_Second_World_War%2C_1943_D16068.jpg?utm_source=commons.wikimedia.org&utm_campaign=imageinfo&utm_content=original,Wikimedia Commons,Public domain,,IMAGE
49440122,"File:Winter, second World War, eastern front Fortepan 14026.jpg",1942,https://upload.wikimedia.org/wikipedia/commons/0/02/Winter%2C_second_World_War%2C_eastern_front_Fortepan_14026.jpg?utm_source=commons.wikimedia.org&utm_campaign=imageinfo&utm_content=original,Wikimedia Commons,CC BY-SA 3.0,,IMAGE
33753163,"File:World War II Memorial, 04950v.jpg",2006,https://upload.wikimedia.org/wikipedia/commons/9/90/World_War_II_Memorial%2C_04950v.jpg?utm_source=commons.wikimedia.org&utm_campaign=imageinfo&utm_content=original,Wikimedia Commons,Public domain,,IMAGE
107968333,File:World War II Memorial - Fenway-Kenmore - front view.jpg,2021,https://upload.wikimedia.org/wikipedia/commons/b/bd/World_War_II_Memorial_-_Fenway-Kenmore_-_front_view.jpg?utm_source=commons.wikimedia.org&utm_campaign=imageinfo&utm_content=original,Wikimedia Commons,CC BY-SA 4.0,,IMAGE
33753047,File:World War II Memorial 04467v.jpg,2006,https://upload.wikimedia.org/wikipedia/commons/c/c2/World_War_II_Memorial_04467v.jpg?utm_source=commons.wikimedia.org&utm_campaign=imageinfo&utm_content=original,Wikimedia Commons,Public domain,,IMAGE
30858001,File:Air Ministry Second World War Official Collection ME(RAF)5659.jpg,1939,https://upload.wikimedia.org/wikipedia/commons/3/39/Air_Ministry_Second_World_War_Official_Collection_ME%28RAF%295659.jpg?utm_source=commons.wikimedia.org&utm_campaign=imageinfo&utm_content=original,Wikimedia Commons,Public domain,,IMAGE
39604717,File:British Warships of the Second World War A8235.jpg,1939,https://upload.wikimedia.org/wikipedia/commons/f/f7/British_Warships_of_the_Second_World_War_A8235.jpg?utm_source=commons.wikimedia.org&utm_campaign=imageinfo&utm_content=original,Wikimedia Commons,Public domain,,IMAGE
50857565,"File:Coach, second World War Fortepan 75418.jpg",1942,https://upload.wikimedia.org/wikipedia/commons/8/84/Coach%2C_second_World_War_Fortepan_75418.jpg?utm_source=commons.wikimedia.org&utm_campaign=imageinfo&utm_content=original,Wikimedia Commons,CC BY-SA 3.0,,IMAGE
21853615,File:Elvange (Beckerich) WW II memorial.jpg,2012,https://upload.wikimedia.org/wikipedia/commons/f/f7/Elvange_%28Beckerich%29_WW_II_memorial.jpg?utm_source=commons.wikimedia.org&utm_campaign=imageinfo&utm_content=original,Wikimedia Commons,CC BY-SA 3.0,,IMAGE
25088858,File:HMS Belfast during the Second World War A18665.jpg,1939,https://upload.wikimedia.org/wikipedia/commons/4/49/HMS_Belfast_during_the_Second_World_War_A18665.jpg?utm_source=commons.wikimedia.org&utm_campaign=imageinfo&utm_content=original,Wikimedia Commons,Public domain,,IMAGE
70306460,File:Kanchanaburi World War II Museum.jpg,2018,https://upload.wikimedia.org/wikipedia/commons/3/3a/Kanchanaburi_World_War_II_Museum.jpg?utm_source=commons.wikimedia.org&utm_campaign=imageinfo&utm_content=original,Wikimedia Commons,CC BY 4.0,,IMAGE
25089907,File:Ministry of Information Second World War Press Agency Print Collection HU106839.jpg,1939,https://upload.wikimedia.org/wikipedia/commons/a/aa/Ministry_of_Information_Second_World_War_Press_Agency_Print_Collection_HU106839.jpg?utm_source=commons.wikimedia.org&utm_campaign=imageinfo&utm_content=original,Wikimedia Commons,Public domain,,IMAGE
49806326,"File:Prisoner of war, cigarette, Soviet soldier, second World War, eastern front, portrait Fortepan 28045.jpg",1942,https://upload.wikimedia.org/wikipedia/commons/6/68/Prisoner_of_war%2C_cigarette%2C_Soviet_soldier%2C_second_World_War%2C_eastern_front%2C_portrait_Fortepan_28045.jpg?utm_source=commons.wikimedia.org&utm_campaign=imageinfo&utm_content=original,Wikimedia Commons,CC BY-SA 3.0,,IMAGE
133271538,File:Recording names by the German police in the German Nazi camp in Łódź. World War II.jpg,1939,https://upload.wikimedia.org/wikipedia/commons/1/1f/Recording_names_by_the_German_police_in_the_German_Nazi_camp_in_%C5%81%C3%B3d%C5%BA._World_War_II.jpg?utm_source=commons.wikimedia.org&utm_campaign=imageinfo&utm_content=original,Wikimedia Commons,Public domain,,IMAGE
61975726,File:Second World War Europe 05 1941 east en.svg,2013,https://upload.wikimedia.org/wikipedia/commons/2/2e/Second_World_War_Europe_05_1941_east_en.svg?utm_source=commons.wikimedia.org&utm_campaign=imageinfo&utm_content=original,Wikimedia Commons,Public domain,,IMAGE
49785159,File:Second World War Fortepan 27543.jpg,1942,https://upload.wikimedia.org/wikipedia/commons/b/b5/Second_World_War_Fortepan_27543.jpg?utm_source=commons.wikimedia.org&utm_campaign=imageinfo&utm_content=original,Wikimedia Commons,CC BY-SA 3.0,,IMAGE
27317312,"File:Second World War Memorial, Gárdony 01.JPG",2013,https://upload.wikimedia.org/wikipedia/commons/5/52/Second_World_War_Memorial%2C_G%C3%A1rdony_01.JPG?utm_source=commons.wikimedia.org&utm_campaign=imageinfo&utm_content=original,Wikimedia Commons,CC0,,IMAGE
27317311,"File:Second World War Memorial, Gárdony 02.JPG",2013,https://upload.wikimedia.org/wikipedia/commons/5/5c/Second_World_War_Memorial%2C_G%C3%A1rdony_02.JPG?utm_source=commons.wikimedia.org&utm_campaign=imageinfo&utm_content=original,Wikimedia Commons,CC0,,IMAGE
16763216,File:Steinfort route de Luxembourg World War II plaque.jpg,2011,https://upload.wikimedia.org/wikipedia/commons/1/13/Steinfort_route_de_Luxembourg_World_War_II_plaque.jpg?utm_source=commons.wikimedia.org&utm_campaign=imageinfo&utm_content=original,Wikimedia Commons,CC BY-SA 3.0,,IMAGE
25085913,File:The Greek Navy during the Second World War A15183.jpg,1939,https://upload.wikimedia.org/wikipedia/commons/c/ca/The_Greek_Navy_during_the_Second_World_War_A15183.jpg?utm_source=commons.wikimedia.org&utm_campaign=imageinfo&utm_content=original,Wikimedia Commons,Public domain,,IMAGE
25080721,File:The Royal Navy during the Second World War A16352.jpg,1939,https://upload.wikimedia.org/wikipedia/commons/0/09/The_Royal_Navy_during_the_Second_World_War_A16352.jpg?utm_source=commons.wikimedia.org&utm_campaign=imageinfo&utm_content=original,Wikimedia Commons,Public domain,,IMAGE
25080409,File:The Royal Navy during the Second World War A16647.jpg,1939,https://upload.wikimedia.org/wikipedia/commons/4/4e/The_Royal_Navy_during_the_Second_World_War_A16647.jpg?utm_source=commons.wikimedia.org&utm_campaign=imageinfo&utm_content=original,Wikimedia Commons,Public domain,,IMAGE
25099582,File:The Royal Navy during the Second World War A17356.jpg,1939,https://upload.wikimedia.org/wikipedia/commons/4/4c/The_Royal_Navy_during_the_Second_World_War_A17356.jpg?utm_source=commons.wikimedia.org&utm_campaign=imageinfo&utm_content=original,Wikimedia Commons,Public domain,,IMAGE
109512690,File:The Royal Navy during the Second World War A19715 (cropped).jpg,1943,https://upload.wikimedia.org/wikipedia/commons/1/1c/The_Royal_Navy_during_the_Second_World_War_A19715_%28cropped%29.jpg?utm_source=commons.wikimedia.org&utm_campaign=imageinfo&utm_content=original,Wikimedia Commons,Public domain,,IMAGE
25273264,File:The Royal Navy during the Second World War A23263.jpg,1939,https://upload.wikimedia.org/wikipedia/commons/3/3c/The_Royal_Navy_during_the_Second_World_War_A23263.jpg?utm_source=commons.wikimedia.org&utm_campaign=imageinfo&utm_content=original,Wikimedia Commons,Public domain,,IMAGE
25082171,File:The Royal Navy during the Second World War A24463.jpg,1939,https://upload.wikimedia.org/wikipedia/commons/f/f3/The_Royal_Navy_during_the_Second_World_War_A24463.jpg?utm_source=commons.wikimedia.org&utm_campaign=imageinfo&utm_content=original,Wikimedia Commons,Public domain,,IMAGE
25083493,File:The Royal Navy during the Second World War A24464.jpg,1939,https://upload.wikimedia.org/wikipedia/commons/b/b1/The_Royal_Navy_during_the_Second_World_War_A24464.jpg?utm_source=commons.wikimedia.org&utm_campaign=imageinfo&utm_content=original,Wikimedia Commons,Public domain,,IMAGE
25118286,File:The Royal Navy during the Second World War A24868.jpg,1939,https://upload.wikimedia.org/wikipedia/commons/5/5c/The_Royal_Navy_during_the_Second_World_War_A24868.jpg?utm_source=commons.wikimedia.org&utm_campaign=imageinfo&utm_content=original,Wikimedia Commons,Public domain,,IMAGE
25075908,File:The Royal Navy during the Second World War A27164.jpg,1939,https://upload.wikimedia.org/wikipedia/commons/1/11/The_Royal_Navy_during_the_Second_World_War_A27164.jpg?utm_source=commons.wikimedia.org&utm_campaign=imageinfo&utm_content=original,Wikimedia Commons,Public domain,,IMAGE
25123834,File:The Royal Navy during the Second World War A27544.jpg,1939,https://upload.wikimedia.org/wikipedia/commons/9/9c/The_Royal_Navy_during_the_Second_World_War_A27544.jpg?utm_source=commons.wikimedia.org&utm_campaign=imageinfo&utm_content=original,Wikimedia Commons,Public domain,,IMAGE
25123883,File:The Royal Navy during the Second World War A27989.jpg,1939,https://upload.wikimedia.org/wikipedia/commons/8/8d/The_Royal_Navy_during_the_Second_World_War_A27989.jpg?utm_source=commons.wikimedia.org&utm_campaign=imageinfo&utm_content=original,Wikimedia Commons,Public domain,,IMAGE
25263552,File:The Royal Navy during the Second World War A28036.jpg,1943,https://upload.wikimedia.org/wikipedia/commons/0/0f/The_Royal_Navy_during_the_Second_World_War_A28036.jpg?utm_source=commons.wikimedia.org&utm_campaign=imageinfo&utm_content=original,Wikimedia Commons,Public domain,,IMAGE
25099976,File:The Royal Navy during the Second World War A28452.jpg,1939,https://upload.wikimedia.org/wikipedia/commons/d/da/The_Royal_Navy_during_the_Second_World_War_A28452.jpg?utm_source=commons.wikimedia.org&utm_campaign=imageinfo&utm_content=original,Wikimedia Commons,Public domain,,IMAGE
25280117,File:The Royal Navy during the Second World War A5140.jpg,1939,https://upload.wikimedia.org/wikipedia/commons/d/d0/The_Royal_Navy_during_the_Second_World_War_A5140.jpg?utm_source=commons.wikimedia.org&utm_campaign=imageinfo&utm_content=original,Wikimedia Commons,Public domain,,IMAGE
25280778,File:The Royal Navy during the Second World War A6561.jpg,1939,https://upload.wikimedia.org/wikipedia/commons/3/31/The_Royal_Navy_during_the_Second_World_War_A6561.jpg?utm_source=commons.wikimedia.org&utm_campaign=imageinfo&utm_content=original,Wikimedia Commons,Public domain,,IMAGE
25082325,File:The Royal Navy during the Second World War A8667.jpg,1939,https://upload.wikimedia.org/wikipedia/commons/d/d2/The_Royal_Navy_during_the_Second_World_War_A8667.jpg?utm_source=commons.wikimedia.org&utm_campaign=imageinfo&utm_content=original,Wikimedia Commons,Public domain,,IMAGE
25263759,File:The Women's Royal Naval Service during the Second World War A13707.jpg,1939,https://upload.wikimedia.org/wikipedia/commons/f/fa/The_Women%27s_Royal_Naval_Service_during_the_Second_World_War_A13707.jpg?utm_source=commons.wikimedia.org&utm_campaign=imageinfo&utm_content=original,Wikimedia Commons,Public domain,,IMAGE
25263631,File:The Women's Royal Naval Service during the Second World War A15231.jpg,1939,https://upload.wikimedia.org/wikipedia/commons/d/dd/The_Women%27s_Royal_Naval_Service_during_the_Second_World_War_A15231.jpg?utm_source=commons.wikimedia.org&utm_campaign=imageinfo&utm_content=original,Wikimedia Commons,Public domain,,IMAGE
25263648,File:The Women's Royal Naval Service during the Second World War A15236.jpg,1939,https://upload.wikimedia.org/wikipedia/commons/5/5d/The_Women%27s_Royal_Naval_Service_during_the_Second_World_War_A15236.jpg?utm_source=commons.wikimedia.org&utm_campaign=imageinfo&utm_content=original,Wikimedia Commons,Public domain,,IMAGE
25263537,File:The Women's Royal Naval Service during the Second World War A15574.jpg,1939,https://upload.wikimedia.org/wikipedia/commons/e/ef/The_Women%27s_Royal_Naval_Service_during_the_Second_World_War_A15574.jpg?utm_source=commons.wikimedia.org&utm_campaign=imageinfo&utm_content=original,Wikimedia Commons,Public domain,,IMAGE
118420155,"File:War memorial for World war I+II near Moosbrunn, Lower Austria, Austria-full PNr°0934.jpg",2022,https://upload.wikimedia.org/wikipedia/commons/1/13/War_memorial_for_World_war_I%2BII_near_Moosbrunn%2C_Lower_Austria%2C_Austria-full_PNr%C2%B00934.jpg?utm_source=commons.wikimedia.org&utm_campaign=imageinfo&utm_content=original,Wikimedia Commons,CC BY-SA 4.0,,IMAGE
889972,File:World War II 1939 09.png,2006,https://upload.wikimedia.org/wikipedia/commons/8/83/World_War_II_1939_09.png?utm_source=commons.wikimedia.org&utm_campaign=imageinfo&utm_content=original,Wikimedia Commons,CC BY-SA 3.0,,IMAGE
890006,File:World War II 1939 10.png,2006,https://upload.wikimedia.org/wikipedia/commons/1/1c/World_War_II_1939_10.png?utm_source=commons.wikimedia.org&utm_campaign=imageinfo&utm_content=original,Wikimedia Commons,CC BY-SA 3.0,,IMAGE
33753046,File:World War II Memorial 04466v.jpg,2006,https://upload.wikimedia.org/wikipedia/commons/d/d5/World_War_II_Memorial_04466v.jpg?utm_source=commons.wikimedia.org&utm_campaign=imageinfo&utm_content=original,Wikimedia Commons,Public domain,,IMAGE
